"","baseMean","log2FoldChange","lfcSE","stat","pvalue","padj","gene"
"YAL001C",32.7941680600411,2.27895065443351,1.56503895620347,1.45616225423671,0.145347771251357,0.999436863219939,"YAL001C"
"YAL002W",29.5627386420823,-0.0249589189777532,1.85432738150629,-0.0134598233443972,0.989260939023649,0.999436863219939,"YAL002W"
"YAL003W",170.279136811289,0.105405167114698,0.310611573960161,0.339347197436427,0.734348191303106,0.999436863219939,"YAL003W"
"YAL005C",318.381885027403,-0.425730389899469,0.441562761811674,-0.964144685010923,0.334973392268904,0.999436863219939,"YAL005C"
"YAL007C",38.8589505239725,0.296122751881876,0.92944491500877,0.31860172356646,0.750028546290797,0.999436863219939,"YAL007C"
"YAL008W",12.463834873687,2.0732723388623,1.73218615573773,1.19691081238281,0.231341319352945,0.999436863219939,"YAL008W"
"YAL009W",10.7428733750307,0.143955714111795,1.77316677134493,0.0811856597124284,0.93529430375977,0.999436863219939,"YAL009W"
"YAL010C",2.73119413526181,-3.57717902588851,2.74302024834736,-1.30410230403648,0.192198703437505,0.999436863219939,"YAL010C"
"YAL011W",16.2747119439268,1.60818632936431,1.48281936063941,1.08454635274713,0.278122626574848,0.999436863219939,"YAL011W"
"YAL012W",133.375215789224,-0.246253017171437,0.603456894249951,-0.40807060043205,0.683221843379503,0.999436863219939,"YAL012W"
"YAL013W",15.000437672478,0.549888706052146,1.29224915227588,0.425528393718574,0.670451527576802,0.999436863219939,"YAL013W"
"YAL014C",18.6902398308721,0.548533952154903,1.67880092586236,0.326741511578053,0.743863400252661,0.999436863219939,"YAL014C"
"YAL015C",11.1891983660095,0.489463667205992,2.09019613644274,0.234171166366712,0.814852098644684,0.999436863219939,"YAL015C"
"YAL016W",22.3847978264338,-0.0400054063291685,1.34234221359317,-0.0298026881104204,0.97622441491834,0.999436863219939,"YAL016W"
"YAL017W",28.9689661130705,-0.0879138873417354,1.51652438531413,-0.0579706387797551,0.953772016041688,0.999436863219939,"YAL017W"
"YAL019W",20.4709855116681,1.84427006146398,1.3950268744023,1.32203192304389,0.186157520985985,0.999436863219939,"YAL019W"
"YAL020C",32.9047202090773,0.945156760909359,1.62726376609645,0.580825789033971,0.561357872199668,0.999436863219939,"YAL020C"
"YAL021C",38.2281162538413,0.690757721299276,1.10676592474444,0.62412268561555,0.532547016590555,0.999436863219939,"YAL021C"
"YAL022C",19.3211061504788,0.737900157768814,1.71503478052739,0.430253757035705,0.667011061493182,0.999436863219939,"YAL022C"
"YAL023C",56.0908184961926,-0.149469413289078,1.07257785264481,-0.139355304531517,0.88916938947533,0.999436863219939,"YAL023C"
"YAL024C",9.25127334255621,-0.489391771409852,2.00478472412029,-0.244111881700714,0.807144170607154,0.999436863219939,"YAL024C"
"YAL025C",15.6012309506,0.0801002829062114,1.16652428687316,0.0686657653060257,0.945255669187382,0.999436863219939,"YAL025C"
"YAL026C",13.8460945634281,-2.97875330009209,1.9938763666458,-1.49395085368462,0.135188465234976,0.999436863219939,"YAL026C"
"YAL027W",3.55368236070156,0.876993562343286,2.38997549225016,0.366946675891475,0.713658793955116,0.999436863219939,"YAL027W"
"YAL028W",6.69652163595632,-5.31321333789462,2.53447930556723,-2.09637274458057,0.0360491382391033,0.917167301567517,"YAL028W"
"YAL029C",32.7150388312733,0.0622867214473171,1.05820672529234,0.0588606365453874,0.95306311114995,0.999436863219939,"YAL029C"
"YAL030W",67.434944019938,-0.10032198311896,0.851728177936149,-0.117786385043705,0.906236917608025,0.999436863219939,"YAL030W"
"YAL031C",15.8258833605202,1.39015793560009,2.22512085324937,0.624756149118832,0.532131114975076,0.999436863219939,"YAL031C"
"YAL032C",5.66846482972143,0.802476790275822,1.89052749773852,0.424472424355508,0.671221311908601,0.999436863219939,"YAL032C"
"YAL033W",8.13306097817279,-1.16304818120787,1.31847025827176,-0.882119390946589,0.377712247118331,0.999436863219939,"YAL033W"
"YAL034W-A",2.45405460632031,1.34250343097799,1.82643066885779,0.735042098158351,0.462313855889427,0.999436863219939,"YAL034W-A"
"YAL035W",256.882180526639,0.711101077849865,0.474887960908354,1.49740809703764,0.134287102697829,0.999436863219939,"YAL035W"
"YAL036C",32.610407002032,-0.186331684425167,1.18909446741278,-0.156700488928003,0.875480901732669,0.999436863219939,"YAL036C"
"YAL037W",0.980243865204152,-1.45384243825568,5.06665668667002,-0.28694315170014,0.774155848852479,0.999436863219939,"YAL037W"
"YAL038W",354.975613550559,-0.228994241957046,0.392945232226944,-0.582763762418653,0.56005234265048,0.999436863219939,"YAL038W"
"YAL039C",26.3197953149734,-0.380973269777417,1.27319445424097,-0.29922630318441,0.764767381135556,0.999436863219939,"YAL039C"
"YAL040C",82.6659910471913,-0.265125372495611,1.28619307662298,-0.206131861004664,0.836687911671131,0.999436863219939,"YAL040C"
"YAL041W",14.4377215727866,1.29124781212014,1.6279358008748,0.793181040324974,0.42767235219006,0.999436863219939,"YAL041W"
"YAL042W",69.335117641505,0.463772315860778,0.82288489960223,0.563593178201421,0.573031030526278,0.999436863219939,"YAL042W"
"YAL043C",22.0181012642811,1.43572278169419,1.64309877531289,0.873789697409265,0.382232792106559,0.999436863219939,"YAL043C"
"YAL044C",57.4710941233035,-0.325506429012934,0.797888093278952,-0.407960003106767,0.683303039405803,0.999436863219939,"YAL044C"
"YAL046C",7.64512180993052,0.13269546136319,1.46728132011018,0.0904362779955692,0.927940529122007,0.999436863219939,"YAL046C"
"YAL047C",4.87149831882506,1.97463137396409,2.17885901961646,0.906268536048599,0.364793734943846,0.999436863219939,"YAL047C"
"YAL048C",2.30360945411962,-0.277417874661124,3.4794436876833,-0.0797305257858148,0.936451580664521,0.999436863219939,"YAL048C"
"YAL049C",27.6121667378275,-0.850034099585149,1.4396047442663,-0.590463530334064,0.55487992903568,0.999436863219939,"YAL049C"
"YAL051W",30.4618779672316,-1.41877143869186,2.15882554026198,-0.657195967081106,0.511054918409316,0.999436863219939,"YAL051W"
"YAL053W",13.5356564631839,-0.861686993360643,2.05258021742462,-0.4198067320564,0.674626646557257,0.999436863219939,"YAL053W"
"YAL054C",1.72422590115422,-0.939617198603666,2.90724248950314,-0.323198770655092,0.746544711866337,0.999436863219939,"YAL054C"
"YAL055W",0.921607467818922,-2.42050947099028,2.78461324193319,-0.869244401534865,0.384713466065741,0.999436863219939,"YAL055W"
"YAL056W",56.8885371993584,2.08295532196918,2.00150509503758,1.04069448892913,0.298017361785622,0.999436863219939,"YAL056W"
"YAL058W",4.16517849325705,-1.61030127110104,3.21190791863243,-0.501353498261767,0.616122360538837,0.999436863219939,"YAL058W"
"YAL059W",2.68665246340091,0.490613934542624,2.02346004526069,0.242462872292305,0.808421522263329,0.999436863219939,"YAL059W"
"YAL060W",94.8870403499297,0.128852953400622,1.16818467304841,0.11030186953607,0.912169974637535,0.999436863219939,"YAL060W"
"YAL061W",66.5451717322994,1.08773223257834,1.54521065895504,0.703937826389266,0.481471493489412,0.999436863219939,"YAL061W"
"YAL062W",41.1289003953389,-0.00301221458783783,1.71510911201531,-0.00175628160723744,0.998598690741559,0.999436863219939,"YAL062W"
"YAL063C",15.0421506845333,3.70040201153185,2.62499103932243,1.40968176885168,0.158633670331348,0.999436863219939,"YAL063C"
"YAL066W",0.0595656881362765,0.461234353129291,5.07085675729683,0.0909578746166685,0.927526063435239,0.999436863219939,"YAL066W"
"YAL067C",0.492539783818887,0.128307372826279,4.54743198681618,0.0282153472989293,0.977490396723155,0.999436863219939,"YAL067C"
"YAR002W",16.2702661730389,1.20741435806769,1.65433923590479,0.729846897095039,0.46548377472001,0.999436863219939,"YAR002W"
"YAR003W",16.6357221263968,-2.971257538163,2.57204664619117,-1.1552113732319,0.248003878437176,0.999436863219939,"YAR003W"
"YAR007C",18.3171524635696,0.604900154366644,1.47080859563342,0.411270478131887,0.680874214321862,0.999436863219939,"YAR007C"
"YAR008W",1.89864396733378,0.898559682367358,3.54509914754495,0.253465317885292,0.799908658596397,0.999436863219939,"YAR008W"
"YAR014C",16.2489551534565,-1.08628090348499,1.62992329806771,-0.666461363410651,0.505116251501023,0.999436863219939,"YAR014C"
"YAR015W",53.5807659619319,0.567219285172683,1.22515675615543,0.462976906687948,0.643380920189694,0.999436863219939,"YAR015W"
"YAR018C",19.8390747228449,-2.49452524035706,1.57500465169716,-1.58382087168382,0.113234488216762,0.999436863219939,"YAR018C"
"YAR019C",5.48575152553705,-5.38593872429514,2.33154754800852,-2.31002740171245,0.0208866371272281,0.714084308869557,"YAR019C"
"YAR020C",0.583471460386533,-2.0576895974391,5.05905564723847,-0.406733932361923,0.684203415571305,0.999436863219939,"YAR020C"
"YAR023C",1.55374696915867,1.32285968819912,5.07064387716489,0.26088593879694,0.794180468666314,0.999436863219939,"YAR023C"
"YAR027W",19.1092880858533,1.05231313125597,1.48223716154717,0.709949229823355,0.477735620378272,0.999436863219939,"YAR027W"
"YAR028W",16.0611517403046,0.451897904488738,2.08707934702784,0.216521669447918,0.828581135973858,0.999436863219939,"YAR028W"
"YAR031W",5.49431114148296,1.65997667691468,2.06287864346569,0.80468944800644,0.420998910248153,0.999436863219939,"YAR031W"
"YAR033W",6.76479037885073,-3.59457336666255,2.43031787802802,-1.47905481795625,0.13912566444428,0.999436863219939,"YAR033W"
"YAR035W",2.63727218444563,0.243214972094135,3.84359595625258,0.0632779758492786,0.94954515333634,0.999436863219939,"YAR035W"
"YAR042W",32.8915983601843,0.398694736705196,1.17520403083686,0.339255760058351,0.734417066783732,0.999436863219939,"YAR042W"
"YAR047C",0.417555212166826,-0.306099443906708,5.06978577572989,-0.0603771949047766,0.951855221344544,0.999436863219939,"YAR047C"
"YAR050W",0.044891234841284,0.239303068418312,5.07085675729695,0.0471918415115859,0.962360329809776,0.999436863219939,"YAR050W"
"YAR053W",0.793703213536161,-1.74729258023458,3.9483682920533,-0.442535359163752,0.65810184916146,0.999436863219939,"YAR053W"
"YAR071W",0.848354118068477,-2.52088269216704,5.05223197693313,-0.49896416151843,0.617804631857328,0.999436863219939,"YAR071W"
"YBL001C",48.9171976172958,1.32955990015814,0.731822931392662,1.81677813460693,0.0692510921379312,0.999436863219939,"YBL001C"
"YBL002W",85.8811058436059,0.00092090227316625,0.851901783711987,0.00108099582695274,0.999137490287363,0.999808277457748,"YBL002W"
"YBL003C",134.412769057054,0.0568601480346505,0.815099029914948,0.069758576501537,0.944385817981681,0.999436863219939,"YBL003C"
"YBL004W",94.516361760796,1.01421172709466,1.01492318939238,0.99929899887483,0.317649870268234,0.999436863219939,"YBL004W"
"YBL005W",44.8013960146267,2.43718325632713,1.27975233974775,1.90441789448694,0.0568557805033947,0.999436863219939,"YBL005W"
"YBL006C",27.5417215599741,0.561932837855797,1.05555231041624,0.532359061991166,0.594477333100449,0.999436863219939,"YBL006C"
"YBL007C",67.279856446344,-1.63044225252195,0.878885988736379,-1.85512372869446,0.063578560034486,0.999436863219939,"YBL007C"
"YBL008W",9.91373199995271,-2.18879440156859,2.36201393886248,-0.92666447287042,0.35410076884777,0.999436863219939,"YBL008W"
"YBL009W",4.23735024289179,-5.25982424152954,2.29666453843225,-2.29020135658123,0.0220096468352824,0.739525902528359,"YBL009W"
"YBL010C",2.11172463967125,-4.1994496354753,2.29354466241883,-1.8309866401496,0.0671025371812314,0.999436863219939,"YBL010C"
"YBL011W",43.6907676672723,-0.082102634891563,1.19789469342762,-0.0685391089400664,0.945356488823444,0.999436863219939,"YBL011W"
"YBL012C",1.02330172264144,-0.864295576536885,2.59725020210673,-0.332773321505884,0.739305397936657,0.999436863219939,"YBL012C"
"YBL013W",0.797177592648089,-1.99218291726361,5.05627013695364,-0.394002468875978,0.693579216472576,0.999436863219939,"YBL013W"
"YBL014C",18.6598556913139,0.737781698620435,1.89279707169918,0.389783833487296,0.696696399153111,0.999436863219939,"YBL014C"
"YBL015W",23.3942935683133,0.378152591679054,2.00289841988787,0.188802681116611,0.850247470409766,0.999436863219939,"YBL015W"
"YBL016W",42.3522880765933,-0.87182712373925,1.55336651619143,-0.561250107203809,0.574627048722256,0.999436863219939,"YBL016W"
"YBL017C",52.8947583919483,0.400006424592773,1.08108557640395,0.370004404205751,0.711379208842679,0.999436863219939,"YBL017C"
"YBL018C",20.2227042007939,0.207741635429647,1.13515829031955,0.183006755270374,0.854792718194926,0.999436863219939,"YBL018C"
"YBL019W",5.82997560375202,-5.20716645120477,2.66459051989966,-1.95420887836862,0.0506765197709943,0.999436863219939,"YBL019W"
"YBL020W",9.76945882207627,1.28557794610861,2.34989746254067,0.547078315799645,0.584324928968459,0.999436863219939,"YBL020W"
"YBL021C",14.437833165123,3.53649235995919,1.67218144513832,2.11489750124973,0.0344386842123557,0.903327312249324,"YBL021C"
"YBL022C",80.58366940456,0.0850092294576776,0.941360639396391,0.0903046355456143,0.928045136571905,0.999436863219939,"YBL022C"
"YBL023C",9.10931701683108,1.43579702662728,2.31030921820759,0.621473963446857,0.534287820311394,0.999436863219939,"YBL023C"
"YBL024W",54.3213296677975,-1.54012308923193,0.868982147291791,-1.77232995410984,0.0763398017198544,0.999436863219939,"YBL024W"
"YBL025W",2.56547064593445,0.356798758876315,3.03601765823786,0.117521964310117,0.90644643964337,0.999436863219939,"YBL025W"
"YBL026W",14.4225701057518,-0.516471034169252,0.957634449960014,-0.539319605921463,0.589666342857944,0.999436863219939,"YBL026W"
"YBL027W",383.263648578746,-0.136322627885508,0.266001774892749,-0.512487662687485,0.608309752613618,0.999436863219939,"YBL027W"
"YBL028C",3.67252349502942,-0.952366354427647,1.22710523906244,-0.77610813165079,0.437685142788301,0.999436863219939,"YBL028C"
"YBL029W",5.26044610473146,-0.496811941964571,1.41600821597469,-0.350853855478937,0.725697991416465,0.999436863219939,"YBL029W"
"YBL030C",96.0001452465834,0.0249860137386103,0.691475205090491,0.0361343596338216,0.971175225182854,0.999436863219939,"YBL030C"
"YBL031W",4.19594488567707,-3.38150367328223,3.29092779146373,-1.02752290161256,0.304174307233489,0.999436863219939,"YBL031W"
"YBL032W",28.1057246865457,-0.00230123313820844,1.19364836719726,-0.00192789870237233,0.998461760343472,0.999436863219939,"YBL032W"
"YBL033C",20.9391748134539,1.51482040957415,1.77968004865232,0.851175699093366,0.394671759742155,0.999436863219939,"YBL033C"
"YBL034C",19.1839372298118,2.9725800032332,1.72428571147139,1.72394863766318,0.084717115820957,0.999436863219939,"YBL034C"
"YBL035C",3.84452502765404,-0.773328882218328,2.19335580929182,-0.352577944236059,0.724404874968694,0.999436863219939,"YBL035C"
"YBL036C",7.52716817947503,-1.10705456351169,1.33863421236893,-0.827003040324646,0.408235338239428,0.999436863219939,"YBL036C"
"YBL037W",12.1514889428845,-0.847911758511,1.79449592237569,-0.472506929627608,0.63656499669687,0.999436863219939,"YBL037W"
"YBL038W",13.3098682563278,0.846258896095843,1.89877232743027,0.445687396993582,0.655823069574603,0.999436863219939,"YBL038W"
"YBL039C",29.9633551060465,-0.434486621100011,1.11461158199102,-0.389809892629943,0.696677128053926,0.999436863219939,"YBL039C"
"YBL040C",57.5230381877975,0.96988340639626,1.12912727150565,0.858967302333383,0.390358555904521,0.999436863219939,"YBL040C"
"YBL041W",37.1612757044475,-0.122272130937813,0.739136407679166,-0.16542566387947,0.868608955091641,0.999436863219939,"YBL041W"
"YBL042C",13.3132878699861,1.0964209681225,2.21214193656462,0.495637712029094,0.620150040634253,0.999436863219939,"YBL042C"
"YBL043W",0.0287008432991061,0.461241081079202,5.07085675729695,0.0909592014042749,0.927525009182083,0.999436863219939,"YBL043W"
"YBL045C",31.1134600656382,-4.63976112256389,1.19833935544126,-3.87182570738102,0.000108023186656456,0.0165136984319433,"YBL045C"
"YBL046W",10.9950434416147,-3.92692353879296,2.10386398665464,-1.86652918805705,0.0619673643355426,0.999436863219939,"YBL046W"
"YBL047C",98.4105960202601,0.305714655627478,0.881848391616613,0.346674846304407,0.728835609377272,0.999436863219939,"YBL047C"
"YBL048W",2.17652566440022,-2.42384307631615,2.73982872093227,-0.884669562662077,0.376334876430189,0.999436863219939,"YBL048W"
"YBL049W",4.43552683363898,-3.15189778311991,2.86787330479856,-1.09903661986955,0.2717520932316,0.999436863219939,"YBL049W"
"YBL050W",51.6627797192727,0.90628666109128,1.01919453591642,0.889218524191145,0.37388564917961,0.999436863219939,"YBL050W"
"YBL051C",82.2647260965329,-0.805223300793709,0.889657506372413,-0.9050935837961,0.365415810983457,0.999436863219939,"YBL051C"
"YBL052C",24.1396705152784,1.92831941752112,1.766205625622,1.09178647692396,0.274926964354642,0.999436863219939,"YBL052C"
"YBL053W",0.436541616491524,-0.661473691441996,3.14649745773164,-0.210225401522766,0.833491754973216,0.999436863219939,"YBL053W"
"YBL054W",12.7496410320269,2.53010265633931,2.49684816318287,1.01331858846957,0.310908011522547,0.999436863219939,"YBL054W"
"YBL055C",28.2867068432831,-0.685099770244326,1.78022416585988,-0.384839046330668,0.70035666810071,0.999436863219939,"YBL055C"
"YBL056W",115.159394759411,-0.150504149608531,0.740178550332414,-0.203334924446189,0.838873259894889,0.999436863219939,"YBL056W"
"YBL057C",20.0002146757135,0.907345957571914,1.0220341551974,0.887784378787872,0.374656747298764,0.999436863219939,"YBL057C"
"YBL058W",38.7314685064857,-0.60460573887733,1.14658354156192,-0.527310672935102,0.597977863794055,0.999436863219939,"YBL058W"
"YBL059W",1.84101799687025,1.77791625810103,2.86824515837319,0.619862027104205,0.535348627751663,0.999436863219939,"YBL059W"
"YBL060W",11.8918570505971,-3.78528151790681,1.54956690152681,-2.44279967142892,0.0145738245234,0.63422731247088,"YBL060W"
"YBL061C",8.70452356905975,-0.292941457437641,2.1837995404108,-0.134143016342304,0.893289484886824,0.999436863219939,"YBL061C"
"YBL063W",23.1868174351491,-1.21168641356492,1.92010357670747,-0.631052630839154,0.528006112146214,0.999436863219939,"YBL063W"
"YBL064C",69.3575456849967,-0.550855681017531,0.866880568579943,-0.635445874533675,0.52513765675276,0.999436863219939,"YBL064C"
"YBL065W",0.139713775277965,0.0761318300679766,3.41721739879634,0.0222788957163781,0.982225483482819,0.999436863219939,"YBL065W"
"YBL066C",2.15635632446817,-0.961307300501518,2.98453596502839,-0.322096068456114,0.747379916624571,0.999436863219939,"YBL066C"
"YBL067C",25.1827552504997,0.0477483756100703,1.35149472592494,0.0353300495326699,0.971816562220168,0.999436863219939,"YBL067C"
"YBL068W",15.7761832087295,-0.816282118041579,1.73616784630204,-0.470163135309886,0.63823846990549,0.999436863219939,"YBL068W"
"YBL069W",8.95603602269879,-1.36071389311964,2.00542410744399,-0.678516772621198,0.497444092874222,0.999436863219939,"YBL069W"
"YBL070C",0.251966289592172,0.689732195673566,3.836264494663,0.179792659404251,0.857315346657687,0.999436863219939,"YBL070C"
"YBL071C",4.34359513711603,-1.16725769318777,1.51709565300912,-0.769402832888318,0.441654207384617,0.999436863219939,"YBL071C"
"YBL072C",185.731037516093,-0.369925326362457,0.277149057072289,-1.33475224585003,0.181957447705957,0.999436863219939,"YBL072C"
"YBL074C",2.14087830845446,-0.89906646657608,4.03462685311953,-0.222837575643689,0.823661922072372,0.999436863219939,"YBL074C"
"YBL075C",6.05792442178952,-19.1300010847794,2.67099683798853,-7.16212045357036,7.94385716937523e-13,2.05918593233979e-10,"YBL075C"
"YBL076C",127.27218345994,0.408641849367491,0.662042308760284,0.617244311972597,0.537073591973694,0.999436863219939,"YBL076C"
"YBL077W",2.65076659061625,-0.808075380946088,0.665846587306368,-1.21360595120731,0.224898233408005,0.999436863219939,"YBL077W"
"YBL078C",12.7511674811831,0.115892838399327,1.28515928939557,0.0901778008030691,0.928145924834594,0.999436863219939,"YBL078C"
"YBL079W",88.4401120362232,2.02736698514672,0.912252638439371,2.22237448237478,0.0262580083593226,0.777648017126951,"YBL079W"
"YBL080C",10.6815434069409,-0.996053356826632,1.81742291853487,-0.54805810286007,0.583652007650653,0.999436863219939,"YBL080C"
"YBL081W",18.5074336356964,1.24346309344071,1.4477178339571,0.85891260318449,0.390388735555115,0.999436863219939,"YBL081W"
"YBL082C",17.8524973127558,-0.492798991140997,1.90385834057655,-0.258842257660705,0.795756951751491,0.999436863219939,"YBL082C"
"YBL083C",0.412616498479109,1.30494040656475,2.61311009547454,0.499382099829885,0.617510227091183,0.999436863219939,"YBL083C"
"YBL084C",7.79495626306512,0.402173333938962,2.1391519325689,0.188005969943422,0.850871971295286,0.999436863219939,"YBL084C"
"YBL085W",22.158034834352,-0.77372748387073,1.42873385198106,-0.541547666696559,0.5881301520624,0.999436863219939,"YBL085W"
"YBL086C",15.2134283943136,2.29573395443328,1.97197529751761,1.16417987452644,0.244351124393636,0.999436863219939,"YBL086C"
"YBL087C",184.069061422011,0.276880030221317,0.435922603172029,0.635158691489211,0.525324921607059,0.999436863219939,"YBL087C"
"YBL088C",24.5082427089347,-0.0431216650021785,1.58729360878072,-0.0271667855043545,0.97832670725089,0.999436863219939,"YBL088C"
"YBL089W",9.2981109446284,2.49196947627744,1.8525945638675,1.34512403570654,0.178585182424399,0.999436863219939,"YBL089W"
"YBL090W",7.21306855766457,-2.22983801456755,1.54045906847074,-1.44751526360332,0.147752664618362,0.999436863219939,"YBL090W"
"YBL091C",67.0971130085462,0.134961746087999,0.91702410957945,0.147173607191083,0.882994992139239,0.999436863219939,"YBL091C"
"YBL092W",358.229085275666,0.098852246210333,0.199825409079368,0.494693075649205,0.620816790062754,0.999436863219939,"YBL092W"
"YBL093C",2.16383578063364,-0.313369568516321,2.31052125594152,-0.135627217326173,0.892115987946125,0.999436863219939,"YBL093C"
"YBL094C",0.415374939752666,-0.253788179132798,2.13731919724785,-0.118741355741151,0.905480271164315,0.999436863219939,"YBL094C"
"YBL095W",2.63011482364021,-2.5699428148435,1.7493886720858,-1.46905193559952,0.141818703039151,0.999436863219939,"YBL095W"
"YBL097W",10.0495982878191,2.59064110965957,1.86329110470321,1.39035768652597,0.164420288691094,0.999436863219939,"YBL097W"
"YBL098W",0.323911477562739,-0.495166507052543,5.06083086567375,-0.0978429274155601,0.922057019746458,0.999436863219939,"YBL098W"
"YBL099W",85.0813184485656,-0.123313394039953,0.671697355661546,-0.183584754354889,0.854339224098429,0.999436863219939,"YBL099W"
"YBL100C",5.06192891208437,-0.0666001262365748,0.514031941797886,-0.129564178450921,0.896911245749847,0.999436863219939,"YBL100C"
"YBL101C",39.4062945080371,1.76051619030383,1.51295041536973,1.16363112261918,0.244573533184092,0.999436863219939,"YBL101C"
"YBL102W",30.5246625615671,-0.278637349580798,1.13061428201317,-0.246447753237874,0.805335644134774,0.999436863219939,"YBL102W"
"YBL103C",5.29251719595769,-2.37493989022666,2.49344397119949,-0.952473734183882,0.340856780540032,0.999436863219939,"YBL103C"
"YBL104C",10.2955065369501,-0.315502568488497,2.11363490117633,-0.149270135685641,0.881340479503285,0.999436863219939,"YBL104C"
"YBL105C",45.6762526873486,1.01047735750503,1.21493047569005,0.83171619917683,0.405569154813079,0.999436863219939,"YBL105C"
"YBL106C",9.991795706292,-2.94665527463361,2.30741614929617,-1.27703677359302,0.201589264782412,0.999436863219939,"YBL106C"
"YBL107C",17.4262394489757,0.618531923968552,1.29941429989703,0.476008247729431,0.634068502018415,0.999436863219939,"YBL107C"
"YBR001C",24.7907965685601,-1.0434390885877,1.55510850126877,-0.67097510413993,0.502236389491341,0.999436863219939,"YBR001C"
"YBR002C",7.35544677273212,0.665437470297889,2.30826395439089,0.288284825066068,0.773128722154066,0.999436863219939,"YBR002C"
"YBR003W",20.2887303861103,-1.47104466639836,1.62130623395823,-0.907320674890007,0.364237244068533,0.999436863219939,"YBR003W"
"YBR004C",34.7960473591745,2.36103564821142,1.85963379546133,1.26962397326496,0.204218605744432,0.999436863219939,"YBR004C"
"YBR005W",4.50930272407215,-3.82944176093869,3.11066055321756,-1.23107028086933,0.218296579648255,0.999436863219939,"YBR005W"
"YBR006W",37.0212114609094,-0.622287291508052,1.68247707938003,-0.369863755729354,0.711484008105444,0.999436863219939,"YBR006W"
"YBR007C",9.41089296663282,-1.38535978846748,2.26005494229926,-0.612976154932804,0.539892106558844,0.999436863219939,"YBR007C"
"YBR008C",50.0515540085685,0.0226024453497034,1.64861754418836,0.0137099386266879,0.989061394315745,0.999436863219939,"YBR008C"
"YBR009C",136.065420924398,1.02934863605127,0.936283870976885,1.09939802228707,0.271594493045782,0.999436863219939,"YBR009C"
"YBR010W",91.2047486352538,0.44820335121666,0.804663788970907,0.557006985227796,0.577522656644824,0.999436863219939,"YBR010W"
"YBR011C",218.169784436279,0.0287827722431707,0.405908086583964,0.0709095807511508,0.943469718235515,0.999436863219939,"YBR011C"
"YBR012C",3.95572741886627,4.19640597201472,2.7583402491971,1.52135182497381,0.128171571371566,0.999436863219939,"YBR012C"
"YBR013C",14.9373994285254,0.824179773047703,1.77195809448563,0.465123738316705,0.641842847334644,0.999436863219939,"YBR013C"
"YBR014C",24.0543917685769,0.451417507886052,1.06404464007102,0.424246775826924,0.671385850759169,0.999436863219939,"YBR014C"
"YBR015C",34.7103686146234,-1.20977431417854,1.20176677752196,-1.00666313697995,0.314096682488004,0.999436863219939,"YBR015C"
"YBR016W",39.8941230358322,0.614419879345484,0.907461782787727,0.6770752124216,0.498358235106736,0.999436863219939,"YBR016W"
"YBR017C",46.09689842872,0.0272405867538903,1.16619940143984,0.023358429716443,0.981364364230976,0.999436863219939,"YBR017C"
"YBR018C",0.136036616893983,-1.61545445309467,5.06545896021225,-0.318915712432696,0.749790429180923,0.999436863219939,"YBR018C"
"YBR019C",1.03110084545423,-2.75186001841937,5.05532595847884,-0.544348681177308,0.586201553273463,0.999436863219939,"YBR019C"
"YBR020W",0.903747203825872,-1.06512158571888,5.06944500293176,-0.210106152666198,0.833584823527185,0.999436863219939,"YBR020W"
"YBR021W",21.3861718640607,-2.15278350211706,2.21708006023828,-0.970999442341151,0.331548556276234,0.999436863219939,"YBR021W"
"YBR022W",4.45984973384125,1.60450607377585,2.2874361168019,0.701443009485718,0.48302658896914,0.999436863219939,"YBR022W"
"YBR023C",39.5936448746789,0.511606502926409,1.37928218015467,0.370922288627727,0.710695413577943,0.999436863219939,"YBR023C"
"YBR024W",15.6769513133896,-2.53993042216702,1.95014063794721,-1.30243448741248,0.192767899592957,0.999436863219939,"YBR024W"
"YBR025C",181.93682977995,0.138918531815217,0.457346164165106,0.303749200714988,0.761318971066627,0.999436863219939,"YBR025C"
"YBR026C",32.1204691566267,0.869301753340244,1.40299145604686,0.619605878277858,0.535517295735195,0.999436863219939,"YBR026C"
"YBR027C",1.1763730341057,-1.87915676201143,2.0187316525033,-0.930860106979158,0.351925932677479,0.999436863219939,"YBR027C"
"YBR028C",11.696384960217,-1.0645445187132,2.42581341430119,-0.438840230842679,0.660777307225796,0.999436863219939,"YBR028C"
"YBR029C",12.3631147718646,-1.99887763336086,1.69104531146994,-1.18203670818456,0.237191135810046,0.999436863219939,"YBR029C"
"YBR030W",8.62963383244842,-1.37825380853334,2.69421860608985,-0.511559754437899,0.608959158121247,0.999436863219939,"YBR030W"
"YBR031W",360.744529424633,-0.00526753639369906,0.300171944258425,-0.0175483968254012,0.98599912369604,0.999436863219939,"YBR031W"
"YBR032W",0.151529165007462,0.800674206669557,5.07085675729491,0.157897224274322,0.874537785335697,0.999436863219939,"YBR032W"
"YBR033W",1.51931818360345,2.35948301647128,3.78396963553221,0.623547026993896,0.532925108944812,0.999436863219939,"YBR033W"
"YBR034C",24.6935583480949,0.54149091819739,1.22831971877123,0.440838740860628,0.659329744825765,0.999436863219939,"YBR034C"
"YBR035C",41.3831462296676,0.599003520519608,0.858509609423626,0.697724887344893,0.485349260959143,0.999436863219939,"YBR035C"
"YBR036C",31.9171092478924,0.842458753136347,1.25815182708776,0.669600230272991,0.503112667233842,0.999436863219939,"YBR036C"
"YBR037C",21.8581819054542,0.351106113964814,1.83298213698279,0.191549119263518,0.848095401289691,0.999436863219939,"YBR037C"
"YBR038W",45.314314862516,0.612445893375472,1.25208129056067,0.489142276937328,0.624740972383227,0.999436863219939,"YBR038W"
"YBR039W",52.2439714990925,-0.474770660685758,0.882339109521103,-0.538081850348267,0.590520542006568,0.999436863219939,"YBR039W"
"YBR041W",19.065612160137,0.0661946861062759,1.67937988113045,0.0394161480973071,0.968558605594141,0.999436863219939,"YBR041W"
"YBR042C",6.65206804201198,0.549116199565513,1.90708644550333,0.287934614007803,0.773396790248991,0.999436863219939,"YBR042C"
"YBR043C",9.00881713187807,0.797074578509485,2.1822262932681,0.36525752666823,0.714919180120036,0.999436863219939,"YBR043C"
"YBR044C",4.58640501446946,0.331399564797178,3.03356660251096,0.109244202689623,0.913008801408635,0.999436863219939,"YBR044C"
"YBR045C",3.21906597739324,0.630965638463829,2.89150471168034,0.218213595127485,0.827262692933496,0.999436863219939,"YBR045C"
"YBR046C",32.0264875853006,-2.52626121739343,1.17713312946639,-2.14611342944584,0.0318639300965151,0.863512505615558,"YBR046C"
"YBR047W",20.7048710608649,0.909591372582639,1.07709471640692,0.844485966486721,0.398397902057847,0.999436863219939,"YBR047W"
"YBR048W",323.660545997691,-0.326513450550509,0.297521195879007,-1.09744601417672,0.272446468005956,0.999436863219939,"YBR048W"
"YBR049C",39.086394266566,0.194274710039985,1.35612067039134,0.143257686636339,0.886086672245808,0.999436863219939,"YBR049C"
"YBR050C",4.50245898075958,4.75756629552985,3.80652953795712,1.24984352494559,0.211356712975065,0.999436863219939,"YBR050C"
"YBR051W",0.345886472891085,0.461199678458295,5.07085675729407,0.0909510365866461,0.92753149687264,0.999436863219939,"YBR051W"
"YBR052C",34.6757440282553,0.134906552663651,0.883474813331158,0.152699941897589,0.878634906586594,0.999436863219939,"YBR052C"
"YBR053C",48.9176668522458,0.751423629960064,1.40743793745924,0.533894681932874,0.593414401643469,0.999436863219939,"YBR053C"
"YBR054W",41.5615777131196,-0.0372408117736742,1.36746455839124,-0.0272334749337023,0.978273516465018,0.999436863219939,"YBR054W"
"YBR055C",19.8585795283178,-1.11350403957381,1.09041360674673,-1.0211758480307,0.307171132882913,0.999436863219939,"YBR055C"
"YBR056W",31.953978358615,-0.179526654664673,1.3756679796447,-0.130501441714911,0.896169713574359,0.999436863219939,"YBR056W"
"YBR057C",7.20479243605387,-2.87363492810594,2.03470151800281,-1.41231276562206,0.157857889270264,0.999436863219939,"YBR057C"
"YBR058C",6.20016955499799,3.93193601882,1.68503691662347,2.33344206291867,0.0196249557903144,0.698347371448426,"YBR058C"
"YBR059C",75.892413183418,0.940370726796602,1.03613338831228,0.907576898306826,0.364101804333355,0.999436863219939,"YBR059C"
"YBR060C",20.879086771497,-2.21185350624037,1.46442807049512,-1.51038726367253,0.130944636583057,0.999436863219939,"YBR060C"
"YBR061C",5.37325455788547,-0.349168962088808,2.31637401165711,-0.150739457588292,0.880181246197201,0.999436863219939,"YBR061C"
"YBR062C",12.5885143355311,-1.67079726302347,1.44703802295236,-1.15463259190286,0.248240914192309,0.999436863219939,"YBR062C"
"YBR063C",10.9694523306312,0.535819255791356,1.86863742256427,0.286743297186068,0.774308882650688,0.999436863219939,"YBR063C"
"YBR065C",50.4612873897031,-6.17157353956311,1.87499268325083,-3.29151873214936,0.00099647980104325,0.116490442623919,"YBR065C"
"YBR066C",5.87808722116263,5.5943980113476,1.84470370558268,3.03268107198848,0.00242391627254853,0.229387124078323,"YBR066C"
"YBR067C",66.3579250008604,-1.06121203719538,1.43472155594364,-0.7396641061111,0.459503832870646,0.999436863219939,"YBR067C"
"YBR068C",95.2681326236903,0.653551966070605,0.928837809548539,0.703623344519388,0.481667369432631,0.999436863219939,"YBR068C"
"YBR069C",25.4843436424921,-0.346351035514532,1.34567341052759,-0.257381198740294,0.796884515344963,0.999436863219939,"YBR069C"
"YBR070C",9.36683965938831,-1.09562401617537,2.25555870400236,-0.48574395968114,0.627148711708972,0.999436863219939,"YBR070C"
"YBR071W",1.82354208412907,-3.53782608963814,3.27582634498985,-1.07997974161512,0.280151201476772,0.999436863219939,"YBR071W"
"YBR072W",174.25834691783,0.0849629577935381,1.755745773251,0.0483913782325203,0.961404330430367,0.999436863219939,"YBR072W"
"YBR073W",20.7299380357576,0.0708245131091192,1.42047450565876,0.0498597566003296,0.960234146972905,0.999436863219939,"YBR073W"
"YBR074W",11.1111819737994,4.03515580821046,1.90478422197728,2.11843197862156,0.034138499986679,0.902069115957202,"YBR074W"
"YBR076W",1.08701233857817,-3.36467550439918,2.99208770102439,-1.12452435911128,0.260790642593303,0.999436863219939,"YBR076W"
"YBR077C",19.3231417851688,0.557403068063557,1.27125254035975,0.438467613921792,0.661047342036985,0.999436863219939,"YBR077C"
"YBR078W",145.932193214543,-0.687807222310779,0.715766883913041,-0.960937475272104,0.336583606558485,0.999436863219939,"YBR078W"
"YBR079C",47.7661171806085,0.152811033307361,0.796800305562044,0.191780841750019,0.847913878467188,0.999436863219939,"YBR079C"
"YBR080C",42.5881367722877,1.39733041681479,1.24087211166247,1.12608737329321,0.260128538071015,0.999436863219939,"YBR080C"
"YBR081C",22.7186590174552,1.860968601007,1.31740976290745,1.4125966372831,0.157774358359916,0.999436863219939,"YBR081C"
"YBR082C",465.953050007806,-0.00957670984305324,0.401347565186589,-0.0238613876693159,0.980963173682837,0.999436863219939,"YBR082C"
"YBR083W",4.74683927793757,1.22958592500467,2.15980772311934,0.569303420782672,0.569150245758128,0.999436863219939,"YBR083W"
"YBR084W",71.942198549138,-0.831378879220765,1.05704001395281,-0.786515995843733,0.431565251632108,0.999436863219939,"YBR084W"
"YBR085W",1.72887401091699,-2.65004109301315,3.19426958656946,-0.829623493319235,0.40675168963821,0.999436863219939,"YBR085W"
"YBR086C",153.140025768653,1.28473176358922,0.880631796952523,1.45887505769734,0.144599499255758,0.999436863219939,"YBR086C"
"YBR087W",11.7856371900541,-0.0532349126288536,1.95876723366301,-0.0271777635004141,0.97831795131032,0.999436863219939,"YBR087W"
"YBR088C",2.99088636816377,-0.589946864324699,1.78383158315776,-0.330718925427012,0.740856805573325,0.999436863219939,"YBR088C"
"YBR090C",1.04916634493358,-0.175991462190658,1.79860008743131,-0.0978491346800737,0.922052090717383,0.999436863219939,"YBR090C"
"YBR091C",9.54646294705762,-2.08568777369093,1.42632389625979,-1.46228200982973,0.143663946313494,0.999436863219939,"YBR091C"
"YBR092C",14.0765372300325,0.280279709947555,2.0942089669382,0.133835598248504,0.89353257707981,0.999436863219939,"YBR092C"
"YBR093C",9.21212398461683,-20.8777606679808,2.21124580889469,-9.4416281464505,3.67031256470998e-21,2.43137816786677e-18,"YBR093C"
"YBR094W",11.0132438511582,3.70925330846179,1.98146898004067,1.87197142414294,0.0612105570288355,0.999436863219939,"YBR094W"
"YBR095C",1.3432951065261,-0.498372834492616,3.47998559333775,-0.14321117749646,0.886123402450982,0.999436863219939,"YBR095C"
"YBR096W",17.906031106086,-0.694009890724749,1.47169549386591,-0.471571662492284,0.637232557358658,0.999436863219939,"YBR096W"
"YBR097W",8.11461342966495,-1.27223645399401,2.48220323731605,-0.512543225658527,0.608270876127498,0.999436863219939,"YBR097W"
"YBR098W",4.44215488115331,-0.0424343069413151,2.13889473966507,-0.0198393619631604,0.984171517749408,0.999436863219939,"YBR098W"
"YBR101C",23.8937372964051,1.69512215520896,1.47609799456556,1.14838050146383,0.250811519482869,0.999436863219939,"YBR101C"
"YBR102C",22.6944168566074,2.57185545253102,1.7002438709925,1.51263915512881,0.130371342615818,0.999436863219939,"YBR102C"
"YBR103W",1.93857531502427,-2.01749867945513,2.837651207048,-0.710974863451922,0.477099812562902,0.999436863219939,"YBR103W"
"YBR104W",12.3050997048556,-0.689674531246837,1.88302385481072,-0.366259051623201,0.714171781911214,0.999436863219939,"YBR104W"
"YBR105C",5.45132561343573,-1.87359033235693,3.18735623587568,-0.587819557559491,0.556653415215595,0.999436863219939,"YBR105C"
"YBR106W",69.5666044775492,-0.18251259423119,0.605525148176428,-0.301412079714338,0.763100284095362,0.999436863219939,"YBR106W"
"YBR107C",7.79627104700782,-0.447439315582954,2.64767375507108,-0.168993371908444,0.865801854868904,0.999436863219939,"YBR107C"
"YBR108W",6.9655840848052,-3.64525974773631,1.60842031038106,-2.26636018222916,0.023429339418681,0.755166744797931,"YBR108W"
"YBR109C",68.5032762838695,1.04250454376205,0.543418396687342,1.91841967463214,0.055057818302934,0.999436863219939,"YBR109C"
"YBR110W",35.2074978567209,0.995122162076737,1.3826573972931,0.719717092625361,0.471699200081482,0.999436863219939,"YBR110W"
"YBR111C",57.2077411198106,0.166160513013568,0.752021867065858,0.22095170405333,0.825130038132433,0.999436863219939,"YBR111C"
"YBR112C",34.1527096698414,1.30755895698733,1.21010436421066,1.08053403959107,0.279904437189236,0.999436863219939,"YBR112C"
"YBR113W",1.77165316715788,0.871046907030087,1.40044920266933,0.62197679528099,0.533957126400962,0.999436863219939,"YBR113W"
"YBR114W",19.8122564183753,0.28062239196033,1.86849336610624,0.150186453455342,0.880617513248835,0.999436863219939,"YBR114W"
"YBR115C",0.0971036444350241,0.239299101998732,5.07085675729694,0.0471910593124884,0.962360953219795,0.999436863219939,"YBR115C"
"YBR116C",34.2454124562334,-0.37625578569855,1.03837324429058,-0.362351194782191,0.717089605772107,0.999436863219939,"YBR116C"
"YBR117C",181.09055540931,-0.374732879299117,1.17041011827183,-0.320172282731482,0.748837733325261,0.999436863219939,"YBR117C"
"YBR118W",1126.8892566107,-0.399991862027182,0.21224336358044,-1.88459066648548,0.0594851234015264,0.999436863219939,"YBR118W"
"YBR119W",3.54778216628117,2.16536696726339,2.47197272922091,0.875967174583616,0.381047879041221,0.999436863219939,"YBR119W"
"YBR120C",5.81895323877833,0.459456271365989,1.11838269800737,0.410822048825152,0.681203024353498,0.999436863219939,"YBR120C"
"YBR121C",161.814586112335,0.238518442415794,0.350540747267376,0.680430004999857,0.496232227651966,0.999436863219939,"YBR121C"
"YBR122C",25.865672495283,-0.988631798162427,0.759041670264564,-1.30247368081628,0.192754509383677,0.999436863219939,"YBR122C"
"YBR123C",12.2065200759501,1.71506243282702,1.75115012585741,0.9793920050043,0.327386325935339,0.999436863219939,"YBR123C"
"YBR125C",11.1745423341187,-0.404936659416211,1.88004477317721,-0.215386710568537,0.829465830298742,0.999436863219939,"YBR125C"
"YBR126C",281.431735471358,0.396204417800469,0.844404717358373,0.469211516297482,0.638918454595736,0.999436863219939,"YBR126C"
"YBR127C",169.013546059015,0.0612491923831393,0.550997159490478,0.111160631825721,0.911488969352652,0.999436863219939,"YBR127C"
"YBR128C",5.47270340513394,4.68306046623304,3.05730355029337,1.53176169431513,0.125581251902276,0.999436863219939,"YBR128C"
"YBR129C",11.7262473548076,-1.67979117947738,2.07664352482606,-0.808897222559212,0.41857426664689,0.999436863219939,"YBR129C"
"YBR130C",20.33486579526,-0.801090740797205,1.36209388372161,-0.588131809687309,0.556443823399595,0.999436863219939,"YBR130C"
"YBR131W",1.00590488323049,-0.260136874738906,3.4273850487347,-0.0758995184491867,0.939499039977959,0.999436863219939,"YBR131W"
"YBR132C",2.48364595195785,-0.98936622716162,3.26211280790619,-0.303290010315937,0.76166885850591,0.999436863219939,"YBR132C"
"YBR133C",39.525194960488,0.541444014321274,1.77830190442435,0.304472493098152,0.760767945908525,0.999436863219939,"YBR133C"
"YBR134W",0.638531665734123,2.10897134707224,2.47369689034395,0.852558514870833,0.393904176479363,0.999436863219939,"YBR134W"
"YBR135W",28.0412452293974,-2.30105550926644,1.32716996370433,-1.73380619829871,0.0829524755180907,0.999436863219939,"YBR135W"
"YBR136W",15.1657759478408,1.42863938211988,2.07875549501934,0.687257056225647,0.491920755259573,0.999436863219939,"YBR136W"
"YBR137W",13.5763006788399,-2.30205935569919,1.59549267245715,-1.442851725639,0.14906224445073,0.999436863219939,"YBR137W"
"YBR138C",10.7528760619075,2.34283921413815,1.68651442792388,1.38916049299514,0.164783952162749,0.999436863219939,"YBR138C"
"YBR139W",37.5013666857759,0.14046136045511,1.370596943605,0.102481886531618,0.918374189598907,0.999436863219939,"YBR139W"
"YBR140C",158.741964839389,-0.0242181177279202,0.936729168197335,-0.0258539165322738,0.979373857026477,0.999436863219939,"YBR140C"
"YBR141C",4.09003704975837,-2.87715678485962,2.58723954664721,-1.11205658887988,0.266113820155673,0.999436863219939,"YBR141C"
"YBR142W",29.4636753093451,-0.857114875919994,1.20831297878095,-0.709348398115136,0.478108301367159,0.999436863219939,"YBR142W"
"YBR143C",61.7443586022777,0.922168998219109,0.675156419287543,1.36585977985994,0.171982978810266,0.999436863219939,"YBR143C"
"YBR145W",11.5416223067484,-0.986587056047199,2.58787435966439,-0.381234526460993,0.703029231730893,0.999436863219939,"YBR145W"
"YBR146W",18.1430110980759,-0.406375495529266,1.30955122603732,-0.310316608811823,0.756320202146234,0.999436863219939,"YBR146W"
"YBR147W",0.72804205993657,0.017328587281355,4.33397521980629,0.00399831249661125,0.99680981668967,0.999436863219939,"YBR147W"
"YBR148W",0.489076354647325,-0.976258611544619,4.64201770526373,-0.210309109859191,0.833426425645444,0.999436863219939,"YBR148W"
"YBR149W",57.2731412160072,0.127786048085956,0.803045928282054,0.159126699464533,0.873569053095678,0.999436863219939,"YBR149W"
"YBR150C",8.05635043056812,1.75502733022852,1.14496951956698,1.5328157651675,0.125321255112659,0.999436863219939,"YBR150C"
"YBR151W",33.6516237156353,0.405795251825148,1.11333348593941,0.364486703175684,0.715494601271475,0.999436863219939,"YBR151W"
"YBR152W",0.925763145233216,-4.02107967210498,4.2930380889205,-0.936651291886416,0.348937958775137,0.999436863219939,"YBR152W"
"YBR153W",6.17351629445933,-0.71096495049641,2.21940492488169,-0.320340350030677,0.748710338505405,0.999436863219939,"YBR153W"
"YBR154C",24.165679792645,0.588309396587296,0.973014191549876,0.604625710186407,0.545427719679196,0.999436863219939,"YBR154C"
"YBR155W",12.2710895943242,2.37588188847204,1.57730446123961,1.50629250525598,0.131992101264723,0.999436863219939,"YBR155W"
"YBR156C",7.77624044235824,0.28601111751722,2.61393974728103,0.109417639719784,0.912871243275265,0.999436863219939,"YBR156C"
"YBR157C",3.33823193927114,1.5254683676738,3.05440852861813,0.499431675030042,0.617475309325692,0.999436863219939,"YBR157C"
"YBR158W",35.6448746647339,-0.85748862360796,1.98773470272528,-0.431389874328954,0.666184911183314,0.999436863219939,"YBR158W"
"YBR159W",13.4313646005305,0.487935947018056,1.16875804389661,0.417482428947647,0.676325573896937,0.999436863219939,"YBR159W"
"YBR160W",29.7222493793886,0.936802396334932,1.51818023800283,0.617056112894277,0.537197714821574,0.999436863219939,"YBR160W"
"YBR161W",18.9632178271284,0.0648268281762327,1.97559905147365,0.032813757491874,0.973823107229199,0.999436863219939,"YBR161W"
"YBR162C",67.3815456103799,-0.336147492074947,0.780001124656572,-0.430957701789148,0.666499126392108,0.999436863219939,"YBR162C"
"YBR163W",26.4182031252886,-5.70552143750478,1.7807654841762,-3.20397126303478,0.00135546005210985,0.149652830197758,"YBR163W"
"YBR164C",29.3704717118788,-1.66767900250155,0.996765083559825,-1.6730913130962,0.0943093213964425,0.999436863219939,"YBR164C"
"YBR165W",3.57275632431534,-0.373212110589031,2.74670310396585,-0.135876393065623,0.891918997979431,0.999436863219939,"YBR165W"
"YBR166C",15.9359821628975,2.47298221533393,1.91157273246273,1.29368983629931,0.195772577431763,0.999436863219939,"YBR166C"
"YBR167C",6.02022471138123,-0.943999272611023,1.87308424035094,-0.503981215726932,0.614274577095807,0.999436863219939,"YBR167C"
"YBR168W",5.10993946920327,-2.67843903119304,2.13607812747928,-1.25390499379992,0.20987653971059,0.999436863219939,"YBR168W"
"YBR169C",46.704805175116,-0.223983675492491,1.34165170675959,-0.166946215894932,0.867412368367374,0.999436863219939,"YBR169C"
"YBR170C",21.148571694968,-0.011853215772102,1.57393442673266,-0.00753094637920097,0.993991230953898,0.999436863219939,"YBR170C"
"YBR171W",16.8571686764356,-1.04486223915078,1.10312752804214,-0.94718172884801,0.34354618405658,0.999436863219939,"YBR171W"
"YBR172C",37.3657376945897,1.49080538379878,1.54385440788791,0.965638583652644,0.334225061392898,0.999436863219939,"YBR172C"
"YBR173C",29.6326862701271,-1.69114155842193,0.931498729859004,-1.81550602723625,0.0694461805643382,0.999436863219939,"YBR173C"
"YBR175W",15.9269675414966,-23.8093783672077,2.57989118093206,-9.22883048059641,2.73602817362856e-20,1.35934999759779e-17,"YBR175W"
"YBR176W",6.70341073820661,-0.376051162237387,2.13047738171732,-0.176510281434794,0.85989307207759,0.999436863219939,"YBR176W"
"YBR177C",25.5431077872099,-0.134868361917223,1.0673950355916,-0.126352809803423,0.89945265500691,0.999436863219939,"YBR177C"
"YBR178W",0.130236991399084,0.12831949558671,5.07085675729676,0.0253052889735179,0.979811455292541,0.999436863219939,"YBR178W"
"YBR179C",15.1996418640737,-0.602141617321027,1.59599410991734,-0.377283107487292,0.70596322449497,0.999436863219939,"YBR179C"
"YBR180W",0.0711327002188477,-0.865989050123799,5.07008062117874,-0.170803802706093,0.864378038889842,0.999436863219939,"YBR180W"
"YBR181C",130.825302344437,-0.373915717546113,0.40073563429027,-0.933073292092786,0.350782127748431,0.999436863219939,"YBR181C"
"YBR182C",0.565724215529088,0.461197375860629,5.07085675729284,0.0909505825021268,0.927531857684251,0.999436863219939,"YBR182C"
"YBR183W",26.774846014495,1.37984133876748,1.6750097154367,0.823781095745906,0.410063950881455,0.999436863219939,"YBR183W"
"YBR184W",1.91845077261392,-2.34206897903716,2.96260230347901,-0.790544507538811,0.42920984020939,0.999436863219939,"YBR184W"
"YBR185C",9.55192238765626,0.110688315196435,2.26669326368144,0.0488325072341995,0.961052776041724,0.999436863219939,"YBR185C"
"YBR186W",0.997329194120368,-0.464299868410533,4.10059035409077,-0.113227566842258,0.909850141019852,0.999436863219939,"YBR186W"
"YBR187W",49.1662945763007,0.419414058107721,1.04679964193212,0.400663165430199,0.688668133541744,0.999436863219939,"YBR187W"
"YBR188C",2.38458304311189,0.853993449690144,2.23604759127545,0.381920963141497,0.702519990503403,0.999436863219939,"YBR188C"
"YBR189W",204.16900012366,-0.505516729546884,0.321426716283527,-1.57272779124238,0.115781861872536,0.999436863219939,"YBR189W"
"YBR191W",152.410407832685,-0.279521301482855,0.347032770438398,-0.80546082472195,0.420553804223409,0.999436863219939,"YBR191W"
"YBR192W",10.0223809009367,2.38252770145329,1.45323097356685,1.63946939253954,0.10111554002474,0.999436863219939,"YBR192W"
"YBR193C",6.52118751505726,-4.13374634752147,2.22053956626452,-1.8615954474864,0.0626601354835087,0.999436863219939,"YBR193C"
"YBR194W",2.07401639201273,-0.480906229089068,2.65197135543657,-0.181339149121352,0.856101378828985,0.999436863219939,"YBR194W"
"YBR195C",5.10980375718087,0.410012459531879,2.17641555843324,0.188388866245305,0.850571826890651,0.999436863219939,"YBR195C"
"YBR196C",255.160655893649,-0.165433636365833,0.409151623349234,-0.404333325165926,0.685967622731394,0.999436863219939,"YBR196C"
"YBR197C",10.3464641850447,-0.328471200613673,1.70715854587221,-0.192408140068708,0.847422516677151,0.999436863219939,"YBR197C"
"YBR198C",30.6888542952557,2.26622094506679,1.28881025390526,1.75838214989356,0.0786825082549503,0.999436863219939,"YBR198C"
"YBR199W",37.4001184382161,-1.77107168508864,1.38915584572783,-1.27492656100131,0.202335236831673,0.999436863219939,"YBR199W"
"YBR200W",6.73809749908204,0.329848487967234,2.49685089522067,0.132105801190856,0.894900607444416,0.999436863219939,"YBR200W"
"YBR201W",3.71418620342627,2.09245930693432,2.79102877179842,0.749708970425993,0.4534300036792,0.999436863219939,"YBR201W"
"YBR202W",10.6904738868261,-0.358772852254415,1.9149491380599,-0.187353723983448,0.851383302994672,0.999436863219939,"YBR202W"
"YBR203W",46.6846273350473,4.59395566529384,1.74694351356359,2.62971047983265,0.00854576123999042,0.519896209314519,"YBR203W"
"YBR204C",6.84403744513131,3.51254869934502,2.20985794948496,1.58949071824443,0.111949647917539,0.999436863219939,"YBR204C"
"YBR205W",24.2064998271218,-1.04351256778917,1.6325740219134,-0.639182391599101,0.522704285697805,0.999436863219939,"YBR205W"
"YBR206W",2.17366285303524,-0.846604024197796,1.09867971991815,-0.770564896074416,0.44096487514411,0.999436863219939,"YBR206W"
"YBR207W",41.8812214267522,0.287233531727828,1.42074311126673,0.202171335162578,0.8397827816289,0.999436863219939,"YBR207W"
"YBR208C",13.2011657078454,-1.96137565890626,1.80666402713855,-1.0856338696314,0.277641008863199,0.999436863219939,"YBR208C"
"YBR209W",1.43638177351489,-1.87401943452828,2.43792242178763,-0.768695270112054,0.44207423345106,0.999436863219939,"YBR209W"
"YBR210W",1.92446928343045,2.67467237481993,3.37928726475592,0.791490088077232,0.428658057947182,0.999436863219939,"YBR210W"
"YBR211C",1.24127050802014,0.739813516805537,3.92968723821833,0.18826269673842,0.850670726139379,0.999436863219939,"YBR211C"
"YBR212W",22.8943440835235,0.246797260939381,1.41124583318157,0.174879000622444,0.86117471106424,0.999436863219939,"YBR212W"
"YBR213W",0.336090694589058,2.37898562859572,5.05494275061952,0.470625632368271,0.637908099852488,0.999436863219939,"YBR213W"
"YBR214W",48.5954540523644,0.806032434095249,1.6822542709121,0.479138289634556,0.631840251823627,0.999436863219939,"YBR214W"
"YBR215W",4.73843272943918,-0.927606431840267,1.51537817154018,-0.6121286747172,0.540452627101687,0.999436863219939,"YBR215W"
"YBR216C",11.6244374918138,-3.05698577440798,2.19372063401568,-1.39351644279885,0.163463676298792,0.999436863219939,"YBR216C"
"YBR217W",2.33293833738019,-4.0698018588996,2.92389945253374,-1.39190896437046,0.163949966928086,0.999436863219939,"YBR217W"
"YBR218C",108.179084089429,-1.31812349146389,0.861884087022393,-1.52935123331688,0.126177394992015,0.999436863219939,"YBR218C"
"YBR219C",0.27689721593166,-0.318192671071341,5.07082825825353,-0.062749644607552,0.949965864574983,0.999436863219939,"YBR219C"
"YBR220C",1.67763558412384,-1.88924849149047,3.34934710695296,-0.564064706094076,0.572710096569245,0.999436863219939,"YBR220C"
"YBR221C",67.5436804557134,0.147657879839287,0.790608253140337,0.186764910754197,0.851844959940898,0.999436863219939,"YBR221C"
"YBR222C",59.9539692698348,0.401047022795007,1.13662616773567,0.352839864309963,0.724208496010031,0.999436863219939,"YBR222C"
"YBR223C",0.551590443052375,-2.06977800537403,5.03986655370719,-0.410681112945651,0.681306377863486,0.999436863219939,"YBR223C"
"YBR224W",0.471936544549569,-0.318197243864592,4.69592708611072,-0.0677602607599537,0.945976478339657,0.999436863219939,"YBR224W"
"YBR225W",8.00796612850071,-0.379671279707611,2.31373437981546,-0.164094583639239,0.869656685647457,0.999436863219939,"YBR225W"
"YBR226C",1.68633746250577,1.11440176652441,2.87655458762792,0.387408523835236,0.698453794438814,0.999436863219939,"YBR226C"
"YBR227C",7.50529747520877,-0.589839052546278,2.13761500885127,-0.275933248084392,0.7825993365955,0.999436863219939,"YBR227C"
"YBR228W",0.513153630479727,-0.319440200807481,3.41552216127102,-0.0935260220032089,0.925485677724112,0.999436863219939,"YBR228W"
"YBR229C",23.9960669254355,2.27086964834529,1.45085301081228,1.5651962200319,0.117536907569146,0.999436863219939,"YBR229C"
"YBR230C",41.5298110105534,-2.27923428946774,1.09164365879249,-2.08789220833188,0.0368075591941505,0.917167301567517,"YBR230C"
"YBR231C",2.46086269462601,1.48618675903215,3.16060957179473,0.470221558617957,0.638196733109119,0.999436863219939,"YBR231C"
"YBR233W",4.46812894076793,-3.82666059708725,2.62418585677324,-1.45822773459826,0.144777781534465,0.999436863219939,"YBR233W"
"YBR234C",93.7735992491993,-0.529511260792103,0.844322273305008,-0.62714354167087,0.530565147721587,0.999436863219939,"YBR234C"
"YBR235W",39.740104836116,1.2548927704853,1.73049887443576,0.725162430917195,0.468352387799008,0.999436863219939,"YBR235W"
"YBR236C",25.1403153343038,-0.78432861082861,1.64792178641831,-0.475950143564346,0.634109897341248,0.999436863219939,"YBR236C"
"YBR237W",3.21653964863123,-1.36413250879364,1.88147013246905,-0.725035431204794,0.468430294287269,0.999436863219939,"YBR237W"
"YBR238C",5.88045709326446,-0.968611155111635,2.79159917503463,-0.346973578361091,0.728611168534228,0.999436863219939,"YBR238C"
"YBR239C",5.44642326418168,2.01963478942433,1.86122004403323,1.08511338887573,0.277871438051564,0.999436863219939,"YBR239C"
"YBR240C",11.1910877656228,4.21530682981777,3.12790529665043,1.34764528655385,0.177772497522325,0.999436863219939,"YBR240C"
"YBR241C",23.3339095274708,2.02409990212711,2.26195222210416,0.894846443858224,0.370869179199845,0.999436863219939,"YBR241C"
"YBR242W",8.25921204970348,-3.39688395504163,1.96602736383806,-1.72779078130951,0.0840257407517802,0.999436863219939,"YBR242W"
"YBR243C",35.0017894270677,0.378249296812395,1.37550036584582,0.27499032803223,0.783323669075508,0.999436863219939,"YBR243C"
"YBR244W",39.1211448270073,-1.57179690669889,0.839227676071766,-1.87290880831781,0.061080978648957,0.999436863219939,"YBR244W"
"YBR245C",30.9693535395957,-0.0405615578440845,0.975919645805321,-0.0415623950377733,0.966847551734479,0.999436863219939,"YBR245C"
"YBR246W",28.63246685728,-0.700033688173861,1.39406702854638,-0.502152101612933,0.6155605329158,0.999436863219939,"YBR246W"
"YBR247C",21.0088903095832,-2.00543456361919,1.46309322659671,-1.37068132581272,0.170474318639193,0.999436863219939,"YBR247C"
"YBR248C",35.7200640275533,0.791957405020187,1.38485441128126,0.571870514740589,0.567409700864039,0.999436863219939,"YBR248C"
"YBR249C",83.3718814859,0.00135793267360342,0.742028844333734,0.00183002680282961,0.998539850683173,0.999436863219939,"YBR249C"
"YBR250W",0.263475140520678,0.415544595006398,5.07085675729524,0.0819476106100948,0.934688373934067,0.999436863219939,"YBR250W"
"YBR251W",14.336434125928,1.06477706502233,1.66524671576384,0.63941099834803,0.52255559596752,0.999436863219939,"YBR251W"
"YBR252W",25.7556133865492,0.435972084102381,1.05967326786788,0.411421234565614,0.680763686037794,0.999436863219939,"YBR252W"
"YBR253W",8.4856892255836,0.761006533021785,1.11658661493876,0.681547246617785,0.495525281887603,0.999436863219939,"YBR253W"
"YBR254C",7.46905274290851,-0.481617595714428,1.84460787475201,-0.261094838803709,0.794019371716726,0.999436863219939,"YBR254C"
"YBR255W",24.1841033434657,-0.00274114250430322,1.5197723980382,-0.00180365330219289,0.998560893657414,0.999436863219939,"YBR255W"
"YBR256C",114.137403715528,-0.134813927616015,0.815363184553765,-0.16534218145966,0.868674659682203,0.999436863219939,"YBR256C"
"YBR257W",5.36314381892529,-0.209382836714444,1.99887262836516,-0.104750464708547,0.916573817147811,0.999436863219939,"YBR257W"
"YBR258C",2.8359385389764,-1.93918436866346,2.49524139326917,-0.777153013690115,0.437068499706405,0.999436863219939,"YBR258C"
"YBR259W",1.4337855300961,2.40137453477835,3.78006783074641,0.63527286871574,0.525250465412253,0.999436863219939,"YBR259W"
"YBR260C",19.993503463853,2.94755655892528,1.67247988792828,1.76238684853571,0.0780039591369653,0.999436863219939,"YBR260C"
"YBR261C",19.5733719891266,1.64962521021637,1.64501416194321,1.00280304472742,0.315955899511759,0.999436863219939,"YBR261C"
"YBR262C",16.3614915929453,-0.187235866691,1.01687856462089,-0.184128049508848,0.853913002335497,0.999436863219939,"YBR262C"
"YBR263W",59.0971734683934,-0.59826887710246,0.840928035439748,-0.711438853135163,0.476812329667887,0.999436863219939,"YBR263W"
"YBR264C",10.4009651417501,-0.722326490319143,1.90636289211296,-0.37890293254635,0.704759946442384,0.999436863219939,"YBR264C"
"YBR265W",16.4807253293592,5.68512692805886e-05,1.42451413210624,3.99092350151207e-05,0.999968157037556,0.999968157037556,"YBR265W"
"YBR267W",8.93793083948851,-1.6952868105428,1.34616081031527,-1.25934940131392,0.207904156933479,0.999436863219939,"YBR267W"
"YBR268W",19.886948452163,0.802529113800262,0.980625213764334,0.818385151162479,0.413137297810388,0.999436863219939,"YBR268W"
"YBR269C",11.1284236880312,2.04511431623433,1.6163215148974,1.26528929880894,0.205767641231416,0.999436863219939,"YBR269C"
"YBR270C",4.3378671268277,-4.01293723908958,3.02781069234555,-1.32535935923421,0.185051989708196,0.999436863219939,"YBR270C"
"YBR271W",15.0358951341317,-0.643374942277603,2.14508705793985,-0.299929524956205,0.764230912836325,0.999436863219939,"YBR271W"
"YBR272C",5.33443450867868,3.05731638854759,2.66633772318137,1.14663508750862,0.251532468662237,0.999436863219939,"YBR272C"
"YBR273C",16.3889867975805,0.030861512154013,1.81832912845864,0.0169724565652059,0.986458589083648,0.999436863219939,"YBR273C"
"YBR274W",3.71915524479533,-1.68501028007764,2.72606560350508,-0.61811068593181,0.536502378773363,0.999436863219939,"YBR274W"
"YBR275C",35.5125329075232,2.26527357416218,1.54888879153417,1.46251531197307,0.143600051506251,0.999436863219939,"YBR275C"
"YBR276C",39.8769571230579,-0.170362139647323,1.46310554412253,-0.116438721958021,0.907304848405897,0.999436863219939,"YBR276C"
"YBR278W",7.5784232319405,-0.580734783183778,1.87695686003837,-0.309402307292191,0.757015515478135,0.999436863219939,"YBR278W"
"YBR279W",31.2908702375287,1.5417795413844,1.30733465156298,1.1793304335207,0.238266624277543,0.999436863219939,"YBR279W"
"YBR280C",11.7543355782566,-1.93632497719618,2.60159025090872,-0.744285145026137,0.456703986275758,0.999436863219939,"YBR280C"
"YBR281C",19.2090868336598,-0.856134353585732,1.58999136114766,-0.538452204525045,0.590264893691891,0.999436863219939,"YBR281C"
"YBR282W",11.4953059003813,-0.604312739910836,1.48186029734531,-0.407806822946425,0.683415504056301,0.999436863219939,"YBR282W"
"YBR283C",78.8659107945734,0.390794872108751,0.782991717301037,0.49910473313283,0.61770560332372,0.999436863219939,"YBR283C"
"YBR284W",15.0821416594334,-2.78015267047599,2.72011541131339,-1.02207158523969,0.306747020609468,0.999436863219939,"YBR284W"
"YBR285W",0.378060515987678,2.95532528801101,5.05903094529845,0.584168256720688,0.55910711585815,0.999436863219939,"YBR285W"
"YBR286W",81.9767525536613,0.922968219729434,0.723404358661367,1.27586765089079,0.202002308102003,0.999436863219939,"YBR286W"
"YBR287W",18.5668974790686,-0.0512800017840785,1.3410050663131,-0.0382399761732933,0.96949634781394,0.999436863219939,"YBR287W"
"YBR288C",16.7409070951533,0.27079893161898,1.77057033455471,0.152944464466635,0.878442070807029,0.999436863219939,"YBR288C"
"YBR289W",15.6549738623244,0.487176047399719,2.20007978301935,0.221435627543983,0.82475325411085,0.999436863219939,"YBR289W"
"YBR290W",17.048615742268,1.00339622946436,1.36275405007051,0.736300309958677,0.461547957628198,0.999436863219939,"YBR290W"
"YBR291C",17.1100400345048,2.99458515778638,1.79616813330508,1.667207597251,0.095473132595331,0.999436863219939,"YBR291C"
"YBR292C",0.480333799087635,3.39389539194621,5.05391242418768,0.671538227631975,0.501877715155288,0.999436863219939,"YBR292C"
"YBR293W",76.431528950115,-0.239389880661843,1.58701346702546,-0.150843005201797,0.880099561131568,0.999436863219939,"YBR293W"
"YBR294W",10.7178703166589,-18.6512833549625,3.31377603468508,-5.62840794300542,1.8188052720626e-08,3.87275608287043e-06,"YBR294W"
"YBR295W",5.73709555918074,1.86037275718995,2.84251230986698,0.654481864768778,0.512801407238813,0.999436863219939,"YBR295W"
"YBR296C",0.133534127808877,1.67029812117593,5.06958024118831,0.329474639262128,0.741796959797373,0.999436863219939,"YBR296C"
"YBR297W",2.73402198254449,-1.85542285862574,3.42175391303599,-0.54224321964156,0.587650965295704,0.999436863219939,"YBR297W"
"YBR298C",1.3216836489484,-0.494407379550366,1.86576608149015,-0.264988941783898,0.791017980579258,0.999436863219939,"YBR298C"
"YBR299W",0.405148887894902,0.794147804669282,5.06693611276354,0.156731363292471,0.875456568210392,0.999436863219939,"YBR299W"
"YBR300C",0.768208754324745,0.526492004940273,4.8272375727859,0.109066934660194,0.913149400716231,0.999436863219939,"YBR300C"
"YBR301W",1.05640634103386,0.0782043699681556,2.13920119783545,0.0365577440996606,0.970837636313893,0.999436863219939,"YBR301W"
"YBR302C",0.401099302560271,1.97521732780083,2.26750189163036,0.87109842558086,0.383700413712873,0.999436863219939,"YBR302C"
"YCL001W",16.3777812621762,-0.481744024416966,1.21633793323381,-0.396061005132168,0.692060024438941,0.999436863219939,"YCL001W"
"YCL002C",15.2022480709237,1.25069211261124,2.34604078033096,0.533107575578802,0.593959115312988,0.999436863219939,"YCL002C"
"YCL004W",15.4046642690338,-4.98151881809445,1.83064361691363,-2.72118438131232,0.00650484684008714,0.444236207244427,"YCL004W"
"YCL005W",27.2553875096672,-2.02778994878421,1.88328199966767,-1.07673197595583,0.281600022749247,0.999436863219939,"YCL005W"
"YCL008C",80.7757341433198,-0.778262301948735,1.47050618921986,-0.529247892769238,0.596633497286049,0.999436863219939,"YCL008C"
"YCL009C",126.424486287497,0.459678465154564,0.684658880703536,0.671397798392992,0.501967147080654,0.999436863219939,"YCL009C"
"YCL010C",5.96905666391168,1.7460951890732,1.8989805237998,0.91949083584034,0.357838896785937,0.999436863219939,"YCL010C"
"YCL011C",39.3121889605421,-0.199345023017516,0.891109114655651,-0.223704392356651,0.822987327955176,0.999436863219939,"YCL011C"
"YCL014W",44.4958463559655,-1.19917644135745,1.42692842657737,-0.840390042711388,0.400689730228022,0.999436863219939,"YCL014W"
"YCL016C",13.5631345330784,-0.49990282899973,2.94485770753387,-0.169754493645252,0.865203216210947,0.999436863219939,"YCL016C"
"YCL017C",43.5512789825792,0.536986567113482,1.18687467782114,0.452437462141562,0.650953864205162,0.999436863219939,"YCL017C"
"YCL024W",5.84047451497631,-0.987587665181796,2.76126302063793,-0.357657947758136,0.720599306864511,0.999436863219939,"YCL024W"
"YCL025C",23.2172328150057,3.52250988281205,1.81660793885404,1.939058950185,0.0524941604250405,0.999436863219939,"YCL025C"
"YCL027W",1.48247617670039,1.15859077727502,3.23103431278488,0.358582009695964,0.719907807136043,0.999436863219939,"YCL027W"
"YCL028W",9.63229337432683,-0.0838708650783515,1.49022376109794,-0.0562807192233726,0.955118178317094,0.999436863219939,"YCL028W"
"YCL029C",7.49148942221982,1.70218776301049,2.4109395111986,0.706026739826517,0.480171508665533,0.999436863219939,"YCL029C"
"YCL030C",39.0391787253868,1.38126277101416,1.2901639823401,1.07061024018731,0.28434471715279,0.999436863219939,"YCL030C"
"YCL031C",16.7037736177919,-1.14527476641536,1.30515672992533,-0.87749979765333,0.380215228702203,0.999436863219939,"YCL031C"
"YCL032W",8.20790608327492,-1.0405060756604,2.42698662404328,-0.428723448803749,0.668124493910184,0.999436863219939,"YCL032W"
"YCL033C",28.9289852758158,-1.78992085224328,1.30387827148716,-1.37276683827376,0.169824843072215,0.999436863219939,"YCL033C"
"YCL034W",23.5705682747045,-1.28591150318812,1.42912570792423,-0.899788938130483,0.368232582261946,0.999436863219939,"YCL034W"
"YCL035C",86.6324291588563,0.142364500901623,0.746269607101406,0.190768188261858,0.848707213021371,0.999436863219939,"YCL035C"
"YCL036W",15.6155327052422,-1.43545184801225,1.60801685225598,-0.892684579765671,0.37202611049951,0.999436863219939,"YCL036W"
"YCL037C",18.801273470557,-0.225225235844205,0.994917917896018,-0.226375695716181,0.820909229321311,0.999436863219939,"YCL037C"
"YCL038C",22.5884889101922,-0.385187886217944,1.90818028977803,-0.201861369327294,0.840025103144896,0.999436863219939,"YCL038C"
"YCL039W",70.2668562423647,1.9064493189322,1.43929676594464,1.32457000115675,0.185313811220293,0.999436863219939,"YCL039W"
"YCL040W",198.373434803738,0.130771350558506,0.879819321801648,0.148634324477803,0.881842186824257,0.999436863219939,"YCL040W"
"YCL041C",0.935598061149377,0.415574368197627,2.93263038256293,0.141707039069288,0.887311414682608,0.999436863219939,"YCL041C"
"YCL043C",166.480397701043,-0.092429337699473,0.604016383433224,-0.153024554026342,0.878378912017635,0.999436863219939,"YCL043C"
"YCL044C",34.1439847050018,0.997584898291994,1.40455690888613,0.710248827926181,0.477549846495646,0.999436863219939,"YCL044C"
"YCL045C",47.0416037138359,-1.55178387320487,1.38538808230239,-1.12010771063221,0.262667865229004,0.999436863219939,"YCL045C"
"YCL046W",0.324745249476924,-0.563791506229792,3.34923722650225,-0.168334300648683,0.866320290848008,0.999436863219939,"YCL046W"
"YCL047C",5.95900166537825,-0.004980570789473,2.41879509018797,-0.00205911232814928,0.998357067225401,0.999436863219939,"YCL047C"
"YCL048W",0.0378549076020241,0.128335478807011,5.07085675729695,0.0253084409498132,0.979808941184513,0.999436863219939,"YCL048W"
"YCL049C",14.5474437504206,-1.25012440872692,1.48270597023965,-0.843137097859569,0.399151772963522,0.999436863219939,"YCL049C"
"YCL050C",37.7110344337177,-0.107587434836723,1.01845990740841,-0.105637378608739,0.915870066821303,0.999436863219939,"YCL050C"
"YCL051W",7.33130158720379,-0.648727152078687,2.23206010480283,-0.290640539062003,0.771326252097526,0.999436863219939,"YCL051W"
"YCL052C",17.3068502722339,-1.583069721171,1.91586848570309,-0.826293523268659,0.408637606622552,0.999436863219939,"YCL052C"
"YCL054W",34.2683016039691,-1.03448230818313,1.06010067487597,-0.975834024729926,0.329146720671463,0.999436863219939,"YCL054W"
"YCL055W",0.859212942228604,-1.7715583117151,5.04767593653041,-0.35096514395748,0.725614498178661,0.999436863219939,"YCL055W"
"YCL056C",9.31501042963373,0.681596114841856,0.833598640555793,0.817655022070824,0.413554199970126,0.999436863219939,"YCL056C"
"YCL057W",74.7770918012437,0.933897378865661,1.09842120844721,0.850217905193104,0.395203948764612,0.999436863219939,"YCL057W"
"YCL058C",1.84741383099218,-1.66025454270393,0.986658221236919,-1.68270481811074,0.0924322485614107,0.999436863219939,"YCL058C"
"YCL059C",20.6972396096032,-2.19514038085342,1.38174090935749,-1.58867727371129,0.112133272334187,0.999436863219939,"YCL059C"
"YCL061C",15.1387321417952,-0.546532007489006,1.77655322898794,-0.307636156671958,0.758359204535182,0.999436863219939,"YCL061C"
"YCL063W",10.8196698858086,-0.333669871532231,2.06254779185602,-0.161775583019083,0.871482581663489,0.999436863219939,"YCL063W"
"YCL064C",12.886523699898,-20.0037875049196,5.05740446620847,-3.955346589061,7.64237764939614e-05,0.0119904883014999,"YCL064C"
"YCL065W",0.0954554737995444,0.409022368173447,5.07085675729683,0.080661392689682,0.935711240899903,0.999436863219939,"YCL065W"
"YCL066W",0.0315564816368034,0.461241081095155,5.07085675729695,0.090959201407421,0.927525009179583,0.999436863219939,"YCL066W"
"YCL067C",0.0105426895416609,0.461243253866113,5.07085675729695,0.0909596298894433,0.92752466871176,0.999436863219939,"YCL067C"
"YCL068C",0.0475251996085832,0.350271287847548,5.07085675729692,0.0690753662768152,0.944929629046021,0.999436863219939,"YCL068C"
"YCL026C-A",8.90797835111712,-2.40575867540771,2.59288686445167,-0.927830175851682,0.353495668420007,0.999436863219939,"YCL026C-A"
"YCR002C",23.9457998058206,0.529884128069466,1.05809309056189,0.500791596501284,0.616517800440309,0.999436863219939,"YCR002C"
"YCR003W",9.9763598380267,-0.506808965420745,1.23248971971183,-0.411207458622247,0.68092041961021,0.999436863219939,"YCR003W"
"YCR004C",46.6610676456247,1.11549284379716,0.849756020763045,1.31272131828557,0.189276871372351,0.999436863219939,"YCR004C"
"YCR005C",136.774490850187,0.885966896734118,0.878234172603951,1.00880485452671,0.31306823245524,0.999436863219939,"YCR005C"
"YCR006C",0.960662538392766,0.461187162940075,5.07085675729059,0.0909485684597592,0.927533458024985,0.999436863219939,"YCR006C"
"YCR007C",0.43975979044685,-1.05658537565042,4.29390694999722,-0.246066202168425,0.805630985571227,0.999436863219939,"YCR007C"
"YCR008W",64.9168874234306,-0.370785218597632,0.973101993610413,-0.381034281126011,0.703177811238356,0.999436863219939,"YCR008W"
"YCR009C",25.6176495496949,0.230426006482668,1.17370550736418,0.196323528378206,0.844356946735961,0.999436863219939,"YCR009C"
"YCR010C",0.286454884681816,0.800665385147812,5.07085675729273,0.157895484623249,0.874539156181027,0.999436863219939,"YCR010C"
"YCR011C",67.5447195503317,1.93841948859517,1.53616951966536,1.26185259099362,0.207001834036502,0.999436863219939,"YCR011C"
"YCR012W",1935.22136974501,-0.101101626332587,0.196057815117895,-0.515672513599072,0.606083155089669,0.999436863219939,"YCR012W"
"YCR013C",111.190947086207,-0.0568485479471392,0.231311466697284,-0.245766233550093,0.805863197191988,0.999436863219939,"YCR013C"
"YCR014C",2.01378587930344,2.030577670305,3.03259907211543,0.669583292092925,0.503123467840811,0.999436863219939,"YCR014C"
"YCR015C",6.54911726049959,2.92031672547135,2.60310165408326,1.12186042404088,0.261921790009219,0.999436863219939,"YCR015C"
"YCR016W",7.43633101303929,-0.762949728136133,1.09877616043021,-0.694363197539169,0.487454467362175,0.999436863219939,"YCR016W"
"YCR017C",76.4785512242939,-0.333375242266388,1.24842972466433,-0.267035649408319,0.78944171312789,0.999436863219939,"YCR017C"
"YCR019W",2.24175506086214,-1.50363746834925,3.49204545192572,-0.430589317650507,0.666767009838166,0.999436863219939,"YCR019W"
"YCR020C",10.0999223103326,0.731052301619721,1.85404018234616,0.394302296455422,0.693357868020056,0.999436863219939,"YCR020C"
"YCR020C-A",6.98700451631887,0.275360245263978,1.19593695699002,0.230246455429402,0.817900265187013,0.999436863219939,"YCR020C-A"
"YCR021C",7.51699791369788,19.0141102562157,3.38259619195766,5.62115877189921,1.89680846014645e-08,3.89957656530798e-06,"YCR021C"
"YCR022C",0.103818724586173,1.251102577794,5.06851622490923,0.24683803351471,0.805033574544399,0.999436863219939,"YCR022C"
"YCR023C",30.1967347755201,-0.820344052670896,1.68434957274291,-0.487039071904172,0.626230642416494,0.999436863219939,"YCR023C"
"YCR024C",9.04025988396601,0.365609172522457,2.60755197611126,0.140211652872862,0.888492765195253,0.999436863219939,"YCR024C"
"YCR024C-A",33.8219269014336,-0.166485831149228,0.646839120232205,-0.257383676932623,0.796882602454973,0.999436863219939,"YCR024C-A"
"YCR025C",0.157463915081573,-1.06385277920366,5.06945125423073,-0.209855608793125,0.833780369734669,0.999436863219939,"YCR025C"
"YCR026C",5.51465880386038,1.44988732000025,2.39562617158901,0.605222691751838,0.545031040346647,0.999436863219939,"YCR026C"
"YCR027C",2.03843981046537,1.14976063217547,2.99536538996575,0.383846537062583,0.701092193646691,0.999436863219939,"YCR027C"
"YCR028C",10.8867414551433,-4.27272889337081,2.13865744802413,-1.9978556628217,0.0457323106230496,0.986433924020064,"YCR028C"
"YCR030C",60.7666316047276,-0.392075062964316,1.22251668444259,-0.320711420918629,0.748429091491122,0.999436863219939,"YCR030C"
"YCR031C",432.492394819637,0.43416649724375,0.254166732092159,1.70819561501985,0.0876000518990412,0.999436863219939,"YCR031C"
"YCR032W",26.3135887647862,-0.977110213367924,1.7694467038901,-0.552212288293149,0.580802916231037,0.999436863219939,"YCR032W"
"YCR033W",46.6578403856864,1.74891014868328,1.07853475995396,1.62156122697236,0.104897330271739,0.999436863219939,"YCR033W"
"YCR034W",23.7897167227542,-0.253865594603434,1.17771680135238,-0.215557419501801,0.829332749759609,0.999436863219939,"YCR034W"
"YCR035C",16.1977972307163,-2.25728041853645,1.49201799822363,-1.51290428213596,0.130303974051913,0.999436863219939,"YCR035C"
"YCR036W",13.0160008206718,-0.494871571843985,1.77029947055021,-0.279541162428398,0.779829553449289,0.999436863219939,"YCR036W"
"YCR037C",12.4190741070395,-1.06298285617136,1.76187913712708,-0.603323368653233,0.546293589939949,0.999436863219939,"YCR037C"
"YCR038C",1.63106226133582,-1.92509199361719,2.50526924110298,-0.768417207233837,0.442239360730782,0.999436863219939,"YCR038C"
"YCR042C",34.5312973054806,-0.287460180505433,1.27769371818444,-0.224983637638842,0.821992003246999,0.999436863219939,"YCR042C"
"YCR043C",20.0329894778791,0.112770977330385,1.04714402392507,0.107693855624253,0.914238543668068,0.999436863219939,"YCR043C"
"YCR044C",17.6225631559276,0.998867360067213,1.4606217251439,0.683864509798939,0.494060726515898,0.999436863219939,"YCR044C"
"YCR045C",1.59257480229517,-1.42058895453947,4.28345948410816,-0.331645241377891,0.74015715347756,0.999436863219939,"YCR045C"
"YCR046C",23.944751946195,-0.255797067231738,0.919583187626359,-0.278166315645684,0.780884691028215,0.999436863219939,"YCR046C"
"YCR047C",13.1915936051512,-0.48508992122049,1.73041686389143,-0.280331249274582,0.779223378066339,0.999436863219939,"YCR047C"
"YCR048W",17.9081279264451,0.589389800274515,1.81506468827201,0.32472109896845,0.745392164620552,0.999436863219939,"YCR048W"
"YCR050C",1.04693785981027,2.02854214192234,1.37820890210685,1.47186840748258,0.141056416326063,0.999436863219939,"YCR050C"
"YCR051W",47.8543019511437,-0.688656299641161,0.883388564350241,-0.779562162600201,0.435648634672839,0.999436863219939,"YCR051W"
"YCR052W",22.5384743420194,-0.499909765372341,1.78063716072969,-0.280747687624066,0.778903929629348,0.999436863219939,"YCR052W"
"YCR053W",73.6702361841636,-0.0739338633420535,0.647363148075211,-0.114207711022599,0.909073139395599,0.999436863219939,"YCR053W"
"YCR054C",2.46769046005518,0.64116278050893,1.65569524924021,0.38724685645088,0.698573464482331,0.999436863219939,"YCR054C"
"YCR057C",23.5289025530079,1.31536232882808,1.43506525454963,0.916587120103392,0.359359036146192,0.999436863219939,"YCR057C"
"YCR059C",35.9755658229092,-0.306325328642422,1.18070659387133,-0.259442379870206,0.79529393437683,0.999436863219939,"YCR059C"
"YCR060W",10.7404032943112,-2.31475791829501,1.15336656819627,-2.00695770288802,0.0447541668903885,0.977742693030629,"YCR060W"
"YCR061W",19.8395785450773,0.0758857415733684,1.52481285764402,0.0497672492679653,0.960307865626188,0.999436863219939,"YCR061W"
"YCR063W",3.88283950574582,-4.13736497440273,2.07184216061923,-1.99694988983435,0.0458306267952965,0.986433924020064,"YCR063W"
"YCR065W",13.8123901928017,1.91105679609619,2.16533342058269,0.882569297610491,0.377469023071434,0.999436863219939,"YCR065W"
"YCR066W",1.26780172684624,-2.92038592184639,3.15374074033989,-0.926006974667057,0.354442355620536,0.999436863219939,"YCR066W"
"YCR067C",25.8542555690597,1.78001951597766,1.74290993243259,1.02129173909364,0.307116239102424,0.999436863219939,"YCR067C"
"YCR068W",21.4225689521053,-4.92525422782817,1.97674766540659,-2.49159481203439,0.0127171020589033,0.602504869681994,"YCR068W"
"YCR069W",25.8722725937203,0.988464867478873,1.13024438040158,0.874558533197632,0.381814158597494,0.999436863219939,"YCR069W"
"YCR071C",4.33910248487316,-0.579183753575333,1.19763280422211,-0.483607121927098,0.628664719403906,0.999436863219939,"YCR071C"
"YCR072C",12.4931794205438,2.46574547338254,1.84502507905002,1.33642924499006,0.1814090127603,0.999436863219939,"YCR072C"
"YCR073C",30.2375957624219,2.31248063150664,2.15921338458037,1.07098290887821,0.284177114537388,0.999436863219939,"YCR073C"
"YCR075C",5.77006805610033,-1.48201729806615,2.30335974872676,-0.643415471198267,0.519954547204316,0.999436863219939,"YCR075C"
"YCR076C",10.4073059320425,0.602771873103087,1.88529219393457,0.319723316652106,0.749178082705995,0.999436863219939,"YCR076C"
"YCR077C",20.5330408753736,0.337733707139692,1.31775188389089,0.256295370371602,0.797722771809608,0.999436863219939,"YCR077C"
"YCR081W",4.5275915538286,-3.3065070127913,2.25722759309158,-1.46485317781473,0.142960979661054,0.999436863219939,"YCR081W"
"YCR082W",38.1564326024678,-0.00473065718836588,0.892078350459218,-0.00530296154584478,0.995768868686939,0.999436863219939,"YCR082W"
"YCR083W",7.49502015195965,1.67572693128579,1.43843690970469,1.16496380201327,0.244033645481384,0.999436863219939,"YCR083W"
"YCR084C",19.0314946802166,0.307022808749952,1.19661980821305,0.256575068073157,0.797506823619971,0.999436863219939,"YCR084C"
"YCR085W",0.264221971872437,-0.207640939575813,5.07078438642349,-0.0409484852347006,0.967336964210336,0.999436863219939,"YCR085W"
"YCR086W",4.79381565805894,1.14053647942236,1.95962837312872,0.582016720650654,0.560555418288788,0.999436863219939,"YCR086W"
"YCR088W",43.677240857971,-0.0440108073598168,0.746224720214614,-0.0589779541840416,0.952969667552204,0.999436863219939,"YCR088W"
"YCR089W",23.0681949641684,-0.52939183928502,1.38460079850465,-0.382342578349481,0.702207276400282,0.999436863219939,"YCR089W"
"YCR090C",20.8052573011782,1.91969975135439,1.30550571018087,1.47046446169004,0.141436003917772,0.999436863219939,"YCR090C"
"YCR091W",7.28753678387333,1.85705987189731,2.67842662518198,0.69333983407932,0.488096310315517,0.999436863219939,"YCR091W"
"YCR092C",2.59703946843816,-0.262984914722898,2.85530163715825,-0.0921040745049391,0.926615351228601,0.999436863219939,"YCR092C"
"YCR093W",67.0871056801268,-0.0677613345998821,1.15725324170161,-0.0585535923841928,0.953307675133375,0.999436863219939,"YCR093W"
"YCR094W",33.2786077795558,0.307800999574679,1.49454706771832,0.205949351628376,0.836830474645705,0.999436863219939,"YCR094W"
"YCR095C",9.81973412789548,1.01047749456768,1.37137491628248,0.736835334065228,0.461222492810603,0.999436863219939,"YCR095C"
"YCR098C",0.0206803678866988,0.630968304921899,5.07085675729695,0.124430315254703,0.900974571757672,0.999436863219939,"YCR098C"
"YCR099C",0.700580927175854,0.35023176966406,4.43812372473817,0.0789143771977024,0.937100727555734,0.999436863219939,"YCR099C"
"YCR100C",0.611176598804244,0.350221894528224,5.07085675729273,0.0690656256508424,0.944937382424371,0.999436863219939,"YCR100C"
"YCR101C",0.429063400410701,-0.984977316634509,5.06978585794123,-0.19428381084216,0.845953661194332,0.999436863219939,"YCR101C"
"YCR102C",29.1077552636155,-0.843743317033801,1.58485122954176,-0.532380138467482,0.594462738414247,0.999436863219939,"YCR102C"
"YCR104W",0.772312045841021,-1.04000981158249,5.06956680575242,-0.205147668712521,0.837456754103455,0.999436863219939,"YCR104W"
"YCR105W",2.1702807702352,-0.230543791313716,3.0537336684869,-0.075495709954283,0.939820310758062,0.999436863219939,"YCR105W"
"YCR106W",15.4800717258311,-1.16244981665644,2.47905639253027,-0.468908178191935,0.639135270389746,0.999436863219939,"YCR106W"
"YCR107W",2.44988671699763,-3.67146842683521,2.66944440967128,-1.3753680029948,0.169017383609533,0.999436863219939,"YCR107W"
"YCR073W-A",9.29677948997607,-0.480047492613536,1.53215628026091,-0.313314965841336,0.754041381044972,0.999436863219939,"YCR073W-A"
"YEL001C",33.367253051081,0.409287815872919,0.909202321434519,0.450161428566476,0.652594046102558,0.999436863219939,"YEL001C"
"YEL002C",45.7376477476999,-0.2047018694725,1.00844424984599,-0.202987789859244,0.839144575825479,0.999436863219939,"YEL002C"
"YEL003W",9.66884816189934,0.0796067090547958,1.02075049117245,0.0779884112162988,0.937837271424562,0.999436863219939,"YEL003W"
"YEL004W",1.18206122854408,-0.333989781152858,3.46593446592456,-0.0963635592180086,0.923231832927597,0.999436863219939,"YEL004W"
"YEL005C",4.31424024887458,-1.41549915564823,1.99356819199455,-0.710032975712777,0.477683687501566,0.999436863219939,"YEL005C"
"YEL006W",15.0546394806332,4.68495046865931,1.93546779140951,2.42057785174895,0.015495860800347,0.650598670874556,"YEL006W"
"YEL007W",16.9392486333905,0.950005856849979,1.76468889843412,0.538341833335586,0.59034107545515,0.999436863219939,"YEL007W"
"YEL008W",0.32173724354649,1.82817469448685,5.0683341838292,0.360705239271661,0.718319807664933,0.999436863219939,"YEL008W"
"YEL009C",144.213963591065,0.800798650521374,0.518868476862724,1.54335575628588,0.122744482306402,0.999436863219939,"YEL009C"
"YEL011W",62.0610010821853,-2.93952303337574,1.86087370640766,-1.57964671286069,0.114187795205319,0.999436863219939,"YEL011W"
"YEL012W",19.6484798753485,-1.70308093209152,1.6092102600986,-1.05833337899994,0.289903480438565,0.999436863219939,"YEL012W"
"YEL013W",25.9853782879592,-0.677517300513914,1.29586587807008,-0.522829802049371,0.601092698496893,0.999436863219939,"YEL013W"
"YEL014C",1.7709844431779,-0.613648896806472,1.57076979326136,-0.390667620066951,0.696042935986246,0.999436863219939,"YEL014C"
"YEL015W",23.1125304154816,0.396238785342637,1.86843533163079,0.21206984188037,0.832052547271368,0.999436863219939,"YEL015W"
"YEL016C",24.4756905458553,0.477328143720686,1.57818494390471,0.302453869911907,0.762306094115676,0.999436863219939,"YEL016C"
"YEL017W",17.1423645078789,-1.32096926920348,1.41119568389998,-0.936063852996525,0.349240312654473,0.999436863219939,"YEL017W"
"YEL018W",2.0154866476852,-3.08345113406569,2.10237232539889,-1.46665321685142,0.14247041543257,0.999436863219939,"YEL018W"
"YEL019C",0.516208548598653,0.35021949536563,5.03257240264745,0.0695905527720561,0.944519556506994,0.999436863219939,"YEL019C"
"YEL020C",8.40511737463193,1.61087506403454,1.97456664472502,0.815811949593056,0.414607697711863,0.999436863219939,"YEL020C"
"YEL022W",46.4251146812499,0.481491637504274,1.1331467786572,0.424915506599113,0.670898270161525,0.999436863219939,"YEL022W"
"YEL023C",0.13686551113232,-0.204581149824707,5.07085675729693,-0.040344493961561,0.967818481584021,0.999436863219939,"YEL023C"
"YEL024W",8.40127139710743,-2.75640697902742,1.84576630979343,-1.49336726128451,0.135341077847905,0.999436863219939,"YEL024W"
"YEL025C",6.25322219426079,2.20226621194122,2.4995941446122,0.881049516253725,0.378291019845155,0.999436863219939,"YEL025C"
"YEL026W",88.8523946644889,0.723062595586335,0.631299925556812,1.14535510985304,0.252062085705676,0.999436863219939,"YEL026W"
"YEL027W",241.169821173233,0.403282374665656,0.287434417315557,1.40304135611887,0.160604506969173,0.999436863219939,"YEL027W"
"YEL028W",3.92319288686352,1.42778295564477,3.44942503600852,0.413919114269815,0.678933344926816,0.999436863219939,"YEL028W"
"YEL029C",16.3028065341096,1.03616272536976,1.81811126609498,0.569911613602873,0.568737647555136,0.999436863219939,"YEL029C"
"YEL030W",1.05124847578437,-2.52860532192214,3.20826370194717,-0.788153829246477,0.430606732019423,0.999436863219939,"YEL030W"
"YEL031W",82.7585690787117,1.02712718065538,0.930656026717405,1.10365930179192,0.269740956277596,0.999436863219939,"YEL031W"
"YEL032W",15.7629600505646,1.31394121354067,1.8913722127165,0.69470261046794,0.487241691757206,0.999436863219939,"YEL032W"
"YEL033W",64.1107542032691,-0.164705241394392,0.299135512031754,-0.550604106733097,0.581905093046077,0.999436863219939,"YEL033W"
"YEL035C",0.273564479128112,0.239278751243857,5.0708567572942,0.0471870460351036,0.962364151788578,0.999436863219939,"YEL035C"
"YEL036C",25.8824024032198,0.238022270687254,1.17890618819401,0.201900942645728,0.839994165127596,0.999436863219939,"YEL036C"
"YEL037C",43.4556854854196,1.74068365544713,1.03164918141311,1.68728254411331,0.0915490358672149,0.999436863219939,"YEL037C"
"YEL038W",22.293502991581,-1.04429394107116,1.09760121875829,-0.951432927755454,0.341384651666133,0.999436863219939,"YEL038W"
"YEL039C",5.85164656737982,-4.75284332335718,2.27727059384968,-2.0870788637035,0.0368810063166278,0.917167301567517,"YEL039C"
"YEL040W",32.2001562973912,-0.743357709605327,1.34466994530908,-0.552817970088906,0.580388062123054,0.999436863219939,"YEL040W"
"YEL041W",2.06534792470597,-2.37893421296108,4.17408606571493,-0.56992936310086,0.568725608436926,0.999436863219939,"YEL041W"
"YEL042W",63.049649050557,0.935206699561208,1.05400371856646,0.887289753430067,0.374922920770717,0.999436863219939,"YEL042W"
"YEL043W",23.5589146071895,2.89575940492172,1.70042918197344,1.70295795650897,0.0885759367235005,0.999436863219939,"YEL043W"
"YEL044W",11.8420831073624,-0.886235142629126,1.40989880570252,-0.628580674758098,0.529623615399258,0.999436863219939,"YEL044W"
"YEL045C",2.13452178825588,-0.624500037095792,1.28067220614461,-0.487634567299475,0.62580870639087,0.999436863219939,"YEL045C"
"YEL046C",68.9082689990292,-0.81609866790489,1.03877002357251,-0.785639409479866,0.432078769481986,0.999436863219939,"YEL046C"
"YEL047C",11.7135386125564,0.410144009879477,1.75111127205872,0.234219273454441,0.814814753068326,0.999436863219939,"YEL047C"
"YEL048C",0.37452071107542,-0.969517158953469,5.05904983706133,-0.191640167655798,0.848024076386359,0.999436863219939,"YEL048C"
"YEL050C",13.4052148423251,0.765338935757841,1.97708878620016,0.387103978890484,0.698679232087911,0.999436863219939,"YEL050C"
"YEL051W",44.9027281528349,0.093259206836151,0.782144217308613,0.119235308236452,0.905088934245082,0.999436863219939,"YEL051W"
"YEL052W",26.946990280107,0.258498978452246,1.32992202719489,0.194371529432805,0.845884980998853,0.999436863219939,"YEL052W"
"YEL053C",10.5208880875339,-5.52744066346835,2.24709701951586,-2.45981398019888,0.0139009045266436,0.63218061878007,"YEL053C"
"YEL054C",79.5775834697675,-0.302007021993158,0.325988772288614,-0.926433815106295,0.354220577638371,0.999436863219939,"YEL054C"
"YEL055C",56.0072456937401,0.982858917001104,0.895797523919527,1.09718869583457,0.272558913652482,0.999436863219939,"YEL055C"
"YEL056W",21.9335600829239,-1.2737556490829,1.41733539538237,-0.89869741010685,0.368813856900457,0.999436863219939,"YEL056W"
"YEL057C",1.37582375525573,2.68162615964418,2.28208857023074,1.17507540882738,0.239964547966173,0.999436863219939,"YEL057C"
"YEL058W",65.1308481074496,0.842523560545113,1.27151230887618,0.662615339752213,0.507576943206308,0.999436863219939,"YEL058W"
"YEL059W",4.2573029944638,0.453163370519614,2.70548716505022,0.167497882220115,0.866978313734523,0.999436863219939,"YEL059W"
"YEL060C",68.3104341175077,1.89762097617335,1.06742762926548,1.77775141297321,0.0754446915652874,0.999436863219939,"YEL060C"
"YEL061C",2.42609230249367,0.613483065296472,2.04727919005578,0.299657744911556,0.764438232861045,0.999436863219939,"YEL061C"
"YEL062W",2.09625929018608,0.487206219761179,3.067000553314,0.158854297967027,0.87378366831061,0.999436863219939,"YEL062W"
"YEL063C",11.5829897366608,-1.19899278037188,1.6871926771429,-0.710643660688628,0.47730508016569,0.999436863219939,"YEL063C"
"YEL064C",0.48471400706619,3.67962115029897,5.0541533472141,0.728039079448828,0.466589664277986,0.999436863219939,"YEL064C"
"YEL065W",57.4949619067787,1.77661783218026,1.26824031225476,1.40085267359281,0.161258133529267,0.999436863219939,"YEL065W"
"YEL066W",7.62805096986148,-2.36543548842472,2.05265827897124,-1.15237665843252,0.249166328353744,0.999436863219939,"YEL066W"
"YEL067C",2.38018831805202,-1.17217586620334,3.91762264205584,-0.299205914735122,0.764782936600754,0.999436863219939,"YEL067C"
"YEL068C",7.52245610452273,1.94031510607224,1.64461785049366,1.17979693914293,0.238080987217384,0.999436863219939,"YEL068C"
"YEL069C",0.339683472042886,-3.08304864008909,5.05881678779669,-0.609440659627422,0.542232394249986,0.999436863219939,"YEL069C"
"YEL070W",0.0118651426179761,0.520000715310598,5.07085675729695,0.10254691469293,0.91832257655275,0.999436863219939,"YEL070W"
"YEL071W",124.911308147913,0.217628483941529,0.68417773152189,0.318087645818922,0.750418454551365,0.999436863219939,"YEL071W"
"YEL072W",1.30163051656288,-4.47569282999555,4.22457810992104,-1.05944137226029,0.28939881626713,0.999436863219939,"YEL072W"
"YEL073C",4.03681405795458,0.350247400944781,3.23998909275498,0.108101413590551,0.913915246843778,0.999436863219939,"YEL073C"
"YER001W",10.9670287296427,-1.75041849481981,2.28624256402976,-0.765631137465352,0.443895811779513,0.999436863219939,"YER001W"
"YER002W",12.8349969446309,0.559499555377392,0.964607524893975,0.580028188603328,0.561895608689152,0.999436863219939,"YER002W"
"YER003C",38.6812762794301,-0.561884677248558,0.967057640465249,-0.581025012095698,0.561223596305376,0.999436863219939,"YER003C"
"YER004W",29.5305231944491,0.0990594251778474,0.818228936035066,0.121065658784771,0.903639029377954,0.999436863219939,"YER004W"
"YER005W",40.8371364629384,1.2051602189892,1.99662982538091,0.603597223516021,0.546111459205731,0.999436863219939,"YER005W"
"YER006W",55.7731757483384,0.283579559542957,0.930620850947138,0.304720831533427,0.760578782439652,0.999436863219939,"YER006W"
"YER007W",2.74544356298738,0.693944277781481,1.80537798739503,0.384376170877528,0.700699659424458,0.999436863219939,"YER007W"
"YER008C",46.0846229317022,0.0775282545104627,1.17818931082,0.0658028839665028,0.947534760141767,0.999436863219939,"YER008C"
"YER009W",61.483473731152,0.183942524106982,0.549048891505842,0.33502029956293,0.737609773371288,0.999436863219939,"YER009W"
"YER010C",23.2963234587192,1.078180423183,0.92949435201626,1.15996446976166,0.246063272280685,0.999436863219939,"YER010C"
"YER011W",2.05244774056801,5.74942606244374,3.31853604337903,1.73251879361525,0.0831812338814398,0.999436863219939,"YER011W"
"YER012W",63.8287517289255,-1.0796179921066,0.832727969957917,-1.2964834028106,0.194808994488606,0.999436863219939,"YER012W"
"YER013W",11.7861625739726,-0.744725546802721,1.69511986267494,-0.439335036536901,0.660418790679696,0.999436863219939,"YER013W"
"YER014W",3.59163922189559,5.28458344062906,2.75188236710068,1.92035223009797,0.0548134231658815,0.999436863219939,"YER014W"
"YER015W",0.825798723223574,4.60951522843804,5.05059423744525,0.912667898415391,0.361417232180217,0.999436863219939,"YER015W"
"YER016W",8.72553655579175,-1.51832391423293,2.06246345292046,-0.736170094109049,0.461627189684322,0.999436863219939,"YER016W"
"YER017C",24.6587704410624,0.155675317301798,1.53868994044113,0.101173935833471,0.919412386723545,0.999436863219939,"YER017C"
"YER018C",12.2195309217469,-0.430365179634687,1.13891400678375,-0.3778732872467,0.705524727414058,0.999436863219939,"YER018C"
"YER019W",37.0363213847787,0.0779707210267676,1.56315921015889,0.049880217267723,0.960217842010248,0.999436863219939,"YER019W"
"YER020W",23.5977634273529,-0.35932659005128,1.5522791123361,-0.23148323468098,0.816939408565677,0.999436863219939,"YER020W"
"YER021W",53.8793566148352,0.510854062473595,0.723058819337677,0.70651798831738,0.479866070178264,0.999436863219939,"YER021W"
"YER022W",14.185151493575,0.31541906974459,1.57236169063294,0.200602108041452,0.84100970960118,0.999436863219939,"YER022W"
"YER023W",74.2518278015041,0.891798915821214,0.65424450979038,1.36309728622247,0.172851851950046,0.999436863219939,"YER023W"
"YER024W",14.6872332953765,-0.0333175485829533,1.8405229331316,-0.0181022186592722,0.985557308008191,0.999436863219939,"YER024W"
"YER025W",54.3843942491586,-0.641707328725031,0.734711776242488,-0.873413697010404,0.382437627948529,0.999436863219939,"YER025W"
"YER026C",19.9546032704372,-0.645685440786126,0.998663866210273,-0.646549317175528,0.5179236691046,0.999436863219939,"YER026C"
"YER027C",19.0017484498479,1.5017064768489,1.51936484960755,0.988377793021071,0.322967659175608,0.999436863219939,"YER027C"
"YER028C",10.1422657835575,2.82697772887522,2.28604426242663,1.23662423135867,0.216226619681273,0.999436863219939,"YER028C"
"YER029C",15.4586386771065,-0.644735301948958,1.40131144902837,-0.460094222733996,0.645448590717575,0.999436863219939,"YER029C"
"YER030W",24.4099781885233,-0.604341610177825,0.786721142310029,-0.768177665091487,0.44238164081404,0.999436863219939,"YER030W"
"YER031C",42.9979717203387,-0.188329330737734,0.854719358046017,-0.220340546829635,0.825605944212609,0.999436863219939,"YER031C"
"YER032W",41.3247494931801,0.772647870281913,1.40503321750997,0.549914308539421,0.582378149681344,0.999436863219939,"YER032W"
"YER033C",10.1863871566332,6.13835709182123,2.01505235095202,3.04625191942092,0.00231713604491234,0.223157242087136,"YER033C"
"YER034W",1.66100215298375,-1.06355913877474,2.62229565747487,-0.40558322847504,0.68504885397582,0.999436863219939,"YER034W"
"YER035W",4.95476103415764,-1.78835299669916,1.38387343588816,-1.29228074643358,0.196259937159348,0.999436863219939,"YER035W"
"YER036C",59.442490425938,-0.510282378300332,0.735327796378565,-0.693952249341633,0.487712155049573,0.999436863219939,"YER036C"
"YER037W",7.98269391026884,-0.663841059093555,1.5996186224567,-0.414999581634044,0.678142209389286,0.999436863219939,"YER037W"
"YER038C",1.49227892192937,0.842569187074682,1.88123587570075,0.447880671402161,0.654239318563239,0.999436863219939,"YER038C"
"YER039C",1.15155042288905,-2.64709053661485,4.53393679514855,-0.583839311445038,0.559328427053765,0.999436863219939,"YER039C"
"YER040W",21.6785844617404,-1.65537891509509,1.79052772223257,-0.924520125849282,0.35521557791999,0.999436863219939,"YER040W"
"YER041W",3.8217214148811,-0.983407065191371,3.8896282887347,-0.252828031932911,0.800401104922278,0.999436863219939,"YER041W"
"YER042W",29.1515794670695,0.665798152730118,1.1786768936202,0.564869097149416,0.572162804435262,0.999436863219939,"YER042W"
"YER043C",108.558031989601,-1.77571941520852,0.76047468544157,-2.33501449713273,0.0195426634176248,0.698347371448426,"YER043C"
"YER044C",17.9821951048468,-0.434372078032712,1.62599172577489,-0.267142858814798,0.789359169720605,0.999436863219939,"YER044C"
"YER045C",12.8490574331055,1.65101322143758,2.2543854120002,0.732356238932863,0.463951161482813,0.999436863219939,"YER045C"
"YER046W",3.82125110848949,-2.1883755727834,2.41639024906312,-0.905638306408443,0.36512732641525,0.999436863219939,"YER046W"
"YER047C",1.93087455543799,-2.08575659683861,3.14469279771989,-0.663262433249734,0.507162491918491,0.999436863219939,"YER047C"
"YER048C",27.7242419066054,0.134357505321654,0.970224434371532,0.138480850988549,0.889860402497428,0.999436863219939,"YER048C"
"YER049W",25.3491849656237,-1.94245152902993,1.23161686472532,-1.5771556761389,0.114759708915967,0.999436863219939,"YER049W"
"YER050C",10.1772914463856,-0.898177629654038,1.36912158475907,-0.656024738527584,0.511808207113614,0.999436863219939,"YER050C"
"YER051W",4.40067323515901,-4.30082627874371,2.70651673899862,-1.58906324752122,0.112046114224539,0.999436863219939,"YER051W"
"YER052C",48.0093681975909,1.00293202141832,1.45273536846047,0.690374890838633,0.489958462748256,0.999436863219939,"YER052C"
"YER053C",100.588255739077,0.00906267634685157,1.26949761585706,0.00713878957601131,0.994304118393742,0.999436863219939,"YER053C"
"YER054C",14.1478326629538,0.376354077195394,2.10495804649533,0.178794098923733,0.858099378999361,0.999436863219939,"YER054C"
"YER055C",51.5291800095506,-0.441003892769431,0.999340063673695,-0.441295119449377,0.658999358938889,0.999436863219939,"YER055C"
"YER056C",39.53241161139,-0.0542716609025957,1.55670738971191,-0.0348631099596949,0.972188896707054,0.999436863219939,"YER056C"
"YER057C",41.5955588899736,-0.863806893185061,0.563120274574349,-1.53396517970871,0.125038219268228,0.999436863219939,"YER057C"
"YER058W",2.79653829873285,1.23352523038511,1.80500912157434,0.683390025923649,0.494360420876286,0.999436863219939,"YER058W"
"YER059W",13.2159423493635,-1.37731927946365,1.91882333665953,-0.717793688011641,0.472884505844671,0.999436863219939,"YER059W"
"YER060W",31.5678022081009,0.574054751561519,1.63179848201257,0.351792674088968,0.724993753052544,0.999436863219939,"YER060W"
"YER061C",12.1415673453663,6.34725431270409,2.58846185774757,2.45213360734137,0.014201192147314,0.63218061878007,"YER061C"
"YER062C",262.48524267562,0.620093526102353,0.599962801921208,1.03355328716494,0.301345046911846,0.999436863219939,"YER062C"
"YER063W",16.4238431164612,-0.0160811186419366,0.843885848419794,-0.0190560354484544,0.984796403684425,0.999436863219939,"YER063W"
"YER064C",14.851814822091,1.21875384241542,1.41805308904205,0.859455722661792,0.390089138249352,0.999436863219939,"YER064C"
"YER065C",1.30170226422404,-1.63588616246682,4.3156182217533,-0.379061835039294,0.704641946329039,0.999436863219939,"YER065C"
"YER066W",1.25716583406346,-4.00800163651705,5.05703418081149,-0.792559728333474,0.428034379726248,0.999436863219939,"YER066W"
"YER068W",15.7291748246914,-0.997348667913188,1.34772290276707,-0.740025019880189,0.459284812943062,0.999436863219939,"YER068W"
"YER069W",37.7709080647389,5.23839514790803,1.80831453181899,2.89683849558999,0.00376943752016855,0.335423679033506,"YER069W"
"YER070W",192.461226562889,-0.131587909413249,1.52608112376287,-0.0862260251858641,0.931286742642074,0.999436863219939,"YER070W"
"YER071C",4.30606718887408,0.661968039382749,1.68940487755293,0.391835046872598,0.69518009787025,0.999436863219939,"YER071C"
"YER072W",49.7102773532813,0.455461198818911,0.835895461850217,0.544878181071552,0.585837303541298,0.999436863219939,"YER072W"
"YER073W",32.627590678876,0.698562878826916,1.6719085740911,0.417823611680845,0.676076086143666,0.999436863219939,"YER073W"
"YER074W",123.821033467539,-0.336335803878474,0.336204259956293,-1.00039126191381,0.317121197047694,0.999436863219939,"YER074W"
"YER075C",66.3112294214848,-1.24687341264899,1.29981727757367,-0.959268224974281,0.337423638383484,0.999436863219939,"YER075C"
"YER076C",17.2733869354758,4.43589908159534,2.61945005633153,1.69344671064571,0.0903704701147742,0.999436863219939,"YER076C"
"YER077C",2.78872649734824,-0.564582233346129,3.12817077795343,-0.18048318759486,0.856773252022005,0.999436863219939,"YER077C"
"YER078C",12.0003501740612,-6.78444125521361,2.07452281731485,-3.27036232071672,0.00107409813438603,0.121749015500633,"YER078C"
"YER079W",16.1033916603564,0.410457257837704,1.62917672249675,0.251941518786659,0.801086267078096,0.999436863219939,"YER079W"
"YER080W",19.9448927335709,-0.0466985127986154,1.28198882726859,-0.0364266144956281,0.970942192959206,0.999436863219939,"YER080W"
"YER081W",36.1937346376927,0.0987874540931095,1.1868073772602,0.0832379845170539,0.933662310244856,0.999436863219939,"YER081W"
"YER082C",8.73435227208038,1.0294952290031,1.39052386509945,0.74036501986211,0.459078538016104,0.999436863219939,"YER082C"
"YER083C",21.4816921388958,0.149803494207296,1.33165571886847,0.112494162030548,0.910431598387203,0.999436863219939,"YER083C"
"YER084W",0.294630491094339,0.46120783224386,5.07085675729288,0.0909526445566723,0.927530219193757,0.999436863219939,"YER084W"
"YER086W",54.3061831822897,-0.190817780248693,1.23394244543111,-0.154640745972577,0.877104545723752,0.999436863219939,"YER086W"
"YER087W",3.54904760412404,2.70277939597115,3.27842583988146,0.82441376684271,0.40970449514414,0.999436863219939,"YER087W"
"YER088C",82.3369012204176,-1.18492229052028,1.05338707902159,-1.12486882943435,0.260644622333787,0.999436863219939,"YER088C"
"YER089C",40.5593993887741,-0.721786464708036,1.1009816959283,-0.655584436487348,0.512091542061932,0.999436863219939,"YER089C"
"YER090W",75.9374046518125,0.0537478756610405,0.946850071599342,0.0567649274929599,0.954732452674578,0.999436863219939,"YER090W"
"YER091C",61.0397658914051,-2.4090596199546,1.16371360237537,-2.0701482005858,0.0384384682996711,0.920362040171242,"YER091C"
"YER092W",22.0795373843558,0.729715981907784,1.37584439899822,0.530376823454094,0.595850691827307,0.999436863219939,"YER092W"
"YER093C",29.014166679434,1.6517617145079,1.22530571582042,1.34804048751371,0.17764536083024,0.999436863219939,"YER093C"
"YER094C",57.0913686666471,1.03594062795157,0.814238432555496,1.27228166410699,0.203273060995752,0.999436863219939,"YER094C"
"YER095W",19.3089109152223,-0.809203900603027,2.35123613735412,-0.344161051179503,0.730725171741591,0.999436863219939,"YER095W"
"YER096W",0.0751708941501615,0.689719336083214,5.07085675729695,0.13601633197205,0.891808369906095,0.999436863219939,"YER096W"
"YER097W",0.235283189555225,-1.36063994392696,4.21521129008718,-0.322792821115931,0.746852150149894,0.999436863219939,"YER097W"
"YER098W",7.65562747113177,-2.66884652587174,2.29089921092112,-1.16497771405607,0.2440280139294,0.999436863219939,"YER098W"
"YER099C",12.2616557628642,-0.0073770741437158,1.73522154131816,-0.00425137307718748,0.99660790527772,0.999436863219939,"YER099C"
"YER100W",12.7020048060669,0.241239719934948,1.41002903431763,0.17108847694877,0.864154196346963,0.999436863219939,"YER100W"
"YER101C",3.00810102171705,2.44855705757139,3.19097751731389,0.767337608706359,0.442880813328074,0.999436863219939,"YER101C"
"YER102W",132.164121690524,0.0224844807260924,0.404693970447673,0.0555592184909997,0.955692953223801,0.999436863219939,"YER102W"
"YER103W",47.8631440991953,-1.05536173725441,1.61904482387961,-0.651842198368243,0.514502976137224,0.999436863219939,"YER103W"
"YER104W",0.699742408922139,-1.81226451476392,5.06413316199505,-0.357862729275067,0.720446043764013,0.999436863219939,"YER104W"
"YER105C",39.0996571808085,-0.967470967258392,1.22929908813264,-0.787010237458176,0.431275873271445,0.999436863219939,"YER105C"
"YER107C",32.8629111183726,-0.0947706231129649,1.62284126544448,-0.0583979623460019,0.953431637816614,0.999436863219939,"YER107C"
"YER110C",68.7390096572698,1.00180402367528,0.913867117742383,1.09622504653645,0.272980301264754,0.999436863219939,"YER110C"
"YER111C",14.8252303289486,1.06596645279445,1.88743171693458,0.564770869976536,0.572229622984608,0.999436863219939,"YER111C"
"YER112W",16.9815829805869,-1.28937675778688,1.12988196157579,-1.14116058281757,0.253803104071218,0.999436863219939,"YER112W"
"YER113C",7.22081030802285,-2.71853498370021,2.44421799944529,-1.11223098116337,0.266038850457101,0.999436863219939,"YER113C"
"YER114C",9.82832407538913,0.736602397771755,2.05894320562818,0.357757511600238,0.720524789639666,0.999436863219939,"YER114C"
"YER115C",7.57275053337678,-1.57745797328736,1.99310751445946,-0.791456538015799,0.42867762862349,0.999436863219939,"YER115C"
"YER116C",3.30233769160507,2.12454794449487,3.08447377961341,0.688787811566726,0.490956806884151,0.999436863219939,"YER116C"
"YER117W",210.362552336626,-0.157809520083066,0.363862496646452,-0.433706473015277,0.664501605496593,0.999436863219939,"YER117W"
"YER118C",14.9245351200392,1.68429190858286,1.707315283067,0.986514866520273,0.323880523654304,0.999436863219939,"YER118C"
"YER119C",33.2127716213642,1.65645064849462,1.72717577262313,0.959051577002439,0.337532762790054,0.999436863219939,"YER119C"
"YER120W",68.3644708638224,0.0664110196627553,0.526326035987778,0.126178480869028,0.899590644987993,0.999436863219939,"YER120W"
"YER121W",5.55963528116922,0.566494011714354,2.04921031876463,0.276445031789546,0.78220627336072,0.999436863219939,"YER121W"
"YER122C",39.8476751208553,-0.315699321719141,0.858206007583363,-0.367859603556172,0.712977923042139,0.999436863219939,"YER122C"
"YER123W",7.50820736765317,0.225630089634439,1.98899601526883,0.1134391863545,0.909682373983785,0.999436863219939,"YER123W"
"YER124C",32.2541474064621,-0.043921257683292,2.35533450590754,-0.0186475668628515,0.985122256552549,0.999436863219939,"YER124C"
"YER125W",49.368899149622,-0.555399028599797,1.07435740086029,-0.516959280175353,0.605184584412156,0.999436863219939,"YER125W"
"YER126C",20.3856687865357,0.229742209205885,1.07876762516339,0.212967282153178,0.831352482322066,0.999436863219939,"YER126C"
"YER127W",5.6472954563553,-1.26195164885332,1.55240343579415,-0.812901865427629,0.41627432491554,0.999436863219939,"YER127W"
"YER128W",2.162946430124,2.87396143637732,3.37627222284286,0.851223256505486,0.394645346221391,0.999436863219939,"YER128W"
"YER129W",18.2518136914803,0.43892816262621,1.52202589619816,0.288384162005785,0.773052689891325,0.999436863219939,"YER129W"
"YER130C",14.1742100213873,0.199575531840225,1.65190106191649,0.120815668953371,0.903837038988047,0.999436863219939,"YER130C"
"YER131W",133.136210109298,0.180562365632887,0.398698236938358,0.452879769470373,0.650635319226875,0.999436863219939,"YER131W"
"YER132C",26.4081342797426,-0.578575994689931,1.44045073898306,-0.401663159337472,0.687931940877013,0.999436863219939,"YER132C"
"YER133W",72.5513780285049,0.190575703177574,0.645612366455654,0.295185955349362,0.767851830247895,0.999436863219939,"YER133W"
"YER134C",6.75033093485024,-1.41720780527371,2.16460069908514,-0.654720201223573,0.512647916421867,0.999436863219939,"YER134C"
"YER136W",51.742617717543,-1.57636748020218,0.880066748798486,-1.79119081859907,0.0732626790694576,0.999436863219939,"YER136W"
"YER137C",0.84659061411872,1.88259386102407,3.51018094387016,0.536323879346348,0.591734729836985,0.999436863219939,"YER137C"
"YER139C",0.0444317741580973,0.461240669998821,5.07085675729695,0.0909591203370311,0.927525073597361,0.999436863219939,"YER139C"
"YER140W",20.6992814560945,-3.32076849551584,2.30622429068383,-1.43991567035797,0.149891259053769,0.999436863219939,"YER140W"
"YER141W",30.9282526081372,-3.35435262859772,1.5064889499933,-2.22660287592062,0.0259738265888103,0.777648017126951,"YER141W"
"YER142C",9.33018087255351,-0.941447447225241,1.39386167961263,-0.675423868089178,0.499406505507333,0.999436863219939,"YER142C"
"YER143W",16.7824904655179,-0.329694224114433,2.00036438702434,-0.164817083453917,0.869087957282967,0.999436863219939,"YER143W"
"YER144C",37.740249727156,1.7016589048462,1.53472668013565,1.1087700024188,0.267529414373648,0.999436863219939,"YER144C"
"YER145C",37.9980723620991,-1.12934486393064,1.14252213361969,-0.988466508174069,0.322924229187079,0.999436863219939,"YER145C"
"YER146W",1.54490935005745,-0.244068225979896,0.800144389954154,-0.305030228349011,0.760343129825844,0.999436863219939,"YER146W"
"YER147C",6.26164121496263,-5.60843649554526,2.08740968729266,-2.68679240576838,0.00721417736001351,0.467510058917397,"YER147C"
"YER148W",24.4631648087345,0.328371103759923,0.915052984411388,0.358854743226863,0.719703757261082,0.999436863219939,"YER148W"
"YER149C",0.833974622057543,-1.60043589456371,5.05008450978286,-0.316912695512995,0.751309848569012,0.999436863219939,"YER149C"
"YER150W",112.662668454171,1.21177356811232,1.62132639111916,0.747396437108425,0.454824295417866,0.999436863219939,"YER150W"
"YER151C",55.004255183944,0.372615566482992,0.954057151961473,0.390558957308712,0.696123268014687,0.999436863219939,"YER151C"
"YER152C",47.3362978730313,0.489057720835116,1.35631639180302,0.360577903349665,0.718415010157591,0.999436863219939,"YER152C"
"YER153C",8.15708232819025,-0.127528972855006,2.20266202688203,-0.0578976580603832,0.953830148591948,0.999436863219939,"YER153C"
"YER154W",47.9180656023873,-0.45512349974555,0.952866997774049,-0.477635914360288,0.632909364293643,0.999436863219939,"YER154W"
"YER155C",129.200007961889,0.93315687028759,0.807968062914183,1.1549427670716,0.248113864466108,0.999436863219939,"YER155C"
"YER156C",51.8737293201489,-0.417699656294295,0.983052561648948,-0.424900633587339,0.670909112768831,0.999436863219939,"YER156C"
"YER157W",6.35709894192879,0.0092773427334986,1.85879315173731,0.00499105708713614,0.996017729141588,0.999436863219939,"YER157W"
"YER158C",6.1602879059885,4.44644578899676,2.61706312486041,1.69902122220836,0.089315185038446,0.999436863219939,"YER158C"
"YER159C",8.20343842395982,0.76626174976074,1.24260545916561,0.616657317983515,0.537460779470713,0.999436863219939,"YER159C"
"YER161C",16.8950532424809,-0.826590021540814,1.26191639880886,-0.655027561509654,0.512450008996116,0.999436863219939,"YER161C"
"YER162C",7.46775705702587,-0.265000015241178,2.39533669885111,-0.11063163494647,0.911908460403234,0.999436863219939,"YER162C"
"YER163C",49.6308276365213,-0.101934718305415,1.18086597801266,-0.0863220045317641,0.931210446676153,0.999436863219939,"YER163C"
"YER164W",38.4708178794417,1.26679747318511,1.09186272953945,1.16021679183009,0.24596055197321,0.999436863219939,"YER164W"
"YER165W",130.045349416221,-0.574348567827096,0.580249248425953,-0.98983078286639,0.322256836018979,0.999436863219939,"YER165W"
"YER166W",59.3438894566812,1.4524785023549,1.11769976030885,1.29952475068397,0.193763905105098,0.999436863219939,"YER166W"
"YER167W",36.9349841843704,-1.92568055245845,1.87669473286107,-1.02610217780209,0.304843423878698,0.999436863219939,"YER167W"
"YER168C",11.9429450740175,-0.201244227552988,1.4878151264322,-0.135261581884555,0.892405059088453,0.999436863219939,"YER168C"
"YER169W",18.4238888019873,3.10901036433828,1.82481412065487,1.70374085182033,0.0884295124947655,0.999436863219939,"YER169W"
"YER170W",6.48129877945566,1.95396166865384,2.61533981431825,0.747115788914482,0.454993670335069,0.999436863219939,"YER170W"
"YER171W",10.2057590968475,0.434596077307384,1.70754059215917,0.254515810226123,0.799097091366229,0.999436863219939,"YER171W"
"YER172C",25.4776425291185,1.9175059563379,1.22852716387595,1.56081689743696,0.118566959380092,0.999436863219939,"YER172C"
"YER173W",5.25119735915886,-3.16199365494322,2.63494024612995,-1.20002480495995,0.230129707032159,0.999436863219939,"YER173W"
"YER174C",6.03296532251647,1.17574958543645,1.67041010539768,0.703868817386337,0.481514472233815,0.999436863219939,"YER174C"
"YER175C",20.1899823752139,0.954426812653906,1.77489897911386,0.537735850820317,0.590759424814619,0.999436863219939,"YER175C"
"YER176W",40.58722705307,0.679118226643439,1.14440784566598,0.593423253095779,0.552897930844823,0.999436863219939,"YER176W"
"YER177W",200.001595730154,0.101070824735211,0.39428629918565,0.256338667977965,0.797689341706213,0.999436863219939,"YER177W"
"YER178W",220.400312680214,-0.101673260953961,0.44186656098839,-0.230099468777482,0.81801447767346,0.999436863219939,"YER178W"
"YER179W",1.58913978898063,0.461196102779945,4.08820600609976,0.11281136569239,0.910180107349236,0.999436863219939,"YER179W"
"YER180C",5.82627066170338,-0.535015460271352,2.28947514740259,-0.233684764334886,0.815229716605729,0.999436863219939,"YER180C"
"YER181C",0.194043023897356,0.461224721008484,5.07085675729629,0.0909559751110782,0.927527572765026,0.999436863219939,"YER181C"
"YER182W",14.8158284171813,-0.745261000767738,1.63933242295552,-0.454612493678447,0.649388044903973,0.999436863219939,"YER182W"
"YER183C",8.5514840291601,-1.17420852782988,1.97780402359298,-0.593693062519283,0.552717423968514,0.999436863219939,"YER183C"
"YER184C",0.792414991384385,3.95460886930163,5.04964602383598,0.783145759254131,0.433541522480492,0.999436863219939,"YER184C"
"YER185W",0.089825168523088,0.350264061598597,5.07085675729694,0.0690739412219777,0.944930763365949,0.999436863219939,"YER185W"
"YER186C",25.048712909833,-1.18041489953194,1.76007230768183,-0.670662730377622,0.5024354104347,0.999436863219939,"YER186C"
"YER187W",0.0749358606972276,0.80068379189781,5.07085675729669,0.157899114532405,0.874536295812446,0.999436863219939,"YER187W"
"YER188W",0.314551098748494,-2.31871674098525,5.059545180318,-0.458285608359665,0.646747262275648,0.999436863219939,"YER188W"
"YER190W",0.167519496830791,-1.64756607250214,5.06523014286095,-0.32526973622793,0.744976933567769,0.999436863219939,"YER190W"
"YHL001W",70.9538243284901,-0.224799765652181,0.411991612281414,-0.545641607622415,0.585312317657851,0.999436863219939,"YHL001W"
"YHL002W",19.0851606732906,-1.65179294020558,1.40339011682615,-1.17700197571663,0.239194717676287,0.999436863219939,"YHL002W"
"YHL003C",33.1694370075242,0.47018222395277,1.24225979541079,0.378489447770697,0.705067031243497,0.999436863219939,"YHL003C"
"YHL004W",11.6623767354903,-0.107363881143516,1.47669558310078,-0.0727054935168641,0.942040476927364,0.999436863219939,"YHL004W"
"YHL006C",0.989202606841148,-0.0936375518842284,3.75772813453213,-0.0249186605661367,0.980119842875963,0.999436863219939,"YHL006C"
"YHL007C",32.6530394154992,-1.1070429479448,1.26509431371894,-0.875067523377351,0.381537166645755,0.999436863219939,"YHL007C"
"YHL008C",35.550952045685,0.548477990490617,1.48327967916125,0.369773818246309,0.711551024713867,0.999436863219939,"YHL008C"
"YHL009C",54.6733194347325,-0.719258607481702,1.6135544530086,-0.445760356051565,0.655770361313818,0.999436863219939,"YHL009C"
"YHL010C",2.06645241942963,-1.47048993808112,2.5066997081862,-0.586623891676734,0.557456333113595,0.999436863219939,"YHL010C"
"YHL011C",41.4107570036459,1.20706465273235,0.979326716415915,1.23254541359792,0.217745413304314,0.999436863219939,"YHL011C"
"YHL012W",0.24935055690973,0.350245631050086,5.0708567572943,0.0690703066195404,0.94493365644949,0.999436863219939,"YHL012W"
"YHL013C",10.1329977030099,1.35013276375231,1.67137601133938,0.807797141153394,0.419207371154869,0.999436863219939,"YHL013C"
"YHL014C",0.782399046425745,0.97039908729498,4.3197866964877,0.224640510163149,0.822258947657348,0.999436863219939,"YHL014C"
"YHL015W",25.0163878507361,0.16250163833908,0.523842661727172,0.310210775508991,0.756400676786663,0.999436863219939,"YHL015W"
"YHL016C",10.2373196734836,1.1537760618287,2.70360937902115,0.426753979617586,0.66955852922589,0.999436863219939,"YHL016C"
"YHL017W",17.1176994027889,-0.87297211877263,2.2678317963064,-0.384936890026162,0.700284173612488,0.999436863219939,"YHL017W"
"YHL018W",1.11527331166662,-3.69851014617983,3.70596063411745,-0.997989593340785,0.318284404955603,0.999436863219939,"YHL018W"
"YHL019C",6.91664795082349,1.92675897235076,2.14657231313329,0.897597980073788,0.369399916311962,0.999436863219939,"YHL019C"
"YHL020C",7.2554438524993,-0.622136820955303,1.73626251837219,-0.358319559612782,0.720104182130233,0.999436863219939,"YHL020C"
"YHL021C",38.8494952956096,-0.243574399241308,1.58110638221054,-0.154053137715356,0.877567837777444,0.999436863219939,"YHL021C"
"YHL022C",0.278725608115251,0.970387918807463,5.07085675729425,0.191365673544533,0.848239111593349,0.999436863219939,"YHL022C"
"YHL023C",34.3174073083492,0.173977416486684,1.80548097647924,0.096360703188325,0.923234101154111,0.999436863219939,"YHL023C"
"YHL024W",25.476557900076,0.171585582252738,2.24521675424936,0.076422724856293,0.939082790651217,0.999436863219939,"YHL024W"
"YHL025W",22.9518296537038,0.234479494931393,1.23256199149899,0.190237486267307,0.849123037655459,0.999436863219939,"YHL025W"
"YHL026C",10.8325879852972,0.763877679154406,2.33767835520737,0.32676765708713,0.743843623605469,0.999436863219939,"YHL026C"
"YHL027W",29.6158977375388,0.0112514225819113,1.61224108120219,0.0069787469833739,0.99443181072609,0.999436863219939,"YHL027W"
"YHL028W",34.9149112321232,-0.197348149490763,2.31254852008264,-0.0853379497887082,0.931992721990922,0.999436863219939,"YHL028W"
"YHL029C",1.14019452268782,1.32909578419678,3.38627964226973,0.39249439638893,0.694692950923984,0.999436863219939,"YHL029C"
"YHL030W",29.1609201389031,-0.938388144127769,1.19077206611048,-0.788050182595322,0.430667353166297,0.999436863219939,"YHL030W"
"YHL031C",3.36744802862072,-3.00805486361389,1.67964115533291,-1.79089137823471,0.0733107275171055,0.999436863219939,"YHL031C"
"YHL032C",30.880693153718,0.741252493956775,1.63433718210873,0.453549305535816,0.650153247961348,0.999436863219939,"YHL032C"
"YHL033C",67.2254607819978,-0.802010121291828,0.543325258548337,-1.47611418514694,0.139913241466972,0.999436863219939,"YHL033C"
"YHL034C",28.0510568522678,0.103971655216117,0.731932871809683,0.142050807144445,0.887039874248193,0.999436863219939,"YHL034C"
"YHL035C",111.083084092714,2.07490655046733,1.14832888851029,1.80689223377379,0.0707790836860234,0.999436863219939,"YHL035C"
"YHL036W",2.76662711957435,0.130249698701691,1.41101834676399,0.0923090043445599,0.926452534484753,0.999436863219939,"YHL036W"
"YHL037C",0.183517281516983,0.461222156984811,5.0708567572958,0.0909554694719425,0.927527974541308,0.999436863219939,"YHL037C"
"YHL038C",5.70797784155402,1.38137964909495,2.30486412778804,0.599332356489342,0.548951275086899,0.999436863219939,"YHL038C"
"YHL039W",9.44715813795956,-1.00317113809033,1.45255306528945,-0.690626154776955,0.489800506656564,0.999436863219939,"YHL039W"
"YHL040C",95.6491901207368,-0.319451630001723,1.59038450542939,-0.20086440034542,0.840804604759589,0.999436863219939,"YHL040C"
"YHL041W",0.4380277663025,-1.81312058683062,5.06412778014771,-0.358032155890373,0.720319249558195,0.999436863219939,"YHL041W"
"YHL042W",1.3345745887235,0.0380158188580327,3.39136047980462,0.0112096072017159,0.991056214787138,0.999436863219939,"YHL042W"
"YHL043W",3.9947232139087,-1.98080435009264,2.5175767730611,-0.78679004798896,0.431404780260432,0.999436863219939,"YHL043W"
"YHL044W",9.12630389336763,-0.151114648244038,2.22530401826184,-0.0679074171456682,0.945859334356755,0.999436863219939,"YHL044W"
"YHL047C",98.5802801428745,3.69902030797381,1.66802558268509,2.21760406217472,0.0265818406822426,0.780694256884386,"YHL047C"
"YHL048W",9.34594401397632,0.311473478194834,1.73925921633833,0.17908398890108,0.857871753776804,0.999436863219939,"YHL048W"
"YHL049C",0.210292182867423,0.461218178033231,5.07085675729452,0.0909546848014905,0.927528598033384,0.999436863219939,"YHL049C"
"YHL050C",6.51626472443853,5.12555804367337,1.63490059382849,3.13508849591322,0.00171802275600281,0.173607655445573,"YHL050C"
"YHR001W",25.3143498167311,-2.69857677692939,1.53105526493463,-1.76256000598686,0.0779747274391558,0.999436863219939,"YHR001W"
"YHR002W",4.81581925321043,-5.19280445434785,3.04127190075228,-1.70744498479842,0.0877393751462637,0.999436863219939,"YHR002W"
"YHR003C",7.3652340856076,-0.0530191056826176,1.97735036137372,-0.0268132075722705,0.978608718886677,0.999436863219939,"YHR003C"
"YHR004C",6.77807149721222,1.00402909551485,1.72074780071302,0.583484166069434,0.559567413142866,0.999436863219939,"YHR004C"
"YHR005C",17.18187076219,0.952449724601016,1.54316898118421,0.617203777560459,0.537100324396938,0.999436863219939,"YHR005C"
"YHR006W",16.2300736678545,-0.87182667967797,2.0776934748757,-0.419612753382752,0.674768370164838,0.999436863219939,"YHR006W"
"YHR007C",90.0083351258131,0.702410535017571,0.855686228721764,0.820873950568121,0.411718070337904,0.999436863219939,"YHR007C"
"YHR008C",87.0828747181931,-0.568114456859668,0.696704702105999,-0.815430777404503,0.414825773085252,0.999436863219939,"YHR008C"
"YHR009C",30.9021393455126,0.519972154406879,1.32347697228334,0.392883416407156,0.694405590529917,0.999436863219939,"YHR009C"
"YHR010W",158.474500610336,0.324280827058107,0.349141703535178,0.928794308370079,0.352995694676051,0.999436863219939,"YHR010W"
"YHR011W",14.747066903269,0.65767566089346,1.73555045312027,0.378943556328802,0.70472977876987,0.999436863219939,"YHR011W"
"YHR012W",23.7614464090172,-0.360007696326007,1.57602605830189,-0.228427502470296,0.819313910688865,0.999436863219939,"YHR012W"
"YHR013C",32.7608782996539,-0.853616054922148,1.14829438239407,-0.743377367345861,0.457253242842095,0.999436863219939,"YHR013C"
"YHR014W",0.772512659616492,0.239255587330945,4.73643857834985,0.0505138161032166,0.959712939802244,0.999436863219939,"YHR014W"
"YHR015W",0.116461867696422,1.80593062953234,5.06851640991731,0.356303597241742,0.721613215664642,0.999436863219939,"YHR015W"
"YHR016C",17.5339528957088,-1.88016814126024,2.01043865073568,-0.935202942189871,0.349683722553623,0.999436863219939,"YHR016C"
"YHR017W",16.9858954081694,3.2616541468203,1.84261009152498,1.77012714834363,0.0767059619277754,0.999436863219939,"YHR017W"
"YHR018C",52.4238305483773,0.255971761559641,1.9737450014008,0.129688364696541,0.896812988446614,0.999436863219939,"YHR018C"
"YHR019C",169.541510684457,-1.02484376754057,0.627254400625989,-1.63385664017311,0.102288956025176,0.999436863219939,"YHR019C"
"YHR020W",63.6482357974017,-0.142036696195316,0.737966549682625,-0.192470371802626,0.847373773887845,0.999436863219939,"YHR020W"
"YHR021C",138.902487115719,0.0263159738603557,0.29929496149371,0.0879265515497453,0.929935053243115,0.999436863219939,"YHR021C"
"YHR022C",0.707710838645683,-1.56213878002666,5.05961871443621,-0.308746343982311,0.757514487496658,0.999436863219939,"YHR022C"
"YHR023W",71.958476570796,0.207150185929337,0.873999342912989,0.237014120901873,0.812645835448177,0.999436863219939,"YHR023W"
"YHR024C",26.4886768916057,0.669187502104968,1.52334987806755,0.439286805834698,0.660453733303554,0.999436863219939,"YHR024C"
"YHR025W",147.841933292935,0.516940081158587,0.773431182091074,0.668372433292605,0.5038958875464,0.999436863219939,"YHR025W"
"YHR026W",36.2963459015736,-0.590131531964519,0.729554457873901,-0.808893051910485,0.41857666582103,0.999436863219939,"YHR026W"
"YHR027C",75.1334744118539,-0.770791869438468,0.758469546956452,-1.01624629826136,0.309512114227609,0.999436863219939,"YHR027C"
"YHR028C",62.6427918167649,0.811182140756648,1.25979468009079,0.643900274843347,0.519640103560754,0.999436863219939,"YHR028C"
"YHR029C",20.3839866380029,0.806331801563279,1.25343298121725,0.643298695379965,0.520030302662164,0.999436863219939,"YHR029C"
"YHR030C",39.8339751741901,0.391890092408057,1.52086616866153,0.257675593344907,0.79665728385747,0.999436863219939,"YHR030C"
"YHR031C",10.0160677602144,-0.756289414734124,2.28288882645718,-0.331286134466658,0.740428363642978,0.999436863219939,"YHR031C"
"YHR032W",10.7550500690413,-0.055164629467565,2.07800965292392,-0.0265468591014214,0.978821158595416,0.999436863219939,"YHR032W"
"YHR033W",17.1133129502229,-1.97094515187411,1.87531662786663,-1.05099326832945,0.293261681581818,0.999436863219939,"YHR033W"
"YHR034C",8.84154644443446,1.41129720181156,2.02885683464237,0.695612020382077,0.486671836310652,0.999436863219939,"YHR034C"
"YHR035W",1.35899460043235,-0.632254719900644,3.48823478732267,-0.18125348735081,0.856168612966074,0.999436863219939,"YHR035W"
"YHR036W",0.859522152085054,0.280350973995699,2.79394559060394,0.10034231695081,0.920072562931385,0.999436863219939,"YHR036W"
"YHR037W",26.8664287072553,0.203262823550258,1.42705076018507,0.14243559459924,0.886735948569483,0.999436863219939,"YHR037W"
"YHR038W",4.559295782688,1.22074157169847,1.94043397191122,0.629107503460222,0.529278678448655,0.999436863219939,"YHR038W"
"YHR039C",15.6727212976159,-0.0855094199908544,1.61585997060026,-0.0529188305587452,0.957796580801125,0.999436863219939,"YHR039C"
"YHR040W",21.1071297252757,0.954637087095775,1.58830141144543,0.601042774511552,0.547811496740464,0.999436863219939,"YHR040W"
"YHR041C",36.1466405568252,1.55783755339357,0.866907333695616,1.7970058538466,0.0723346904400708,0.999436863219939,"YHR041C"
"YHR042W",237.261232999112,0.540023773275274,0.658891750721941,0.819594072446005,0.412447553906484,0.999436863219939,"YHR042W"
"YHR043C",12.8669256630596,3.13326721886576,1.34930238236581,2.32213865462241,0.0202254708809154,0.699177426082664,"YHR043C"
"YHR044C",1.39392159580726,0.221566176156953,3.25450896819444,0.0680797559085773,0.945722145406602,0.999436863219939,"YHR044C"
"YHR045W",4.06484424473329,-1.09201605042182,2.04625264177371,-0.533666287401958,0.593572437567614,0.999436863219939,"YHR045W"
"YHR046C",5.37741943175371,1.12561467085266,1.92879446455788,0.583584560997107,0.559499849895637,0.999436863219939,"YHR046C"
"YHR047C",22.4088311678956,-1.60055810801349,1.80769573110882,-0.885413446781623,0.37593368259934,0.999436863219939,"YHR047C"
"YHR048W",9.78340845974909,2.77137356165191,3.05318944840919,0.907697870859566,0.364037869168592,0.999436863219939,"YHR048W"
"YHR049W",57.6069548428306,0.292837683814607,0.846885447868766,0.345781929010055,0.729506606957661,0.999436863219939,"YHR049W"
"YHR050W",16.131991757123,-0.562879529489222,1.89926466148326,-0.296367084011153,0.766949759931721,0.999436863219939,"YHR050W"
"YHR051W",12.2168420842775,-0.986649296976184,1.13187872441566,-0.871691706623027,0.383376585819047,0.999436863219939,"YHR051W"
"YHR052W",21.8415314266908,-0.242493636582443,1.26094863007506,-0.192310480219966,0.847499009590813,0.999436863219939,"YHR052W"
"YHR054C",0.456904870496214,-0.835709994009493,1.90631270694263,-0.438390821697777,0.66110299870788,0.999436863219939,"YHR054C"
"YHR056C",13.7101320555293,-1.61542474616221,1.61972921496616,-0.997342476282968,0.318598302641238,0.999436863219939,"YHR056C"
"YHR057C",24.9978660852,-0.33406586814016,1.46118574256358,-0.228626558834373,0.81915918027069,0.999436863219939,"YHR057C"
"YHR058C",1.76695847216337,-0.738530306897879,2.86168783367809,-0.258075076605632,0.79634896618341,0.999436863219939,"YHR058C"
"YHR059W",2.6449712624704,1.94820998839151,1.94020632678328,1.00412516003981,0.315318289526661,0.999436863219939,"YHR059W"
"YHR060W",11.8966889006132,0.646225212034515,1.16483351794461,0.554779032436158,0.579045810544233,0.999436863219939,"YHR060W"
"YHR061C",5.06158574334874,3.04371211535807,2.52910039090831,1.20347619505327,0.228792097872458,0.999436863219939,"YHR061C"
"YHR062C",15.187720037689,-1.28146999755682,1.98399143279366,-0.645905005624135,0.518340877668413,0.999436863219939,"YHR062C"
"YHR063C",26.0989194233562,-0.396895843962564,1.31961396679817,-0.300766628687304,0.763592457238291,0.999436863219939,"YHR063C"
"YHR064C",50.3236242277221,-0.67002112926334,0.705542837125108,-0.94965336476732,0.342288413257307,0.999436863219939,"YHR064C"
"YHR065C",18.1734246718205,0.3061150281364,1.47665595938401,0.207302876605121,0.835773327738683,0.999436863219939,"YHR065C"
"YHR066W",21.5895080583162,-1.82197516470266,1.26003086160293,-1.44597661868762,0.148183759939869,0.999436863219939,"YHR066W"
"YHR067W",4.43212677309941,0.334575490411098,2.6155523514175,0.127917718882505,0.898214088602743,0.999436863219939,"YHR067W"
"YHR068W",103.254847456169,0.571232453483979,0.702717752958706,0.812890312047583,0.416280949493466,0.999436863219939,"YHR068W"
"YHR069C",7.18763973054816,-0.048110918862856,1.81732954647116,-0.0264734147729433,0.978879738103088,0.999436863219939,"YHR069C"
"YHR070W",3.90335735372694,-1.46262499691813,2.17027854419334,-0.673934228779729,0.500353129518857,0.999436863219939,"YHR070W"
"YHR071W",17.7927677724667,1.50694217119339,0.968297611422369,1.55627996332634,0.11964153385507,0.999436863219939,"YHR071W"
"YHR072W",29.7214952326493,0.110881042194372,1.24777736217205,0.0888628416862424,0.929190914720915,0.999436863219939,"YHR072W"
"YHR073W",31.1490798289113,1.2171455693696,1.37861004316374,0.882878791870979,0.377301763433313,0.999436863219939,"YHR073W"
"YHR074W",34.7385348621122,-2.17830859998453,1.2429586509434,-1.75251895815778,0.0796846128918924,0.999436863219939,"YHR074W"
"YHR075C",5.49995068181083,-1.16414616965225,1.2462322987549,-0.934132561654312,0.350235517356375,0.999436863219939,"YHR075C"
"YHR076W",5.90975299564236,-1.19894144154688,2.03334109656909,-0.589641080667618,0.55543130397718,0.999436863219939,"YHR076W"
"YHR077C",34.5683701492258,0.357250900189998,1.22734236300043,0.291076810317737,0.770992575099978,0.999436863219939,"YHR077C"
"YHR078W",41.3579952868277,-0.164713859195378,1.40332362990539,-0.117374107928678,0.906563601109151,0.999436863219939,"YHR078W"
"YHR079C",23.6147439893647,0.874827224140574,1.39918265343684,0.625241616590744,0.53181249180295,0.999436863219939,"YHR079C"
"YHR080C",60.303589781159,0.051147589314929,1.30326073981128,0.0392458605960426,0.968694370312398,0.999436863219939,"YHR080C"
"YHR081W",12.8033599005599,-2.25798787653326,1.23724356561124,-1.82501484694951,0.0679987888890062,0.999436863219939,"YHR081W"
"YHR082C",35.5696171542965,0.77970293120211,1.18318937113739,0.658984056332918,0.509906006954927,0.999436863219939,"YHR082C"
"YHR083W",62.7114883283872,-1.15137473396716,1.12290694181235,-1.02535187119679,0.305197188794982,0.999436863219939,"YHR083W"
"YHR084W",10.2926961034417,1.19008441659324,1.78489195447251,0.666754317319421,0.50492907707761,0.999436863219939,"YHR084W"
"YHR085W",7.76212421341827,-1.19048004408582,2.58444756945028,-0.460632306167865,0.645062429439944,0.999436863219939,"YHR085W"
"YHR086W",29.9001892291003,-0.844974484999262,1.67669612509177,-0.503952071191799,0.614295057834729,0.999436863219939,"YHR086W"
"YHR087W",149.902553481164,-0.955886285873328,0.851439299739856,-1.12267108901995,0.261577211033,0.999436863219939,"YHR087W"
"YHR088W",8.76645898037016,0.215154561732979,1.61009807991863,0.133628233221576,0.8936965575257,0.999436863219939,"YHR088W"
"YHR089C",55.8882824688608,0.303942615476985,0.636776348503684,0.47731454880697,0.633138152477964,0.999436863219939,"YHR089C"
"YHR090C",6.8259067387286,1.59755000025688,1.72491001051159,0.926164258147629,0.354360623984517,0.999436863219939,"YHR090C"
"YHR091C",1.75214036352118,-3.65833065208263,2.04841241256071,-1.78593462412648,0.0741098440298686,0.999436863219939,"YHR091C"
"YHR092C",0.613932995980335,-1.68248394696596,2.68844181569815,-0.625821223707249,0.53143220932153,0.999436863219939,"YHR092C"
"YHR094C",1006.8951376206,0.460560642273648,0.475120395473733,0.969355655242777,0.33236776955835,0.999436863219939,"YHR094C"
"YHR095W",0.0652884746586992,0.630962545297809,5.07085675729694,0.124429179426111,0.90097547102915,0.999436863219939,"YHR095W"
"YHR096C",78.8979946030037,-1.62678118653683,1.53129617848075,-1.06235567579802,0.288074247801217,0.999436863219939,"YHR096C"
"YHR097C",8.97355791068348,-2.81480391624942,1.91848087660251,-1.46720457346139,0.142320413185409,0.999436863219939,"YHR097C"
"YHR098C",104.754453146026,-0.404140206144453,0.903069722249472,-0.447518277035989,0.65450089440349,0.999436863219939,"YHR098C"
"YHR099W",91.9746316641632,-0.72301613655994,0.869642113793913,-0.831395036063398,0.405750502372723,0.999436863219939,"YHR099W"
"YHR100C",31.9368926043943,-1.1724272719369,1.63684582245317,-0.716272269418613,0.473823246189323,0.999436863219939,"YHR100C"
"YHR101C",1.05571516650625,-4.03120799765792,4.61900089223789,-0.872744580853461,0.382802312495226,0.999436863219939,"YHR101C"
"YHR102W",18.2119599843318,0.46064329499965,1.48392154031462,0.310422945206379,0.756239347621394,0.999436863219939,"YHR102W"
"YHR103W",30.3317777380234,0.136970534328386,1.27275340069873,0.107617496251191,0.914299117595697,0.999436863219939,"YHR103W"
"YHR104W",147.577951053406,1.29639249562976,0.909377851460834,1.425581779397,0.153989098768498,0.999436863219939,"YHR104W"
"YHR105W",0.935996148034657,-0.973838827512972,5.05362372278413,-0.192701095477775,0.847193065467348,0.999436863219939,"YHR105W"
"YHR106W",36.9590962215356,1.2048809276268,1.72746993325545,0.697483009360504,0.485500568795657,0.999436863219939,"YHR106W"
"YHR107C",25.3348225302171,0.294467366925336,1.47213089919181,0.200027977870037,0.841458700099674,0.999436863219939,"YHR107C"
"YHR108W",43.0656026748456,0.733223388931233,1.23948115855796,0.591556704084378,0.55414747354343,0.999436863219939,"YHR108W"
"YHR109W",0.670053078116487,-0.995076233123751,4.19443474391978,-0.237237266491321,0.81247272691209,0.999436863219939,"YHR109W"
"YHR110W",41.8799462237575,-0.821694526916796,1.19868488969541,-0.685496692233765,0.493030547218716,0.999436863219939,"YHR110W"
"YHR111W",14.9820926280331,-1.61588198986553,1.62242436029417,-0.995967534395593,0.319265919732476,0.999436863219939,"YHR111W"
"YHR112C",40.0513848262325,-0.625806691052861,1.66459551453829,-0.375951205915895,0.706953171385327,0.999436863219939,"YHR112C"
"YHR113W",30.9802587968337,-0.757668289716496,1.28495515126315,-0.589645707845666,0.555428201142301,0.999436863219939,"YHR113W"
"YHR114W",11.8754698383075,-0.0671648279428397,1.42759287673807,-0.0470476065251221,0.962475284991963,0.999436863219939,"YHR114W"
"YHR115C",1.80809678492493,2.76467477268114,2.43663233144547,1.13462943793455,0.256530613507951,0.999436863219939,"YHR115C"
"YHR116W",3.87797492434585,-0.648924282050022,2.82977752112552,-0.229319894304595,0.818620292018439,0.999436863219939,"YHR116W"
"YHR117W",18.3547850726111,0.667121705290763,1.15492320869822,0.577632954525796,0.563511953055071,0.999436863219939,"YHR117W"
"YHR118C",6.17065609568724,2.82405390118673,1.43197967776873,1.97213266712492,0.048594463660427,0.999436863219939,"YHR118C"
"YHR119W",22.483207750679,0.893884974266415,1.52751718548559,0.585188162044968,0.558421203818649,0.999436863219939,"YHR119W"
"YHR120W",4.46629654468539,-3.68327536445915,2.67536472459623,-1.37673765770947,0.168593371516891,0.999436863219939,"YHR120W"
"YHR121W",15.4376580374601,-0.198391043089311,1.23756143328859,-0.160308036233905,0.872638428747005,0.999436863219939,"YHR121W"
"YHR122W",8.79545146802289,-1.87503982077865,1.67804461799386,-1.11739568821495,0.263825177927087,0.999436863219939,"YHR122W"
"YHR123W",46.3882056330052,-0.321134964278491,1.68162004088152,-0.190967612463842,0.848550967661356,0.999436863219939,"YHR123W"
"YHR124W",6.91345973882002,-1.113789696548,2.64444234949252,-0.421181311349721,0.67362269006371,0.999436863219939,"YHR124W"
"YHR125W",0,0,0,0,1,NA,"YHR125W"
"YHR126C",0,0,0,0,1,NA,"YHR126C"
"YHR127W",5.72635049911685,-1.62576188003708,1.8152444245339,-0.895615961169818,0.370457908086706,0.999436863219939,"YHR127W"
"YHR128W",17.7098032398316,-2.22660927039601,1.07835969539145,-2.0648112869127,0.0389408594946268,0.928203191380339,"YHR128W"
"YHR129C",11.1295225022315,-1.04533135336358,1.81828742489538,-0.574898852101849,0.565359706310093,0.999436863219939,"YHR129C"
"YHR130C",3.38602318557799,1.32781451310797,1.77987745758284,0.746014568278878,0.455658614685993,0.999436863219939,"YHR130C"
"YHR131C",2.72039477999344,0.479043785171531,2.91365867576178,0.164413144599473,0.869405916488155,0.999436863219939,"YHR131C"
"YHR132C",25.9778121178359,0.733270166790851,1.55309343467641,0.47213525626913,0.636830248728137,0.999436863219939,"YHR132C"
"YHR133C",16.6585475547129,1.04007295743443,0.975220254236306,1.06650057042643,0.28619742097047,0.999436863219939,"YHR133C"
"YHR134W",1.63180567807947,-3.32180920418213,3.11588422948063,-1.06608877594141,0.286383512916568,0.999436863219939,"YHR134W"
"YHR135C",42.3527301136779,-0.311350854703476,0.965430263777741,-0.322499580120014,0.747074255793629,0.999436863219939,"YHR135C"
"YHR136C",1.6243130825472,-0.834794690583838,3.80816387425462,-0.219211861187889,0.826485016289217,0.999436863219939,"YHR136C"
"YHR137W",0.389984768302136,1.62758792416499,1.98225921907335,0.82107723778217,0.411602274570877,0.999436863219939,"YHR137W"
"YHR138C",22.294716648354,-0.684389444151426,1.13715654279446,-0.601842770450582,0.547278801980304,0.999436863219939,"YHR138C"
"YHR139C",0.158594444630827,0.350255631845802,5.07085675729635,0.069072278829771,0.944932086602613,0.999436863219939,"YHR139C"
"YHR140W",4.86299587116713,3.20944102803376,2.12991293630612,1.5068414174712,0.131851310452419,0.999436863219939,"YHR140W"
"YHR141C",262.327781373644,0.0811569946287696,0.265348491580971,0.305850597247524,0.759718402163594,0.999436863219939,"YHR141C"
"YHR142W",24.8609749340708,-2.67603714276261,1.96287539909633,-1.36332502001635,0.17278010009552,0.999436863219939,"YHR142W"
"YHR143W-A",12.2171705160829,1.64825669426008,1.04255501691957,1.58097814265013,0.113883035459752,0.999436863219939,"YHR143W-A"
"YHR143W",47.5319191409061,0.391346406198211,2.06005044879705,0.189969331298044,0.849333162961534,0.999436863219939,"YHR143W"
"YHR144C",1.30582917171008,-4.33850966498627,3.40540165833626,-1.27400820821409,0.20266050719663,0.999436863219939,"YHR144C"
"YHR146W",14.7764969885641,0.29309573511607,0.864556414280816,0.339012851301188,0.734600048913117,0.999436863219939,"YHR146W"
"YHR147C",19.2509144316934,-0.516663803620379,1.46750351390627,-0.352069891979406,0.724785847347534,0.999436863219939,"YHR147C"
"YHR148W",4.51787881764691,-4.27690572156903,2.28754162320521,-1.86965154128055,0.0615322229126925,0.999436863219939,"YHR148W"
"YHR149C",17.7096740614601,-0.620901482333708,2.35258266239947,-0.263923343590585,0.791838987617324,0.999436863219939,"YHR149C"
"YHR150W",7.58258931741298,0.347965262634779,2.78531633256385,0.124928453751061,0.900580191996386,0.999436863219939,"YHR150W"
"YHR151C",10.9413206655744,-1.58304771949911,2.68525113618097,-0.589534326294175,0.555502892333341,0.999436863219939,"YHR151C"
"YHR152W",5.04306835690906,-0.670421484231089,1.79891631338547,-0.372680751874104,0.709386063849781,0.999436863219939,"YHR152W"
"YHR153C",1.07689946176492,-0.439198177710903,5.0707232158103,-0.0866145042863909,0.930977936476836,0.999436863219939,"YHR153C"
"YHR154W",16.0253840855216,-0.16086047202453,1.39273595702804,-0.115499618727292,0.908049122666622,0.999436863219939,"YHR154W"
"YHR155W",29.5456780315783,-0.0328945778681077,1.49697536779173,-0.0219740274795786,0.982468673603266,0.999436863219939,"YHR155W"
"YHR156C",1.10260684085143,1.81001756481927,3.30113746905709,0.548301178543852,0.583485118297454,0.999436863219939,"YHR156C"
"YHR157W",0.439144931138669,0.35023553301429,5.07085675729466,0.0690683152330146,0.944935241560599,0.999436863219939,"YHR157W"
"YHR158C",18.0185863735962,0.14336744240324,1.32921850923842,0.107858445700837,0.91410798028599,0.999436863219939,"YHR158C"
"YHR159W",3.35404905231267,-1.56905442381994,2.69749137390051,-0.581671711354214,0.560787829592098,0.999436863219939,"YHR159W"
"YHR160C",0.333516827807263,3.70931873284599,5.05400087418004,0.733937097596522,0.46298707595062,0.999436863219939,"YHR160C"
"YHR161C",48.8000173935693,-0.454599336006353,1.2801915682463,-0.35510258564591,0.72251273965824,0.999436863219939,"YHR161C"
"YHR162W",179.973341842338,1.12624664373495,0.456016297167507,2.4697508635777,0.0135207179813206,0.624887756625066,"YHR162W"
"YHR163W",74.2826207939984,0.0369774685762424,0.644915197315102,0.0573369471369045,0.954276789191035,0.999436863219939,"YHR163W"
"YHR164C",40.8864874331384,0.223533355696816,1.23028861278763,0.181691802535933,0.85582459952431,0.999436863219939,"YHR164C"
"YHR165C",46.886323609107,2.03527296568491,1.1641186550161,1.74833807268278,0.0804055042877269,0.999436863219939,"YHR165C"
"YHR166C",5.93765770637639,-2.99373464327946,2.839633127298,-1.05426810755941,0.291760185812468,0.999436863219939,"YHR166C"
"YHR167W",3.19095254629879,-3.17754777810092,3.46419930682572,-0.917253164920392,0.359009993422695,0.999436863219939,"YHR167W"
"YHR168W",8.6836099895857,0.718590103507226,2.41558406503196,0.297480892472157,0.766099393680499,0.999436863219939,"YHR168W"
"YHR169W",15.8912277204994,0.825626781477032,1.92502760417713,0.428890879115447,0.668002638147819,0.999436863219939,"YHR169W"
"YHR170W",24.393608794744,-0.255302717017902,1.58519402157836,-0.161054554548282,0.872050433105345,0.999436863219939,"YHR170W"
"YHR171W",6.11241257442302,-0.0578923982676412,3.21066064020339,-0.0180313040695493,0.98561388043086,0.999436863219939,"YHR171W"
"YHR172W",2.18259352449426,-3.21435226753076,2.74913425105141,-1.16922346236872,0.242313610590009,0.999436863219939,"YHR172W"
"YHR173C",0.878158165959192,-2.61592381430224,3.2784362432325,-0.797918159824567,0.424917984310435,0.999436863219939,"YHR173C"
"YHR174W",3673.89747639177,0.00877358087726312,0.19177916772634,0.0457483520305115,0.963510824780123,0.999436863219939,"YHR174W"
"YHR175W",70.9912379990445,-0.958913029626104,0.993796650179154,-0.964898633390683,0.33459558600534,0.999436863219939,"YHR175W"
"YHR176W",3.34388332977671,2.6610602238383,3.5407859408805,0.751545071707035,0.452324686229733,0.999436863219939,"YHR176W"
"YHR177W",1.33105264450468,-3.38237426300656,5.05746949247364,-0.668787872678242,0.503630803838862,0.999436863219939,"YHR177W"
"YHR178W",9.59873727580433,-2.49723379161743,2.04228601602758,-1.22276398703192,0.22141885118747,0.999436863219939,"YHR178W"
"YHR179W",449.390741821527,-0.146884052633425,0.42470552272091,-0.345849170249542,0.729456070187559,0.999436863219939,"YHR179W"
"YHR180W",0.26487468808451,0.461217149193441,5.0708567572942,0.0909544819088019,0.927528759250096,0.999436863219939,"YHR180W"
"YHR181W",17.4784517237238,0.775504593748085,1.55711422708004,0.49803963014476,0.61845610979793,0.999436863219939,"YHR181W"
"YHR182W",5.16488338313704,1.08155093605144,2.48950192421943,0.434444707806586,0.663965538182468,0.999436863219939,"YHR182W"
"YHR183W",166.285933656282,-0.393636813480189,0.48450369317921,-0.812453690285058,0.416531349093583,0.999436863219939,"YHR183W"
"YHR186C",20.1359299772667,1.46352139327752,1.66101229835462,0.881102081379687,0.37826257080958,0.999436863219939,"YHR186C"
"YHR187W",9.00026669721844,0.259022386764741,2.01692137931758,0.128424632422896,0.897812938704327,0.999436863219939,"YHR187W"
"YHR188C",46.071140955113,-0.171124760975874,1.46473882246167,-0.116829538721639,0.90699513551938,0.999436863219939,"YHR188C"
"YHR189W",2.02434687288549,-0.751476843769925,3.92651079671106,-0.191385401104558,0.84822365689599,0.999436863219939,"YHR189W"
"YHR190W",30.2650127776036,0.369673241341616,1.1635047999106,0.317723864456788,0.750694407297532,0.999436863219939,"YHR190W"
"YHR191C",9.34027464707285,0.948945649478241,1.08171887888683,0.877257176517778,0.380346966459017,0.999436863219939,"YHR191C"
"YHR192W",2.81617337940515,-0.456443035504819,2.62275985563325,-0.174031577662155,0.861840645504201,0.999436863219939,"YHR192W"
"YHR193C",140.175209491294,0.114758196878598,0.339607605921693,0.337914095201563,0.735427925291573,0.999436863219939,"YHR193C"
"YHR194W",12.8755796419698,1.8878879555866,2.52561899188684,0.747495153327223,0.454764727311908,0.999436863219939,"YHR194W"
"YHR195W",25.0194285356643,3.77089132038889,2.17192459506938,1.73619808392493,0.0825288159571002,0.999436863219939,"YHR195W"
"YHR196W",31.9788228142185,-0.341006720490812,1.24991066795882,-0.272824873994952,0.784987837969663,0.999436863219939,"YHR196W"
"YHR197W",12.7497550508905,-0.863226220738701,1.93031879949286,-0.447193603960905,0.654735279090783,0.999436863219939,"YHR197W"
"YHR198C",10.900799865646,-0.421326490898754,2.17283218625653,-0.193906595071494,0.846249019592345,0.999436863219939,"YHR198C"
"YHR199C",101.592971107644,0.765381544862079,0.963341261946436,0.794507175282435,0.426900233462828,0.999436863219939,"YHR199C"
"YHR200W",46.8369081098138,0.542591000410541,0.849232098756044,0.638919561808049,0.522875261529363,0.999436863219939,"YHR200W"
"YHR201C",17.0797351040584,0.46463794238252,1.27518159258594,0.364370019990862,0.715581719580741,0.999436863219939,"YHR201C"
"YHR202W",0.580612919162224,-2.13469271787101,3.62085151104021,-0.589555443343145,0.555488731105676,0.999436863219939,"YHR202W"
"YHR203C",368.735181665775,-0.195943166418354,0.419808218563841,-0.466744474628612,0.640682706014525,0.999436863219939,"YHR203C"
"YHR204W",27.3508858958556,-2.56383779308838,1.88380223307831,-1.36099095120979,0.173516549064667,0.999436863219939,"YHR204W"
"YHR205W",26.1957343864785,-0.44349611133688,1.10613736544944,-0.400941262079761,0.688463369940117,0.999436863219939,"YHR205W"
"YHR206W",0.643749721393268,-0.833331672815434,5.07014660502737,-0.16436046878588,0.869447381647519,0.999436863219939,"YHR206W"
"YHR207C",0.128347751136218,0.51680229094418,5.06998791218275,0.1019336337474,0.918809353127177,0.999436863219939,"YHR207C"
"YHR208W",152.400920135013,0.584786034572166,0.800415775608711,0.730602834667321,0.465021780095715,0.999436863219939,"YHR208W"
"YHR209W",6.66248714442737,-0.948982706233455,2.2577902640152,-0.42031481903275,0.674255485621692,0.999436863219939,"YHR209W"
"YHR210C",0.271354080133014,1.80590602942745,5.06851643659081,0.356298741854755,0.721616851439279,0.999436863219939,"YHR210C"
"YHR211W",1.70928826431125,4.52594793855177,5.05082875682472,0.896080258598409,0.370209899818697,0.999436863219939,"YHR211W"
"YHR214W",0.674531253915744,0.00989749981177015,4.45586321885361,0.00222123061809706,0.998227715841207,0.999436863219939,"YHR214W"
"YHR215W",0.393045901085602,1.51966543400018,5.07023757761491,0.299722727137974,0.764388661398254,0.999436863219939,"YHR215W"
"YHR216W",8.56609258463143,-0.59771852367248,1.96709521427704,-0.303858460604387,0.76123572593786,0.999436863219939,"YHR216W"
"YHR218W",0.246200192051931,0.0212820012254203,4.55397818948306,0.00467327693280765,0.99627127805921,0.999436863219939,"YHR218W"
"YHR219W",1.03047868020093,3.52686857040717,1.60264813326512,2.20065059647359,0.0277607687586575,0.803888887284849,"YHR219W"
"YIL001W",0.608133184145025,1.43922202635629,3.80780670604468,0.377966146252015,0.705455743092032,0.999436863219939,"YIL001W"
"YIL002C",25.0547490088334,1.54475056865909,0.985841327879299,1.56693630605048,0.117129580330946,0.999436863219939,"YIL002C"
"YIL003W",21.5461233404626,-0.701810517412681,1.67945540170755,-0.417879817885685,0.676034989116931,0.999436863219939,"YIL003W"
"YIL004C",13.4259941174845,1.19274031547115,1.33325808923191,0.89460572195612,0.370997892004147,0.999436863219939,"YIL004C"
"YIL005W",18.9552988786407,0.137738475726406,1.44658581991482,0.0952162490674189,0.924143063735925,0.999436863219939,"YIL005W"
"YIL006W",0.741612322043467,-3.61080439057432,5.05766301041414,-0.713927437067154,0.47527205041287,0.999436863219939,"YIL006W"
"YIL007C",14.1493708235817,-0.299240547563831,2.22820173658837,-0.134296882840601,0.89316781804784,0.999436863219939,"YIL007C"
"YIL008W",9.366344146188,1.62351702906065,1.30818137381968,1.24104888018719,0.214587692299915,0.999436863219939,"YIL008W"
"YIL009W",14.2902051960644,2.06837116470714,2.06963175640127,0.999390910150932,0.317605361455888,0.999436863219939,"YIL009W"
"YIL010W",22.8814571134185,-0.815509214232488,1.27867389515868,-0.637777323303598,0.523618643098227,0.999436863219939,"YIL010W"
"YIL011W",11.0407963077612,2.27351769632034,2.23928048944364,1.01528937845799,0.309967906009129,0.999436863219939,"YIL011W"
"YIL013C",1.0681558191163,-3.5899046825115,3.74798790349017,-0.957821843333204,0.338152602600477,0.999436863219939,"YIL013C"
"YIL014W",29.646285957996,-1.44552881370087,1.55402791176273,-0.930182014595352,0.352276852390848,0.999436863219939,"YIL014W"
"YIL015W",0.324128354287033,1.11912810941534,5.0701293330377,0.220729696602203,0.825302907167121,0.999436863219939,"YIL015W"
"YIL016W",11.9005557439363,-0.514412197882974,1.04983944236526,-0.489991304502733,0.624140051996891,0.999436863219939,"YIL016W"
"YIL017C",28.6549498928062,1.62739096548075,1.86727284296163,0.871533569191519,0.383462884889459,0.999436863219939,"YIL017C"
"YIL018W",515.420111918776,-0.55293207055566,0.376817195610078,-1.46737483585495,0.142274116061126,0.999436863219939,"YIL018W"
"YIL019W",4.69047013774993,-0.631087104188136,1.87219255755147,-0.337084506421442,0.73605319673523,0.999436863219939,"YIL019W"
"YIL020C",9.3558147519665,1.14917866515709,1.66371296417606,0.690731328000565,0.48973439805786,0.999436863219939,"YIL020C"
"YIL021W",13.212027221271,1.08832238116529,1.37987483971172,0.788710939459309,0.430280972669254,0.999436863219939,"YIL021W"
"YIL022W",24.8118567206105,1.36060479879112,1.10702004647078,1.22906970215109,0.219045673604364,0.999436863219939,"YIL022W"
"YIL023C",12.8093240737913,-5.37460114047273,1.94944995745502,-2.75698338391266,0.00583373158910216,0.412930192154515,"YIL023C"
"YIL024C",7.67122062498357,-19.3995725229649,3.07935216919197,-6.29988759228387,2.97861575840279e-10,7.39937797983226e-08,"YIL024C"
"YIL025C",0.706351508236935,0.713024640733094,3.01789120736976,0.236265853120176,0.813226382176417,0.999436863219939,"YIL025C"
"YIL026C",26.7535908920865,2.05709199487497,1.51353080341802,1.35913454171492,0.17410395901265,0.999436863219939,"YIL026C"
"YIL027C",17.6324917212331,-1.19770128754244,1.21290627854982,-0.987464001731804,0.323415222033959,0.999436863219939,"YIL027C"
"YIL028W",0.0481573305323057,0.461235728642056,5.07085675729688,0.0909581458751217,0.927525847895771,0.999436863219939,"YIL028W"
"YIL029C",0.269622456620044,0.630941610006948,5.0708567572942,0.124425050875154,0.900978739734802,0.999436863219939,"YIL029C"
"YIL030C",65.6418000101838,-0.683960922029765,1.19375650983605,-0.572948433281171,0.56667960963682,0.999436863219939,"YIL030C"
"YIL031W",26.0131091583565,-1.09796621935024,1.5135899409877,-0.72540533576337,0.468203400646478,0.999436863219939,"YIL031W"
"YIL033C",21.6533056077746,-2.09787699119473,1.50589834406351,-1.39310664591996,0.163587543711816,0.999436863219939,"YIL033C"
"YIL034C",56.25882658163,0.944518774266214,0.881791323731418,1.07113638890135,0.284108108453158,0.999436863219939,"YIL034C"
"YIL035C",23.4669237170471,-0.125676688369984,1.13497032769069,-0.110731254644954,0.91182946075681,0.999436863219939,"YIL035C"
"YIL036W",25.249782510987,-1.77152339146459,1.54391629574415,-1.14742191422414,0.251207288457366,0.999436863219939,"YIL036W"
"YIL037C",0.213639839488719,0.461220230656867,5.07085675729466,0.0909550895898175,0.927528276392219,0.999436863219939,"YIL037C"
"YIL038C",16.9831367017917,0.949649531213558,1.26339976722321,0.751661948854687,0.452254378756936,0.999436863219939,"YIL038C"
"YIL039W",30.5044781345047,-1.9652864608326,1.49125428661233,-1.31787481080583,0.187545559203719,0.999436863219939,"YIL039W"
"YIL040W",4.15843209979785,-0.862338258525174,2.43237664973985,-0.354524969896172,0.722945494369814,0.999436863219939,"YIL040W"
"YIL041W",75.0098827683385,-0.0827018305842056,0.708566647623644,-0.116717080688975,0.907084254358759,0.999436863219939,"YIL041W"
"YIL042C",10.9617669123897,0.755942822222608,2.18329869878113,0.34623884612977,0.729163223057856,0.999436863219939,"YIL042C"
"YIL043C",174.830218178257,-0.531923982386831,0.593171246827899,-0.896746066555653,0.369854433094807,0.999436863219939,"YIL043C"
"YIL044C",16.6991288400906,-0.596945648482824,1.29057870749592,-0.462541063954993,0.643693361666037,0.999436863219939,"YIL044C"
"YIL045W",8.46058294225546,1.03663883790139,1.9393747455532,0.534522190865022,0.592980300648524,0.999436863219939,"YIL045W"
"YIL046W",24.0400431671998,1.7273943004336,2.02370548440698,0.853579887855956,0.393337806142668,0.999436863219939,"YIL046W"
"YIL047C",58.3338993246619,-0.352382099632341,1.37818586405407,-0.25568546944443,0.798193716009219,0.999436863219939,"YIL047C"
"YIL048W",13.3992461239502,-0.0548082936470794,1.71560734490245,-0.0319468751459535,0.974514416738608,0.999436863219939,"YIL048W"
"YIL049W",1.39890010371932,-2.97031659785597,3.91393556060606,-0.758907895099844,0.447907655769985,0.999436863219939,"YIL049W"
"YIL050W",6.39254042222172,-1.34398310349241,2.04280388872792,-0.657910977607022,0.510595336301683,0.999436863219939,"YIL050W"
"YIL051C",115.166499730424,0.108152788849167,0.559582746478305,0.193273987680676,0.84674439705604,0.999436863219939,"YIL051C"
"YIL052C",352.502228436056,-0.0564785594357178,0.273181948837319,-0.206743379919846,0.83621027694268,0.999436863219939,"YIL052C"
"YIL053W",365.647734661641,0.270996156320773,0.298962582026942,0.906455097100921,0.364695021482894,0.999436863219939,"YIL053W"
"YIL055C",17.9489545372167,0.44364283787164,2.35647675750574,0.188265314503345,0.850668674153899,0.999436863219939,"YIL055C"
"YIL056W",17.8694389608433,-1.20400825602231,1.62076685189151,-0.742863327083207,0.457564430555942,0.999436863219939,"YIL056W"
"YIL057C",0.0734575291599777,0.46123745232458,5.07085675729694,0.0909584857945082,0.927525577798967,0.999436863219939,"YIL057C"
"YIL058W",1.13515241084738,3.7969072737009,3.93823134965512,0.964114836481966,0.33498835512855,0.999436863219939,"YIL058W"
"YIL060W",0.70391992799081,2.97071294286,2.23328489952236,1.33019882214552,0.183452772154133,0.999436863219939,"YIL060W"
"YIL061C",0.552321491919242,-2.69333736017477,3.8775318584416,-0.694600962287705,0.48730540903308,0.999436863219939,"YIL061C"
"YIL062C",72.1642268703661,-0.674487436057008,0.677363492751929,-0.995754042363228,0.31936966502712,0.999436863219939,"YIL062C"
"YIL063C",12.680744400437,0.129994196226708,1.13190265198703,0.114845738720115,0.908567394622674,0.999436863219939,"YIL063C"
"YIL064W",10.6490643635285,-1.94875039731273,1.8723386693817,-1.04081084751418,0.29796334459922,0.999436863219939,"YIL064W"
"YIL065C",12.2690906610507,1.11768316185611,1.50090525323543,0.744672696325615,0.456469608922163,0.999436863219939,"YIL065C"
"YIL066C",2.91081782830135,0.46122075917183,3.42014269756021,0.134854244386015,0.892727116683829,0.999436863219939,"YIL066C"
"YIL067C",4.02743137024072,-17.6724266285739,2.89873586760058,-6.09659777080766,1.08349691353049e-09,2.58392343938752e-07,"YIL067C"
"YIL068C",15.8204999281381,1.46285336284288,1.46226919645531,1.00039949305435,0.317117215232557,0.999436863219939,"YIL068C"
"YIL069C",74.102593100659,-0.140934199217237,0.407290274228366,-0.346028884397608,0.72932100746756,0.999436863219939,"YIL069C"
"YIL070C",13.9984493797671,0.401135066571928,1.43920760651267,0.278719390278873,0.780460180682328,0.999436863219939,"YIL070C"
"YIL071C",0.164603604997331,0.239282083810379,5.07085675729623,0.0471877032349783,0.962363628002413,0.999436863219939,"YIL071C"
"YIL072W",1.86576503192194,-1.82824215703486,3.0737344844528,-0.594795082751051,0.551980454876037,0.999436863219939,"YIL072W"
"YIL073C",12.0917555550257,23.0851708818712,2.51224752337336,9.18905110547115,3.96321879351376e-20,1.81759311130223e-17,"YIL073C"
"YIL074C",34.5707398333695,-0.799557396547726,1.51031724505477,-0.529396985411982,0.596530088968377,0.999436863219939,"YIL074C"
"YIL075C",159.429766766191,-0.41967891840405,0.546979950564038,-0.767265633724385,0.442923596778022,0.999436863219939,"YIL075C"
"YIL076W",30.596889134835,-0.346147362245772,1.12648488998028,-0.307280963397417,0.758629524236147,0.999436863219939,"YIL076W"
"YIL077C",13.5010704266327,0.372024214886233,2.00011634453231,0.186001287326725,0.852443751805195,0.999436863219939,"YIL077C"
"YIL078W",92.2498244219131,0.485047097097184,0.672564790357067,0.721190142647329,0.470792535771421,0.999436863219939,"YIL078W"
"YIL079C",9.48500108645154,1.29944721078957,1.96312295000227,0.66192859229121,0.5080169865303,0.999436863219939,"YIL079C"
"YIL083C",25.0051396099711,-1.94773981269832,1.72469075551189,-1.12932698599653,0.258759920974661,0.999436863219939,"YIL083C"
"YIL084C",11.2915105503689,0.822100843670551,1.88626583468878,0.435835092038441,0.662956381160596,0.999436863219939,"YIL084C"
"YIL085C",32.3002212049159,0.447530502351655,1.71594837312485,0.260806507562156,0.794241725777711,0.999436863219939,"YIL085C"
"YIL086C",0.608507059377934,-2.05206704363651,3.32261463672553,-0.61760609279048,0.536835027344229,0.999436863219939,"YIL086C"
"YIL087C",12.2471919993041,-3.56827945915967,2.32589548054218,-1.53415296990383,0.1249920245539,0.999436863219939,"YIL087C"
"YIL088C",64.8612331184595,-0.854714815306371,1.01323564144498,-0.843549891402814,0.398920975142637,0.999436863219939,"YIL088C"
"YIL089W",1.36953249311262,0.32964989934172,2.79077567101205,0.118121245919482,0.905971589490123,0.999436863219939,"YIL089W"
"YIL090W",8.10840890201451,0.571452978652555,1.72349803750501,0.331565784362486,0.740217159427786,0.999436863219939,"YIL090W"
"YIL091C",21.1209235965279,1.25506022833861,1.58854539131465,0.790068848646465,0.429487561290789,0.999436863219939,"YIL091C"
"YIL092W",2.455641349818,3.84317718872167,2.48826901496654,1.54451836421447,0.122462805911212,0.999436863219939,"YIL092W"
"YIL093C",8.62805598033162,2.52091544585287,2.0182242893183,1.24907596206978,0.211637291669109,0.999436863219939,"YIL093C"
"YIL094C",57.083937238383,1.1441447040054,0.96576152961513,1.18470726874092,0.236133207542199,0.999436863219939,"YIL094C"
"YIL095W",8.016996476058,2.06584644646726,1.28648598182225,1.6058056408365,0.108316620871618,0.999436863219939,"YIL095W"
"YIL096C",3.62013359041961,0.500580939233299,2.02339628049986,0.247396391926565,0.804601466245775,0.999436863219939,"YIL096C"
"YIL097W",4.16244366871515,-1.47875950439641,3.00554307085316,-0.492010751313785,0.622711743133119,0.999436863219939,"YIL097W"
"YIL098C",7.18257690116653,-1.91762330770201,1.47537881267207,-1.29974979390478,0.193686738051022,0.999436863219939,"YIL098C"
"YIL099W",0.717826866046394,3.17636623052147,5.04948338083836,0.629047764089106,0.529317786587437,0.999436863219939,"YIL099W"
"YIL101C",7.55883401980358,-17.5414838689913,2.43745859885013,-7.19662843802411,6.1719650274927e-13,1.67260252245052e-10,"YIL101C"
"YIL103W",19.5358153465544,-0.494577062553172,1.70258484903268,-0.290486000057011,0.771444459610395,0.999436863219939,"YIL103W"
"YIL104C",4.78586383322614,3.60780054892965,2.63499812989687,1.36918524077695,0.170941378358359,0.999436863219939,"YIL104C"
"YIL105C",11.5014957385526,-0.0509969866567679,2.47100220293212,-0.0206381793574503,0.983534284221832,0.999436863219939,"YIL105C"
"YIL106W",16.0673884254023,0.717570730355867,1.43479900173117,0.500119340402435,0.616991048723645,0.999436863219939,"YIL106W"
"YIL107C",34.6892898830489,1.96527560631167,1.42064941764034,1.38336424307691,0.166553208666094,0.999436863219939,"YIL107C"
"YIL108W",33.2986694290648,0.228592384342307,1.30725862119025,0.174863933300493,0.86118655062963,0.999436863219939,"YIL108W"
"YIL109C",65.99928274411,0.694004347563306,0.780297526918621,0.889409902789152,0.373782824806596,0.999436863219939,"YIL109C"
"YIL110W",9.45456770807975,0.282118061646648,1.83525207858062,0.153721695749195,0.877829177375697,0.999436863219939,"YIL110W"
"YIL111W",11.2110466312755,2.16455585035803,1.40388811120258,1.54182931893614,0.123115075401617,0.999436863219939,"YIL111W"
"YIL112W",36.1409534063749,1.58103188973726,1.17763741102221,1.34254557042723,0.17941916501668,0.999436863219939,"YIL112W"
"YIL113W",1.6853122067672,-1.45106924811083,3.77248716275843,-0.384645244769982,0.700500267882815,0.999436863219939,"YIL113W"
"YIL114C",3.42734535262961,2.5640059424084,2.23591471307634,1.14673691595358,0.25149036840969,0.999436863219939,"YIL114C"
"YIL115C",48.0115720649462,1.37377182789365,1.13236591402108,1.2131871958379,0.225058258388963,0.999436863219939,"YIL115C"
"YIL116W",19.6358355582525,-0.0446178441502016,1.16419871948433,-0.0383249383489828,0.969428607462236,0.999436863219939,"YIL116W"
"YIL117C",0.765118885601175,0.461200147478799,5.07085675729293,0.0909511290800118,0.927531423378218,0.999436863219939,"YIL117C"
"YIL118W",18.4015449406437,0.553238070275729,1.26573450790796,0.437088557528653,0.662047125309806,0.999436863219939,"YIL118W"
"YIL119C",7.64148098557512,1.89185056469256,1.77460874825199,1.06606629013638,0.286393676714825,0.999436863219939,"YIL119C"
"YIL120W",8.22346825073681,1.6243628330187,2.95717725974666,0.54929505076671,0.582802983298981,0.999436863219939,"YIL120W"
"YIL121W",73.5642319650837,-0.243137931945967,0.946058247786332,-0.257001017130692,0.797177987882873,0.999436863219939,"YIL121W"
"YIL122W",0.244418805063605,0.11451983702582,5.0705825040082,0.0225851441989741,0.981981194018156,0.999436863219939,"YIL122W"
"YIL123W",95.4960649647418,0.320726985946113,0.893119064828245,0.359108878733646,0.719513639763236,0.999436863219939,"YIL123W"
"YIL124W",31.7170513669965,1.98736399925699,1.18140891697036,1.68219823865343,0.0925304055656594,0.999436863219939,"YIL124W"
"YIL125W",88.3921854905443,0.0441823367421249,0.859685984355434,0.0513935757313195,0.959011903833804,0.999436863219939,"YIL125W"
"YIL126W",64.8227224016211,0.699127801347065,0.817993084321112,0.854686689591394,0.392724621187351,0.999436863219939,"YIL126W"
"YIL127C",5.53968876164699,1.25910780229971,0.99640840840099,1.26364630374837,0.206357006072316,0.999436863219939,"YIL127C"
"YIL128W",22.8068924947804,0.761156073821019,1.73968935023683,0.437524132522509,0.661731278535527,0.999436863219939,"YIL128W"
"YIL129C",68.0819704944248,1.03045616389745,1.46129743451814,0.705165245319984,0.480707406994747,0.999436863219939,"YIL129C"
"YIL130W",3.70271485425873,-1.19207999256132,1.89118091402552,-0.630336306653965,0.528474573549704,0.999436863219939,"YIL130W"
"YIL131C",2.15546376635585,0.950044132648067,3.21632291646615,0.295382073666876,0.767702025845495,0.999436863219939,"YIL131C"
"YIL132C",1.026270543811,-4.21425173321686,5.05657894757155,-0.833419546478311,0.404608154654673,0.999436863219939,"YIL132C"
"YIL133C",167.928046807988,0.466993329927989,0.433983211505646,1.07606312305911,0.281899026751464,0.999436863219939,"YIL133C"
"YIL134W",5.60103352927898,-0.980016712734035,2.30023905211897,-0.426049941127313,0.670071455614506,0.999436863219939,"YIL134W"
"YIL135C",11.130327882738,1.16882702381858,1.98060190775982,0.59013728061112,0.555098616688632,0.999436863219939,"YIL135C"
"YIL136W",51.0414205443228,0.165630341294902,1.51758047425613,0.109141059801846,0.91309060837623,0.999436863219939,"YIL136W"
"YIL137C",53.1976812144431,0.801605396232032,1.11164531943261,0.721098161634124,0.470849122041669,0.999436863219939,"YIL137C"
"YIL138C",16.7606892934457,1.128351533969,0.878066936282776,1.28504045345994,0.198778148064181,0.999436863219939,"YIL138C"
"YIL139C",5.09402732059552,-3.10991191734368,2.25146758926291,-1.38128211668453,0.167192234626131,0.999436863219939,"YIL139C"
"YIL140W",16.4298481491065,0.953697105722314,2.2349014527002,0.426728930069853,0.669576776401109,0.999436863219939,"YIL140W"
"YIL142W",47.8007485822951,-0.214387006319088,0.842854301523767,-0.254358322584941,0.799218746044161,0.999436863219939,"YIL142W"
"YIL143C",24.2605020228395,0.0376455777748275,1.67535799709785,0.0224701692653387,0.982072907467506,0.999436863219939,"YIL143C"
"YIL144W",19.7279159645472,1.89801651600734,1.68315787813231,1.12765210005935,0.259466874338097,0.999436863219939,"YIL144W"
"YIL145C",38.5275307341959,0.79386297393095,1.23221582690458,0.644256433489573,0.519409161595067,0.999436863219939,"YIL145C"
"YIL146C",0.512160417918595,0.461196400642303,5.07085675729345,0.0909503901838601,0.927532010498678,0.999436863219939,"YIL146C"
"YIL147C",15.9669143819375,0.957661492401418,1.57492287311781,0.608068819589608,0.543141831173362,0.999436863219939,"YIL147C"
"YIL148W",410.491464129558,0.0124736067585121,0.210656052726247,0.0592131419775622,0.952782342225642,0.999436863219939,"YIL148W"
"YIL149C",45.6531487308012,0.76181461930463,0.793646323119259,0.959891827269455,0.337109659871466,0.999436863219939,"YIL149C"
"YIL150C",13.9980968596788,0.145191450573254,2.46585967692073,0.058880662161021,0.953047160684568,0.999436863219939,"YIL150C"
"YIL151C",35.6461609102149,1.19366757185439,1.30306922974584,0.916043096257603,0.359644291579675,0.999436863219939,"YIL151C"
"YIL152W",12.9026021031753,-1.66097782753068,1.85610918235177,-0.89487075616217,0.370856181073136,0.999436863219939,"YIL152W"
"YIL153W",26.3272925941976,-0.643344766422631,1.91996436681025,-0.33508161794245,0.737563518873821,0.999436863219939,"YIL153W"
"YIL154C",20.21866889684,-0.277660744850537,1.80619486161054,-0.153726904417696,0.877825070275118,0.999436863219939,"YIL154C"
"YIL155C",13.9978410421058,1.7124511900121,1.97136467798386,0.868662814717491,0.385031586080724,0.999436863219939,"YIL155C"
"YIL156W",24.581304404076,0.126920241417536,2.0385970416093,0.062258621408252,0.950356879851575,0.999436863219939,"YIL156W"
"YIL157C",12.0365752668719,-1.13334284622899,1.36380383749351,-0.831016026697742,0.405964575622274,0.999436863219939,"YIL157C"
"YIL158W",30.708879289792,0.256143619496489,1.00410061729726,0.255097562021175,0.798647747115984,0.999436863219939,"YIL158W"
"YIL159W",2.08098163709154,1.000165401088,2.94020440063708,0.340168663400167,0.733729515494372,0.999436863219939,"YIL159W"
"YIL160C",1.00916376784197,5.17188059248691,5.04932386360976,1.0242719089105,0.30570686230496,0.999436863219939,"YIL160C"
"YIL161W",3.98314746413041,1.22584188210682,1.40350446891954,0.8734150187997,0.382436907752129,0.999436863219939,"YIL161W"
"YIL162W",30.991643436219,0.53908801685032,1.47474484919663,0.365546634825672,0.714703402105373,0.999436863219939,"YIL162W"
"YIL163C",0.943736995880829,-0.564430759424578,5.07058245462784,-0.111314777833744,0.911366737216739,0.999436863219939,"YIL163C"
"YIL164C",1.50547390323707,0.239200770791216,5.07085675728621,0.0471716678739769,0.962376408137668,0.999436863219939,"YIL164C"
"YIL165C",2.05164445055769,0.461131499277191,5.07085675728512,0.090937591288632,0.927542180395855,0.999436863219939,"YIL165C"
"YIL166C",2.24496905505006,-4.1970318964137,3.4767788786445,-1.20716100819446,0.22737014348546,0.999436863219939,"YIL166C"
"YIL169C",2.9238309552699,2.19945272178058,2.46004046083453,0.894071767028761,0.371283493988863,0.999436863219939,"YIL169C"
"YIL173W",0.192049588069116,-1.81810436504258,5.06409651194388,-0.359018506214189,0.719581245004417,0.999436863219939,"YIL173W"
"YIL177C",1.34319661116178,1.95995217645007,1.3223195310568,1.48220768915337,0.138285041267002,0.999436863219939,"YIL177C"
"YIR001C",9.23658777355863,1.31083671673236,1.87011736781604,0.700938208099301,0.483341578550968,0.999436863219939,"YIR001C"
"YIR002C",41.7185174432168,-0.527461026894755,1.09576238252002,-0.481364422897697,0.630257517519436,0.999436863219939,"YIR002C"
"YIR003W",27.9881149986175,1.11595069120706,1.40212674807918,0.79589858244687,0.426090985260839,0.999436863219939,"YIR003W"
"YIR004W",23.7490860534645,-0.0416434388787957,1.13837979170766,-0.0365813230190314,0.970818835633735,0.999436863219939,"YIR004W"
"YIR005W",1.9308470470981,-2.48679926943548,2.98528098644617,-0.833020168193913,0.404833354909751,0.999436863219939,"YIR005W"
"YIR006C",73.4816481698802,-0.669011028644645,1.03587828825684,-0.64583941591289,0.518383358460964,0.999436863219939,"YIR006C"
"YIR007W",21.0572603438338,0.877178239439428,2.06396532514782,0.424996596963956,0.670839155500074,0.999436863219939,"YIR007W"
"YIR008C",7.77911183473659,-1.41449290893985,2.15987871665125,-0.654894600347249,0.512535616993978,0.999436863219939,"YIR008C"
"YIR009W",0.197935694530512,0.23927610893587,5.0708567572965,0.0471865249578533,0.962364567085465,0.999436863219939,"YIR009W"
"YIR010W",23.4402759478658,-0.58432391255393,1.78969655356749,-0.32649328814383,0.744051166620758,0.999436863219939,"YIR010W"
"YIR011C",16.7735241918008,-0.298134505251945,1.92247802954706,-0.155078237914732,0.876759638247549,0.999436863219939,"YIR011C"
"YIR012W",33.904191245661,0.405234333039636,1.32260872051937,0.306390186872884,0.759307579072412,0.999436863219939,"YIR012W"
"YIR014W",10.322045709777,0.284766667784638,2.18441190196007,0.130363081948564,0.896279173625666,0.999436863219939,"YIR014W"
"YIR015W",1.1644714733665,-1.83231287675874,2.81647757555581,-0.6505689562954,0.515324775265993,0.999436863219939,"YIR015W"
"YIR016W",22.0623538164271,-0.445963932976989,1.70907161118593,-0.260939290114083,0.794139325015677,0.999436863219939,"YIR016W"
"YIR018W",2.3283978730277,3.28763745437849,3.03732121373154,1.08241348972749,0.279068836835587,0.999436863219939,"YIR018W"
"YIR019C",0.945768358806674,-1.06659501897003,4.24233496499488,-0.251416973853057,0.801491745844693,0.999436863219939,"YIR019C"
"YIR021W",4.91691990013578,-1.21146239923331,2.25282884718531,-0.53775163645783,0.590748525226635,0.999436863219939,"YIR021W"
"YIR022W",23.3150058088442,-0.3003987953792,1.08799241117484,-0.276103759818345,0.782468372965094,0.999436863219939,"YIR022W"
"YIR023W",14.0372186894468,1.71811039062572,2.10681914379434,0.815499705177086,0.414786333261948,0.999436863219939,"YIR023W"
"YIR024C",8.04470845080827,-2.23661510964312,2.05512957033681,-1.08830856308324,0.27645891152596,0.999436863219939,"YIR024C"
"YIR025W",1.06071757161268,-4.45669887877605,3.50029092573727,-1.27323670327127,0.202934059998054,0.999436863219939,"YIR025W"
"YIR026C",11.0338482437018,0.619186456490547,1.94441688073677,0.318443263183319,0.750148725611969,0.999436863219939,"YIR026C"
"YIR027C",1.12976995897185,-0.961598596684642,3.7812695788977,-0.254305750124529,0.799259357844422,0.999436863219939,"YIR027C"
"YIR028W",2.1613555595323,-4.30699046347149,4.04271772902475,-1.06537006839468,0.286708496144483,0.999436863219939,"YIR028W"
"YIR029W",2.75196931777408,-3.79122744927709,3.14122572027084,-1.20692614504322,0.227460587818767,0.999436863219939,"YIR029W"
"YIR030C",1.23488508661078,-2.17109704455474,3.52041349234781,-0.616716487785871,0.53742174408364,0.999436863219939,"YIR030C"
"YIR031C",1.12266993247971,2.46540293374546,4.5956777200378,0.536461232474149,0.591639822089135,0.999436863219939,"YIR031C"
"YIR032C",0.466315153396411,-2.02642679598541,5.06288137366485,-0.40025168405606,0.68897115066693,0.999436863219939,"YIR032C"
"YIR033W",39.7406339134195,0.974711970520713,1.04309732769454,0.934440099348185,0.350076921237997,0.999436863219939,"YIR033W"
"YIR034C",16.1930939975301,-0.0171272751256006,2.06720951993534,-0.008285214904649,0.993389430574921,0.999436863219939,"YIR034C"
"YIR035C",80.278452801214,0.38945619677633,0.791471807176128,0.492065785850112,0.62267283829019,0.999436863219939,"YIR035C"
"YIR036C",17.0955529877567,0.934848312174945,1.51329837901128,0.617755444095387,0.536736558010915,0.999436863219939,"YIR036C"
"YIR037W",19.4444705421541,-0.857845093408309,0.9290105544167,-0.923396498920215,0.355800615579191,0.999436863219939,"YIR037W"
"YIR038C",55.9917000109005,-0.0658244711237826,1.06204962076634,-0.0619787153412716,0.950579782105338,0.999436863219939,"YIR038C"
"YIR039C",0.39778313477219,1.02981863282139,4.7379499741297,0.217355320010646,0.827931448271491,0.999436863219939,"YIR039C"
"YIR042C",0.136064820780851,1.12741863535066,5.06768407646127,0.222472162498718,0.823946341402636,0.999436863219939,"YIR042C"
"YKL001C",40.8828441192908,0.371886255120994,1.48484488943338,0.250454615002182,0.802235798370616,0.999436863219939,"YKL001C"
"YKL002W",18.1257836994509,-0.637239505737147,1.17203223911044,-0.54370475868548,0.586644657254975,0.999436863219939,"YKL002W"
"YKL003C",18.2286866010559,0.109899549550073,1.11063310458289,0.0989521643975732,0.921176250902445,0.999436863219939,"YKL003C"
"YKL004W",70.0286338891376,-0.346022743535532,1.15696416220132,-0.299078186550883,0.764880389590847,0.999436863219939,"YKL004W"
"YKL005C",34.2071735156969,-1.50719092972999,1.20927054466714,-1.24636371602424,0.212630895721188,0.999436863219939,"YKL005C"
"YKL006W",264.732831246553,-0.46055465830652,0.313427606307986,-1.46941318836466,0.141720752329752,0.999436863219939,"YKL006W"
"YKL007W",35.0686931999277,-0.0347922846339881,0.833893716862562,-0.0417226847144148,0.966719769917709,0.999436863219939,"YKL007W"
"YKL008C",40.9121172736003,-0.518304265660651,1.45384462113956,-0.356505955398721,0.721461692934851,0.999436863219939,"YKL008C"
"YKL009W",21.6365723611782,-0.33540224695575,0.978580792269002,-0.342743542082064,0.731791402749929,0.999436863219939,"YKL009W"
"YKL010C",23.9910863096754,-5.2617605271008,1.43497389197012,-3.66679878745165,0.00024560590319443,0.0340535440661673,"YKL010C"
"YKL011C",5.39663653879838,0.649504550080566,1.94345728851729,0.334200578483559,0.738228207500214,0.999436863219939,"YKL011C"
"YKL012W",28.6359877588184,-0.549642320657516,1.06007479466254,-0.518493905736613,0.604113711008883,0.999436863219939,"YKL012W"
"YKL013C",36.7549928319733,-1.70132337372061,0.895242506179367,-1.9004050433009,0.0573799855891723,0.999436863219939,"YKL013C"
"YKL014C",50.9897965527272,0.812487811753885,1.18802721633886,0.68389663181095,0.494040441066364,0.999436863219939,"YKL014C"
"YKL015W",24.5503150168297,-2.52394695489847,1.88618197756636,-1.33812483891665,0.180855744958088,0.999436863219939,"YKL015W"
"YKL016C",53.6977023239066,1.70041214876622,0.852852938219989,1.99379291852496,0.0461746897903466,0.986715055663249,"YKL016C"
"YKL017C",8.90555390312174,3.4269430437476,1.9813676160985,1.72958466460433,0.0837045078921151,0.999436863219939,"YKL017C"
"YKL018W",9.45689439461683,-1.12804969117703,1.81924157064891,-0.620065916135955,0.535214390755336,0.999436863219939,"YKL018W"
"YKL019W",44.8127954482582,0.271999525778949,1.42772012744151,0.190513196915123,0.848907002922116,0.999436863219939,"YKL019W"
"YKL020C",21.0911373085428,2.40927126531217,1.58656306232495,1.5185474328273,0.12887645148073,0.999436863219939,"YKL020C"
"YKL021C",23.1238689197407,-2.65537155497529,1.6500069816887,-1.60930928441143,0.107548729955126,0.999436863219939,"YKL021C"
"YKL022C",18.0622123395586,0.346809730442687,1.88432778062655,0.184049576728827,0.853974562569789,0.999436863219939,"YKL022C"
"YKL023W",17.3689407858482,1.45194138853168,1.65329154358851,0.878212553715848,0.379828380589067,0.999436863219939,"YKL023W"
"YKL024C",44.1481541025639,-0.041166517617065,0.878985205382767,-0.0468341416499024,0.962645417777387,0.999436863219939,"YKL024C"
"YKL025C",39.4590367250491,0.767111439585063,1.1993797103518,0.639590142274503,0.522439092888954,0.999436863219939,"YKL025C"
"YKL026C",6.29248915989168,-2.221106401442,2.46986971449554,-0.899280795422704,0.368503114017181,0.999436863219939,"YKL026C"
"YKL027W",14.2050237773428,-3.33921476309713,1.82417875660146,-1.83053045158702,0.0671706575643248,0.999436863219939,"YKL027W"
"YKL028W",45.3031881797924,0.549637339602399,1.02853861523739,0.534386683649736,0.593074030128656,0.999436863219939,"YKL028W"
"YKL029C",28.5395218867684,-2.43983852821168,1.68683312303088,-1.44640183720593,0.148064526862414,0.999436863219939,"YKL029C"
"YKL031W",0.307682817583693,-1.4380695097583,5.06677745975416,-0.283823302124675,0.7765457960423,0.999436863219939,"YKL031W"
"YKL032C",10.7197566751858,0.0139694879764397,1.16421307152546,0.0119990818846722,0.990426347553463,0.999436863219939,"YKL032C"
"YKL033W",8.37387015690639,-3.75913399318701,2.33039101698636,-1.61309152231812,0.106724625423219,0.999436863219939,"YKL033W"
"YKL034W",37.2270082464536,-4.19347446305383,1.98779423774926,-2.10961194243224,0.0348917948374144,0.908405593103338,"YKL034W"
"YKL035W",142.022020503883,-1.170460155715,0.852539863592461,-1.37290959132735,0.169780454479944,0.999436863219939,"YKL035W"
"YKL036C",1.25716219625453,1.2677381091454,1.54889757246787,0.818477691281742,0.413084475379714,0.999436863219939,"YKL036C"
"YKL037W",0.590246583391191,1.64381629720195,3.158349329019,0.520466904056027,0.602738189472155,0.999436863219939,"YKL037W"
"YKL038W",40.9220996911142,0.262454009566079,1.44505876609234,0.181621686068723,0.855879628877515,0.999436863219939,"YKL038W"
"YKL039W",45.8998449346959,-2.43056952199614,1.31749986206019,-1.84483474495051,0.0650615814854134,0.999436863219939,"YKL039W"
"YKL040C",15.3739677688498,-0.236318668426342,1.54116528937258,-0.153337653044696,0.878132008927698,0.999436863219939,"YKL040C"
"YKL041W",8.66933976032633,-1.64474438426965,1.2571171746695,-1.30834612509534,0.190755937033505,0.999436863219939,"YKL041W"
"YKL042W",0.981339691820404,-0.601348610126251,2.82838528016648,-0.212611985482704,0.83162962211878,0.999436863219939,"YKL042W"
"YKL043W",42.3986580603686,-0.0382111852732048,1.31143841496463,-0.0291368506802779,0.976755445672553,0.999436863219939,"YKL043W"
"YKL044W",5.45674010536297,-0.907894731608812,1.33809430576834,-0.678498314875867,0.497455791910716,0.999436863219939,"YKL044W"
"YKL045W",10.2089997196173,0.592412918130646,2.1063030269832,0.281257212538475,0.778513125611928,0.999436863219939,"YKL045W"
"YKL046C",103.521326479881,-0.731877199794877,1.01742773175983,-0.71934072263684,0.47193101061952,0.999436863219939,"YKL046C"
"YKL047W",3.14594873030513,2.45718268651489,2.12268802887155,1.15758069631229,0.247035190605488,0.999436863219939,"YKL047W"
"YKL048C",2.8656022074958,-1.60723174929122,3.19843140528506,-0.502506243102616,0.615311461948176,0.999436863219939,"YKL048C"
"YKL049C",5.4296710527326,-1.56987872218092,1.89543094483477,-0.828243691208578,0.407532504869455,0.999436863219939,"YKL049C"
"YKL050C",3.10800517243939,0.905330404032186,3.27206658136176,0.276684591074369,0.782022304681829,0.999436863219939,"YKL050C"
"YKL051W",46.215618674492,1.24051288703573,1.65293154858495,0.750492594867413,0.452958082055234,0.999436863219939,"YKL051W"
"YKL052C",12.467698128889,2.84441074140945,1.72356849794724,1.65030327764584,0.0988809222545001,0.999436863219939,"YKL052C"
"YKL053W",0.108899788125835,-0.495461238016167,5.07065850077924,-0.0977114191263375,0.922161447799262,0.999436863219939,"YKL053W"
"YKL054C",74.350413296969,-0.356327335453204,0.579502318918558,-0.614885089878789,0.538630610184751,0.999436863219939,"YKL054C"
"YKL055C",4.12815172021212,-2.41088992443869,3.53822534528736,-0.681383939451399,0.495628582556699,0.999436863219939,"YKL055C"
"YKL056C",409.461950642241,-0.0616656246880861,0.427875237131001,-0.144120573795221,0.885405258783442,0.999436863219939,"YKL056C"
"YKL057C",40.871214195731,0.36541062297104,1.47663530816838,0.247461658914479,0.804550960634252,0.999436863219939,"YKL057C"
"YKL058W",21.7054907661165,0.220892296499571,1.01420057463777,0.217799419585682,0.827585396812644,0.999436863219939,"YKL058W"
"YKL059C",15.8568429254515,-0.551312980188865,1.6445701157459,-0.335232274325267,0.73744987777907,0.999436863219939,"YKL059C"
"YKL060C",2584.51491150658,-0.167358011185278,0.167695600154287,-0.997986894297178,0.318285713762387,0.999436863219939,"YKL060C"
"YKL061W",1.16394889458641,2.62189321164666,2.37254872539388,1.10509562294085,0.269118157023397,0.999436863219939,"YKL061W"
"YKL062W",6.28885958005956,3.41673736316423,2.33480045603916,1.46339587793319,0.143359085954366,0.999436863219939,"YKL062W"
"YKL063C",8.66157232622806,1.66412676118661,1.28562559453712,1.29441010528868,0.195523801968152,0.999436863219939,"YKL063C"
"YKL064W",27.2987622521035,-1.37115549371035,1.25027203992579,-1.09668572112653,0.272778800463026,0.999436863219939,"YKL064W"
"YKL065C",54.971484716994,0.0179355367861202,0.797081330117844,0.0225015140970226,0.982047904232026,0.999436863219939,"YKL065C"
"YKL066W",29.3537022863599,0.452335093849483,0.65653145577503,0.688977032053255,0.490837721341397,0.999436863219939,"YKL066W"
"YKL067W",51.0764241936786,0.619909761203728,0.774872292191452,0.800015392795286,0.423701878896169,0.999436863219939,"YKL067W"
"YKL068W",25.1183548313446,0.924084959495897,1.4726587701659,0.627494283276361,0.530335282321422,0.999436863219939,"YKL068W"
"YKL069W",6.37099375356613,3.11818916328896,1.8675823808396,1.66963942007588,0.0949907261657974,0.999436863219939,"YKL069W"
"YKL070W",24.1017237911555,1.04485890655903,1.40453977225924,0.743915499721551,0.456927597717272,0.999436863219939,"YKL070W"
"YKL071W",296.851833518226,-0.0731198430073834,0.999607156430399,-0.0731485789562518,0.941687884751531,0.999436863219939,"YKL071W"
"YKL072W",0.382858919165777,1.72674924834756,5.06062066103487,0.341212938887706,0.732943283343011,0.999436863219939,"YKL072W"
"YKL073W",27.8381281363798,0.745453670172034,1.35566698991365,0.549879635425449,0.582401932891607,0.999436863219939,"YKL073W"
"YKL074C",6.6432656122064,-0.713052749427519,2.62159273678498,-0.271992189870795,0.78562802462579,0.999436863219939,"YKL074C"
"YKL075C",3.13513273764384,1.45742957757187,1.80338082041143,0.808165175694485,0.418995502047772,0.999436863219939,"YKL075C"
"YKL076C",1.81543186920541,0.243439247762984,1.24326818508763,0.195805901480399,0.844762090776137,0.999436863219939,"YKL076C"
"YKL077W",32.8545288231518,-0.788227390798681,1.01831459402732,-0.774050961679074,0.438900655123849,0.999436863219939,"YKL077W"
"YKL078W",7.54124240486923,-21.7567145848305,2.4877002296529,-8.745713943141,2.21609896770454e-18,9.43741574675317e-16,"YKL078W"
"YKL079W",22.3474626243094,-2.82872812525402,1.63613952454962,-1.72890397353653,0.0838262827955289,0.999436863219939,"YKL079W"
"YKL080W",38.582675712251,-0.735651217737311,0.747903489036574,-0.983617844442675,0.325303447945798,0.999436863219939,"YKL080W"
"YKL081W",331.867497203772,-0.208806126574672,0.405655115477976,-0.514738058531913,0.606736074639456,0.999436863219939,"YKL081W"
"YKL082C",20.4505615686476,0.635050768505718,1.01581457259443,0.625164066000523,0.531863383503246,0.999436863219939,"YKL082C"
"YKL083W",1.95120787942048,0.810296770498498,1.74227244451715,0.465080402923473,0.641873879317449,0.999436863219939,"YKL083W"
"YKL084W",4.30976102604583,0.486625993790154,1.72238055538072,0.282531054051866,0.777536338370094,0.999436863219939,"YKL084W"
"YKL085W",68.0670259768882,-1.04637412501317,0.979253478945969,-1.06854266797137,0.28527579429452,0.999436863219939,"YKL085W"
"YKL086W",11.3209446615886,0.399147955343571,1.34461233812235,0.296849838445592,0.766581153882694,0.999436863219939,"YKL086W"
"YKL087C",5.9230515533694,0.61900674464646,1.4673068063857,0.421865926030295,0.673122882215677,0.999436863219939,"YKL087C"
"YKL088W",9.44500334569175,-0.891527562426178,1.97892824968894,-0.450510301506037,0.652342527932538,0.999436863219939,"YKL088W"
"YKL089W",10.4274526352463,-0.126050455324548,2.30351759041667,-0.0547208564193112,0.956360853235946,0.999436863219939,"YKL089W"
"YKL090W",9.23948434320623,3.20061779448749,2.04998891101654,1.56128541831984,0.118456422527128,0.999436863219939,"YKL090W"
"YKL091C",19.1420851562409,-4.38333097161094,1.71892990716751,-2.5500347357583,0.0107712186660903,0.586093094274864,"YKL091C"
"YKL092C",13.2595072888045,0.441735648727896,1.58290407974766,0.279066593092815,0.780193719898612,0.999436863219939,"YKL092C"
"YKL093W",8.70323920952787,0.26386411604424,2.28365456715704,0.115544671177099,0.908013415074645,0.999436863219939,"YKL093W"
"YKL094W",47.0817333960376,0.877932354683377,1.08754269809935,0.807262424011214,0.419515307893927,0.999436863219939,"YKL094W"
"YKL095W",0.90701508458781,-2.40523577807041,3.58457755056961,-0.670995603844087,0.502223330088098,0.999436863219939,"YKL095W"
"YKL096W",153.693781349468,-0.813966661851317,0.849231581019696,-0.958474319659621,0.337823634880609,0.999436863219939,"YKL096W"
"YKL097C",0.211772791750773,-2.20112858730248,5.06198899420419,-0.434834724023048,0.663682398283024,0.999436863219939,"YKL097C"
"YKL098W",30.1358201783578,1.3224422831377,2.02079001417145,0.654418457070571,0.51284224639851,0.999436863219939,"YKL098W"
"YKL099C",13.1793535252398,1.00361861260814,1.81322370768293,0.553499608655922,0.579921348488302,0.999436863219939,"YKL099C"
"YKL100C",73.4143923982914,-0.190924586103885,1.03494202089725,-0.184478533336932,0.853638066056894,0.999436863219939,"YKL100C"
"YKL101W",79.9590816761902,0.452870164234572,1.10125885790505,0.411229531534554,0.68090423583045,0.999436863219939,"YKL101W"
"YKL102C",0.0705724170594416,-0.318169088588358,5.07082826772609,-0.0627449938727732,0.949969568026615,0.999436863219939,"YKL102C"
"YKL103C",75.2548666386488,-0.277222704037872,1.01357673916896,-0.273509339080897,0.784461714387606,0.999436863219939,"YKL103C"
"YKL104C",28.5222659681343,-0.459053700536767,1.01694256800186,-0.451405728288805,0.65169715553416,0.999436863219939,"YKL104C"
"YKL105C",28.186663544071,0.86046582813045,1.38791618609223,0.619969589484471,0.535277808434612,0.999436863219939,"YKL105C"
"YKL106W",9.48130833390229,-0.776755746833863,2.15675683473358,-0.360149894658762,0.718735042183607,0.999436863219939,"YKL106W"
"YKL107W",1.2094181036875,1.40839727334336,4.28250360205366,0.328872408342627,0.742252130258424,0.999436863219939,"YKL107W"
"YKL108W",1.84459725848364,2.32962519347985,2.73734510785256,0.851052790821629,0.394740028295234,0.999436863219939,"YKL108W"
"YKL109W",9.37620670918544,0.0125018905962648,1.7454382171896,0.00716260849174861,0.994285114134494,0.999436863219939,"YKL109W"
"YKL110C",6.19908836834248,0.214599670175338,2.07039256915751,0.103651681025238,0.917445772979034,0.999436863219939,"YKL110C"
"YKL111C",0.988122495514182,0.00984709242734937,1.78580602696512,0.00551408847246639,0.995600416235946,0.999436863219939,"YKL111C"
"YKL112W",24.8259261724716,-1.24263075082252,1.74371594001209,-0.712633705013849,0.476072449459555,0.999436863219939,"YKL112W"
"YKL113C",22.4894465012926,0.142149179770993,1.67247964730603,0.0849930700202908,0.932266900097534,0.999436863219939,"YKL113C"
"YKL114C",15.0846228588713,1.24652023229471,1.50047924815019,0.830748065214121,0.406115967154805,0.999436863219939,"YKL114C"
"YKL115C",0.453063988277585,0.912103455137063,2.96234584376589,0.307899044622538,0.758159152782854,0.999436863219939,"YKL115C"
"YKL116C",4.38921661256384,2.4301290112688,3.41592883016593,0.711410902302303,0.476829645010529,0.999436863219939,"YKL116C"
"YKL117W",93.9148650480302,0.0417744174471954,0.481770230737762,0.0867102506172369,0.930901828295231,0.999436863219939,"YKL117W"
"YKL119C",6.92445258191795,-0.219037773859986,1.48894700924592,-0.147109180178896,0.883045843981003,0.999436863219939,"YKL119C"
"YKL120W",19.850256380366,1.14670839359363,1.67022810450241,0.686557956067476,0.492361330701653,0.999436863219939,"YKL120W"
"YKL121W",4.35845637220249,-0.368300820664977,2.11825003362169,-0.173870324474997,0.861967375005053,0.999436863219939,"YKL121W"
"YKL122C",17.3972762881765,-0.119597045584006,0.883282164707177,-0.135400725116706,0.892295050852452,0.999436863219939,"YKL122C"
"YKL123W",0.673889821813078,-2.0340221844911,2.27855499461338,-0.892680751309329,0.372028161297856,0.999436863219939,"YKL123W"
"YKL124W",2.95978093220874,-3.28262050131073,3.44988559582301,-0.951515756141362,0.341342624014946,0.999436863219939,"YKL124W"
"YKL125W",5.75709871981062,-3.07184349123047,1.77527993342231,-1.73034316075927,0.0835689825221477,0.999436863219939,"YKL125W"
"YKL126W",55.4023269659819,-0.488649552637038,1.03029472312563,-0.474281331029833,0.635299302590838,0.999436863219939,"YKL126W"
"YKL127W",15.8451063816716,0.257194823201359,1.34259981558763,0.191564768753367,0.848083141804546,0.999436863219939,"YKL127W"
"YKL128C",34.8604130662079,0.559567930559682,1.32991917804145,0.420753335840866,0.673935209876767,0.999436863219939,"YKL128C"
"YKL129C",35.359841906639,-0.11318901729677,1.1725889853187,-0.0965291493557786,0.923100324178528,0.999436863219939,"YKL129C"
"YKL130C",5.8357368249179,-0.552044715784734,1.84785741167591,-0.298748546449836,0.765131912858135,0.999436863219939,"YKL130C"
"YKL132C",5.77942937336045,-1.64653765359054,3.88191497546501,-0.424156032266858,0.671452023773322,0.999436863219939,"YKL132C"
"YKL133C",0.261492089437865,-1.68456964079136,5.06497268904496,-0.3325920482128,0.73944224658531,0.999436863219939,"YKL133C"
"YKL134C",15.9225642836101,2.38234167165541,2.18434940648012,1.09064129785643,0.275430750104585,0.999436863219939,"YKL134C"
"YKL135C",16.3728442426113,0.0381157530242797,1.90783032951744,0.0199785863735171,0.984060454755035,0.999436863219939,"YKL135C"
"YKL136W",3.55581646970225,0.196887772559265,1.21550011783983,0.161980874925107,0.871320914566627,0.999436863219939,"YKL136W"
"YKL137W",6.81888045270375,0.84359913553927,1.21885979230814,0.69212155562352,0.488860995898556,0.999436863219939,"YKL137W"
"YKL138C",12.1478796470224,0.325787713652989,1.05507568284291,0.308781368911045,0.757487842506529,0.999436863219939,"YKL138C"
"YKL139W",6.10952092931502,-0.618536275444154,1.62495042355757,-0.380649321035879,0.703463478602148,0.999436863219939,"YKL139W"
"YKL140W",6.15972872955201,-1.61698655168495,2.10613355714224,-0.767751193271431,0.442635015725213,0.999436863219939,"YKL140W"
"YKL141W",21.5402897307125,1.80420676038022,1.36445143006352,1.32229460179189,0.186070069639521,0.999436863219939,"YKL141W"
"YKL142W",69.8323948692332,0.583472633389012,0.883446555263314,0.660450402928003,0.508964836315046,0.999436863219939,"YKL142W"
"YKL143W",19.9475226830024,-3.05284888828666,1.3919940936393,-2.19314787486284,0.0282967266575586,0.807201360441935,"YKL143W"
"YKL144C",12.8146249524903,-1.04667737404738,1.78039381582937,-0.587890928816667,0.556605505563871,0.999436863219939,"YKL144C"
"YKL145W",93.229182788163,-2.174593471359,0.776896205545752,-2.79907850731669,0.00512486755633026,0.377215560133839,"YKL145W"
"YKL146W",30.9842635232557,0.60827202535871,1.50700350708398,0.403630132577265,0.686484724044287,0.999436863219939,"YKL146W"
"YKL147C",0.0714552952923386,0.128330090870538,5.07085675729695,0.025307378420002,0.979809788689192,0.999436863219939,"YKL147C"
"YKL148C",19.1741455412434,-3.78636094500937,1.8987553889908,-1.99412782023589,0.0461380876480094,0.986715055663249,"YKL148C"
"YKL149C",4.57106009235549,-0.443333995998145,2.21049043296194,-0.200559110949917,0.841043333087874,0.999436863219939,"YKL149C"
"YKL150W",61.3033247148618,-0.695446426879806,1.01420767159034,-0.685704167263205,0.492899678370356,0.999436863219939,"YKL150W"
"YKL151C",15.5547754658105,3.48715805409656,1.88119249087025,1.85369549954103,0.0637827359488943,0.999436863219939,"YKL151C"
"YKL152C",706.310029053117,-0.172298039718101,0.231150885419853,-0.745392081908515,0.456034729197445,0.999436863219939,"YKL152C"
"YKL153W",196.07904699923,0.190823767764415,0.167399678909386,1.13992911460547,0.254315834278597,0.999436863219939,"YKL153W"
"YKL154W",17.6069935485046,-0.380224649778013,1.36183274582656,-0.279200695491601,0.780090809928529,0.999436863219939,"YKL154W"
"YKL155C",12.8545927549423,-3.817821304861,2.09560824140921,-1.82182014243925,0.0684822804368338,0.999436863219939,"YKL155C"
"YKL156W",18.8585333507422,-0.022149345194278,0.489728719411161,-0.0452277849273572,0.963925747735877,0.999436863219939,"YKL156W"
"YKL157W",71.3350740295349,0.498654885967558,0.91661280652741,0.544019112995719,0.586428320451603,0.999436863219939,"YKL157W"
"YKL159C",11.767100167615,1.17240478808405,1.54071327704317,0.76094936387778,0.446687312301093,0.999436863219939,"YKL159C"
"YKL160W",84.586264070467,1.2195301290692,0.471803868667835,2.58482435193382,0.00974286172410321,0.560562058688618,"YKL160W"
"YKL161C",25.4310189833941,-1.25696878066587,2.17462923114119,-0.578015214118247,0.563253847598892,0.999436863219939,"YKL161C"
"YKL162C",0.933146077965828,0.239234214909347,5.059814540427,0.0472812220681032,0.962289093961982,0.999436863219939,"YKL162C"
"YKL163W",76.4872289290705,-5.04865720868431,1.80222502459891,-2.80134674625767,0.00508898060528573,0.377215560133839,"YKL163W"
"YKL164C",68.1702089948655,-0.724315997132981,1.69293375150536,-0.42784662807326,0.668762786730067,0.999436863219939,"YKL164C"
"YKL165C",8.11185735582423,0.215050805156619,1.68086433296598,0.127940608256676,0.898195974360289,0.999436863219939,"YKL165C"
"YKL166C",10.6207883800009,-1.12522400945114,1.86380997722675,-0.603722494889427,0.546028155885633,0.999436863219939,"YKL166C"
"YKL167C",7.35211825567303,0.629530144571957,1.45735230332675,0.431968401281492,0.665764379285698,0.999436863219939,"YKL167C"
"YKL168C",19.5267003676009,1.64552642309529,2.15364303587804,0.764066465835835,0.44482763490755,0.999436863219939,"YKL168C"
"YKL169C",0.478417893079835,0.01276567141931,1.65967129891065,0.00769168655726526,0.993862982562563,0.999436863219939,"YKL169C"
"YKL170W",0.832640516317884,-0.56866450260626,1.89627623355273,-0.299884844066653,0.764264995278893,0.999436863219939,"YKL170W"
"YKL171W",2.07957968540132,-1.50139072196788,3.02507836753478,-0.496314653557688,0.619672429274537,0.999436863219939,"YKL171W"
"YKL172W",21.2326656848611,-0.399990197486544,0.834247173813322,-0.479462454344555,0.63160967226226,0.999436863219939,"YKL172W"
"YKL173W",7.85589055476267,-1.58719488740315,1.89341704818918,-0.838270094230487,0.401879027847369,0.999436863219939,"YKL173W"
"YKL174C",7.03426127755942,-0.0421335678468075,1.44094887453154,-0.0292401545894577,0.976673056182493,0.999436863219939,"YKL174C"
"YKL175W",40.9998959543598,-0.118984522384732,1.18188574312163,-0.10067345602331,0.919809683321324,0.999436863219939,"YKL175W"
"YKL176C",38.8358779945162,1.36343425493643,1.28079266692997,1.06452378291995,0.287091486350611,0.999436863219939,"YKL176C"
"YKL178C",29.4260140608346,0.92318293202406,1.44232333373778,0.640066558190966,0.52212932919486,0.999436863219939,"YKL178C"
"YKL179C",11.0370747742591,0.850071414471673,1.3395344162114,0.634602145479716,0.525687928531837,0.999436863219939,"YKL179C"
"YKL180W",106.320500185604,-0.570884676017726,0.446276279266363,-1.27921805962039,0.20082027796328,0.999436863219939,"YKL180W"
"YKL181W",96.9392821526499,1.34155236797753,0.839087592416606,1.59882279287888,0.109859983031627,0.999436863219939,"YKL181W"
"YKL182W",201.85993623886,-0.311524331288944,0.557007327928347,-0.559282285293414,0.575969083204887,0.999436863219939,"YKL182W"
"YKL183W",18.6438088919066,-5.67857052747519,1.78711378278292,-3.17750922307388,0.00148545965167377,0.15814840077284,"YKL183W"
"YKL184W",24.8440028762487,-0.193030546776933,1.55287312852223,-0.124305420212035,0.901073455880627,0.999436863219939,"YKL184W"
"YKL185W",6.3162096853881,-1.04918200654532,2.46327418604748,-0.425929850801067,0.670158962644199,0.999436863219939,"YKL185W"
"YKL186C",8.81417885004304,-1.17700097877225,1.32681995804241,-0.887084168155567,0.375033587052703,0.999436863219939,"YKL186C"
"YKL187C",0.16474000604605,0.0137134769856049,5.07065849643078,0.00270447654782072,0.997842142547939,0.999436863219939,"YKL187C"
"YKL188C",0.357785889688767,3.42624364747987,5.05559035740754,0.677713858374557,0.49795313784267,0.999436863219939,"YKL188C"
"YKL189W",0.997645818183163,0.928799266130896,3.74735273907518,0.247854773970416,0.804246773319852,0.999436863219939,"YKL189W"
"YKL190W",29.9924641425573,1.46771582097629,1.05259302638758,1.39438109904012,0.163202552633688,0.999436863219939,"YKL190W"
"YKL191W",28.8004930442147,1.34644320537768,1.65744510071212,0.812360665701192,0.416584709538344,0.999436863219939,"YKL191W"
"YKL192C",162.881743078241,0.136990909859369,0.573153421376038,0.2390126356229,0.811095784854581,0.999436863219939,"YKL192C"
"YKL193C",11.7376343687633,-3.30155623796347,1.26857466099112,-2.60257148395509,0.00925275235582319,0.544841929689182,"YKL193C"
"YKL194C",1.20946661244946,1.3504355219551,2.79223544307345,0.48363956030465,0.628641693839526,0.999436863219939,"YKL194C"
"YKL195W",39.9855241517613,0.537102883049041,0.775929757406461,0.692205548146914,0.488808254998663,0.999436863219939,"YKL195W"
"YKL196C",44.8625139253222,-0.0523186175438269,0.819787195220464,-0.0638197545031877,0.949113748503558,0.999436863219939,"YKL196C"
"YKL197C",5.98487044826038,1.20420336328984,2.17792192251736,0.552913927188885,0.580322350259231,0.999436863219939,"YKL197C"
"YKL198C",12.5046870775331,-0.0947512572434286,2.00535450586384,-0.0472491307478888,0.96231467054595,0.999436863219939,"YKL198C"
"YKL201C",24.0118800717619,0.0641416488433781,1.65983885362946,0.0386432988377902,0.969174780576414,0.999436863219939,"YKL201C"
"YKL202W",0.24851975469564,-0.480463752985048,4.19376155999194,-0.114566301901525,0.908788890975617,0.999436863219939,"YKL202W"
"YKL203C",82.1363880412228,-0.380061818420737,1.30891667079612,-0.290363647205726,0.771538051567521,0.999436863219939,"YKL203C"
"YKL204W",15.0414299627909,-1.52906903181048,1.17965222470771,-1.29620323666948,0.194905474749453,0.999436863219939,"YKL204W"
"YKL205W",12.0074713550218,1.8941285879778,1.77631723070539,1.06632337694863,0.286277485556091,0.999436863219939,"YKL205W"
"YKL206C",8.15796877771726,-0.971118069237857,1.81740754139831,-0.534342489021851,0.593104600739955,0.999436863219939,"YKL206C"
"YKL207W",74.0735684590383,-0.246171709119446,0.856684289513896,-0.287354060454558,0.77384123291116,0.999436863219939,"YKL207W"
"YKL208W",1.40627181952892,-0.406443832735606,3.0142930946799,-0.13483885606644,0.892739283662354,0.999436863219939,"YKL208W"
"YKL209C",4.70202375067334,-18.4642969418594,2.53390314139023,-7.28689926629514,3.17169867218762e-13,9.4548337417913e-11,"YKL209C"
"YKL210W",87.4427791515722,-0.328075374345457,0.605482679887337,-0.541841055480732,0.587928005924194,0.999436863219939,"YKL210W"
"YKL211C",7.25852532269748,2.94356592120768,1.92159637137131,1.53183361764316,0.125563497965504,0.999436863219939,"YKL211C"
"YKL212W",37.7944659260591,-0.040825216365883,1.15154352939277,-0.0354526036783091,0.971718839379906,0.999436863219939,"YKL212W"
"YKL213C",33.2149039289578,0.877238346044577,1.64877195099643,0.532055597812919,0.594687489055522,0.999436863219939,"YKL213C"
"YKL214C",9.08685166199537,1.66309207036329,1.60219342766904,1.03800954469202,0.299265611477405,0.999436863219939,"YKL214C"
"YKL215C",1.61372262826407,1.03288390013149,2.72900133971891,0.378484204129367,0.705070925873477,0.999436863219939,"YKL215C"
"YKL216W",113.200825009891,-0.217439980820561,0.766728882868607,-0.283594352161406,0.776721265811837,0.999436863219939,"YKL216W"
"YKL217W",0.32491752238239,-1.83073313326408,4.46844186302639,-0.409702797839281,0.682023977430128,0.999436863219939,"YKL217W"
"YKL218C",2.65255440497907,1.10142606022156,2.4040542139909,0.458153586475536,0.646842102511188,0.999436863219939,"YKL218C"
"YKL219W",3.07164760606973,1.50336368434624,2.67963267731327,0.561033494282355,0.574774704032758,0.999436863219939,"YKL219W"
"YKL220C",0,0,0,0,1,NA,"YKL220C"
"YKL221W",0.395719810058686,0.461211262088168,5.07085675729356,0.0909533209402524,0.927529681745352,0.999436863219939,"YKL221W"
"YKL222C",13.6206130786798,-2.6238520473009,2.27656095426161,-1.1525507552913,0.249094825729341,0.999436863219939,"YKL222C"
"YKR001C",63.044349447929,0.619758850986782,0.696270837093461,0.89011174670754,0.373405886126755,0.999436863219939,"YKR001C"
"YKR002W",17.9597449187579,-1.35125845822105,1.27420548208521,-1.0604713895986,0.288930199267704,0.999436863219939,"YKR002W"
"YKR003W",24.0945496084334,1.2177295734746,1.24082753279115,0.981385036432422,0.326402902383106,0.999436863219939,"YKR003W"
"YKR004C",3.29194448041825,-0.740019427242725,1.59904261964124,-0.462789057748039,0.643515575256405,0.999436863219939,"YKR004C"
"YKR005C",0.820727510425495,2.19074522110671,5.04216676017182,0.434484880272396,0.663936371978241,0.999436863219939,"YKR005C"
"YKR006C",27.2213039241851,-0.564433842045123,1.30644074580219,-0.432039374046426,0.66571279633636,0.999436863219939,"YKR006C"
"YKR007W",5.45381470034024,0.833732271665334,1.71827247015649,0.485215404509974,0.627523555945134,0.999436863219939,"YKR007W"
"YKR008W",28.7144734976152,2.29439504010412,1.07163424913898,2.14102436717339,0.032272073086602,0.870615835938104,"YKR008W"
"YKR009C",3.60916823025785,-0.804794824826867,2.50297602336414,-0.321535171457686,0.747804863122651,0.999436863219939,"YKR009C"
"YKR010C",6.43962409236221,1.27039325475397,2.06949224161942,0.613867126054002,0.539303135181292,0.999436863219939,"YKR010C"
"YKR011C",12.846233844846,-0.594538506281075,1.28371364016526,-0.463139509995807,0.643264371312147,0.999436863219939,"YKR011C"
"YKR012C",0.386741213587116,0.354263547579981,3.67248130134738,0.0964643570683415,0.923151780813354,0.999436863219939,"YKR012C"
"YKR013W",26.3957834094074,2.83056450408655,2.01439521417726,1.40516840199237,0.159971207783925,0.999436863219939,"YKR013W"
"YKR014C",10.9738250731987,1.09219399051629,1.42933782735078,0.764125855775206,0.444792245518991,0.999436863219939,"YKR014C"
"YKR015C",7.17703794292381,0.666834030970691,2.32065234855289,0.287347663852586,0.773846130241831,0.999436863219939,"YKR015C"
"YKR016W",13.0493340314489,-1.33679170503665,1.35850737987347,-0.984015048310711,0.3251081139451,0.999436863219939,"YKR016W"
"YKR017C",0.706110797386131,-1.38229265415865,5.06721130716578,-0.272791594896366,0.785013420917021,0.999436863219939,"YKR017C"
"YKR018C",36.8989415718835,1.19266215411365,1.27653328775709,0.934297730856039,0.350150334509062,0.999436863219939,"YKR018C"
"YKR019C",18.7518476908518,0.348777506860064,2.30424872648685,0.151362785992215,0.879689543665222,0.999436863219939,"YKR019C"
"YKR020W",9.43028308771332,1.60084149140469,2.05821569572863,0.77778120861039,0.436698007804495,0.999436863219939,"YKR020W"
"YKR021W",5.7140190365722,-6.76695975454634,2.65495862566067,-2.5488004555485,0.0108094130012747,0.586093094274864,"YKR021W"
"YKR022C",7.03754014571273,-2.08936500094086,2.06071604817299,-1.01390242619465,0.310629313568427,0.999436863219939,"YKR022C"
"YKR023W",18.9902694363834,0.193347751039387,1.27330417123271,0.15184726117107,0.879307405284657,0.999436863219939,"YKR023W"
"YKR024C",24.6110806773874,0.186442650025529,1.6972212193136,0.109851708135567,0.912526981989581,0.999436863219939,"YKR024C"
"YKR025W",28.2352008441359,-2.58497825312531,1.09083069757188,-2.36973368908605,0.0178009018286387,0.672250780778384,"YKR025W"
"YKR026C",18.5525658035777,-0.986953362895522,1.54112544951524,-0.640410787587713,0.521905571409502,0.999436863219939,"YKR026C"
"YKR027W",38.4126185636921,1.25131575590747,2.00386278527033,0.624451816314688,0.532330904698477,0.999436863219939,"YKR027W"
"YKR028W",41.0145958345131,0.572204407476027,1.19592426452908,0.478462076945438,0.632321359680842,0.999436863219939,"YKR028W"
"YKR029C",8.67806682639684,2.25187267432774,1.82967158633597,1.2307523881033,0.218415487805233,0.999436863219939,"YKR029C"
"YKR030W",10.6770862914896,-0.506964274720385,1.49654764315318,-0.338755853874606,0.734793660382206,0.999436863219939,"YKR030W"
"YKR031C",36.7963690735428,1.02667606304191,1.31731476117649,0.77937034739138,0.435761586032428,0.999436863219939,"YKR031C"
"YKR035C",0.297304080759969,0.445888998326936,1.56938105394187,0.284117740052348,0.77632015233823,0.999436863219939,"YKR035C"
"YKR036C",11.0959269068397,-1.0799640720014,2.00789861391596,-0.537857870171627,0.590675175910237,0.999436863219939,"YKR036C"
"YKR037C",5.4224729384698,3.70611046872714,2.28015151166861,1.62537903720925,0.104081819764291,0.999436863219939,"YKR037C"
"YKR038C",32.3451352014701,0.872236688846721,1.53877336459497,0.56683895687024,0.570823600338296,0.999436863219939,"YKR038C"
"YKR039W",1.08328536721013,-3.63776289216953,2.53200407380146,-1.43671289071345,0.150799590617284,0.999436863219939,"YKR039W"
"YKR041W",1.32781945255552,0.350250073910905,3.82811479019255,0.0914941408779668,0.927099961612974,0.999436863219939,"YKR041W"
"YKR042W",220.725871273395,0.226996213066423,0.701722220111186,0.32348443096252,0.746328396555091,0.999436863219939,"YKR042W"
"YKR043C",50.0892640691972,-0.150623740495286,0.864657445100703,-0.174200478292005,0.861707909662106,0.999436863219939,"YKR043C"
"YKR044W",21.8899647245201,7.93235660142523,2.16317044763068,3.66700488632948,0.000245408107341937,0.0340535440661673,"YKR044W"
"YKR045C",1.90496033499574,0.997207727320486,3.01020784514463,0.331275373203532,0.740436491425365,0.999436863219939,"YKR045C"
"YKR046C",27.5569228471297,-0.109414900463791,1.17210192766618,-0.0933493051083461,0.925626063241757,0.999436863219939,"YKR046C"
"YKR047W",10.6929361917939,-0.618423839920374,0.739588522462746,-0.836172846302552,0.403057671902775,0.999436863219939,"YKR047W"
"YKR048C",52.1930932246046,0.142692751262936,0.846844208110822,0.168499412166095,0.866190406082758,0.999436863219939,"YKR048C"
"YKR049C",9.82430675512464,1.1623403811233,1.52675508785249,0.761314234595564,0.446469400384219,0.999436863219939,"YKR049C"
"YKR050W",24.8461620676007,1.39794164417671,2.43304779230194,0.574563988672865,0.565586212736112,0.999436863219939,"YKR050W"
"YKR051W",10.358669009504,-0.848114344985813,1.83194220568784,-0.462959116478989,0.643393672177999,0.999436863219939,"YKR051W"
"YKR052C",21.6982224462408,1.299176853776,2.15473960223904,0.602939145141248,0.546549173507987,0.999436863219939,"YKR052C"
"YKR053C",25.8192804507322,-0.937711816510121,1.36005542987149,-0.689465881988887,0.490530136456992,0.999436863219939,"YKR053C"
"YKR054C",26.1457278976436,0.548206079252204,1.48085363137367,0.370195992120893,0.711236462624171,0.999436863219939,"YKR054C"
"YKR055W",1.16773975285668,2.9599746293831,3.08946988585815,0.958084959148555,0.338019919234162,0.999436863219939,"YKR055W"
"YKR056W",28.6654342082428,-0.0394753374937995,1.48350103657457,-0.0266095786390205,0.978771133316805,0.999436863219939,"YKR056W"
"YKR057W",137.774361694212,0.250169049686993,0.347389207588551,0.720140534657296,0.471438472393505,0.999436863219939,"YKR057W"
"YKR058W",20.9825794277385,5.50419604634036,2.30361503490514,2.38937320817018,0.0168771482364383,0.672250780778384,"YKR058W"
"YKR059W",44.6553745981539,-0.177349083662181,0.529452985698199,-0.334966632454263,0.737650257039892,0.999436863219939,"YKR059W"
"YKR060W",4.21924962806376,-1.9359240316269,2.4247955668631,-0.798386494137053,0.424646238404774,0.999436863219939,"YKR060W"
"YKR061W",4.57487885541246,1.71223236475964,2.8471636156487,0.601381794621426,0.547585721506248,0.999436863219939,"YKR061W"
"YKR062W",18.2507008368464,1.4311238427781,1.27151253310894,1.12552869555985,0.26036506441362,0.999436863219939,"YKR062W"
"YKR063C",8.14923032215372,0.60873550422105,1.66824412350899,0.364895937976172,0.715189086589194,0.999436863219939,"YKR063C"
"YKR064W",21.1958180556177,0.838694597706631,1.87604082770345,0.447055621243232,0.654834900478753,0.999436863219939,"YKR064W"
"YKR065C",30.1972230390763,0.443196855689438,0.987309023023957,0.448893756011672,0.653508300557614,0.999436863219939,"YKR065C"
"YKR066C",137.843703578191,1.35289331959147,1.04249716135694,1.29774292894046,0.194375686722512,0.999436863219939,"YKR066C"
"YKR067W",15.9494750324565,-0.912188369521071,1.75068444345335,-0.521046710006582,0.602334232531128,0.999436863219939,"YKR067W"
"YKR068C",17.8544696459138,0.898478140503036,1.35400650472263,0.663570032617452,0.506965542629722,0.999436863219939,"YKR068C"
"YKR069W",17.0709975793491,0.242672775219354,2.16863247010168,0.111901291973175,0.910901672192712,0.999436863219939,"YKR069W"
"YKR070W",12.9633274111987,1.10094059802339,1.76445816357646,0.623953925771659,0.532657843920646,0.999436863219939,"YKR070W"
"YKR071C",38.3012043640506,1.32989807196615,0.8916555405309,1.49149308394844,0.135832085643645,0.999436863219939,"YKR071C"
"YKR072C",40.7255930304512,-0.219883846229048,1.21536325603949,-0.180920268188446,0.856430159660927,0.999436863219939,"YKR072C"
"YKR073C",2.89672530718954,-1.26876715148879,1.71436939801021,-0.740078044417613,0.459252640017145,0.999436863219939,"YKR073C"
"YKR074W",11.4520977807497,-1.84973720781101,1.46450620552502,-1.26304497777658,0.206573016076475,0.999436863219939,"YKR074W"
"YKR075C",10.8337226468939,0.526583246187536,2.18358631986753,0.24115522312829,0.8094348135843,0.999436863219939,"YKR075C"
"YKR076W",53.9705285339567,-0.140516034728745,1.4661198083922,-0.095842122809076,0.923645962162346,0.999436863219939,"YKR076W"
"YKR077W",4.8276190339225,-0.308314188591005,2.56302511760124,-0.120293081200687,0.904250984716659,0.999436863219939,"YKR077W"
"YKR078W",1.74867177374329,-0.262790766565676,2.02800100455951,-0.129581181653683,0.896897792565511,0.999436863219939,"YKR078W"
"YKR079C",13.7033192791423,-0.347732192020305,1.86820029276141,-0.186132179385497,0.852341107338571,0.999436863219939,"YKR079C"
"YKR080W",17.4986201914819,-6.01719251282617,1.7589786960374,-3.42084445160229,0.000624270262080198,0.0775395688025446,"YKR080W"
"YKR081C",27.6151575359098,-0.377804774626825,1.17735214514618,-0.320893605353663,0.748291020073104,0.999436863219939,"YKR081C"
"YKR082W",19.0836087089579,-1.20390887446466,1.52369264585228,-0.790125802432587,0.429454302406615,0.999436863219939,"YKR082W"
"YKR083C",4.50005301950273,-2.90965420573792,2.27577772599364,-1.27853180585442,0.201061977553813,0.999436863219939,"YKR083C"
"YKR084C",26.602041240242,-0.51014611128405,1.45345703468684,-0.350988091914232,0.72559728207412,0.999436863219939,"YKR084C"
"YKR085C",21.4202937296774,-1.45383553923243,1.46229770998613,-0.994213099907147,0.320119131801097,0.999436863219939,"YKR085C"
"YKR086W",7.43649203228592,-3.36387143522672,2.17388959611573,-1.5473975501043,0.121767411640405,0.999436863219939,"YKR086W"
"YKR087C",23.0104991124895,0.409551713234764,1.85734549745855,0.220503785534336,0.825478824500666,0.999436863219939,"YKR087C"
"YKR088C",30.3814791370013,1.21931122133762,1.7401658905964,0.700686772408652,0.483498512785055,0.999436863219939,"YKR088C"
"YKR089C",20.421689290068,1.35085912919501,1.37389717979362,0.983231605001129,0.325493463141166,0.999436863219939,"YKR089C"
"YKR090W",8.56832753653707,-2.64349432599966,2.19903112406216,-1.2021177404331,0.229317913920406,0.999436863219939,"YKR090W"
"YKR091W",5.3494693930528,1.40436372754968,2.15865663060515,0.650573003431299,0.515322162010413,0.999436863219939,"YKR091W"
"YKR092C",17.9794297925945,1.53871911317496,1.25774704858818,1.22339314165131,0.221181242508959,0.999436863219939,"YKR092C"
"YKR093W",11.8872673629025,1.76783671491659,2.18426457472611,0.809350998671152,0.418313279369083,0.999436863219939,"YKR093W"
"YKR094C",105.228090695609,-0.117883823451512,0.42405425491847,-0.277992313682069,0.781018259090512,0.999436863219939,"YKR094C"
"YKR095W",55.6918984297637,0.26428588306266,0.649887493660616,0.406664054379658,0.684254744639447,0.999436863219939,"YKR095W"
"YKR096W",41.2898688607104,0.649312915663755,1.5694511798507,0.413719728271842,0.679079377255061,0.999436863219939,"YKR096W"
"YKR097W",7.13134573363867,0.877034347993628,3.44532870261417,0.254557525187124,0.799064868574136,0.999436863219939,"YKR097W"
"YKR098C",26.5398477324206,0.277737423224919,1.95253893299421,0.142244243395961,0.886887085888316,0.999436863219939,"YKR098C"
"YKR099W",15.0304641612715,-2.8911662904458,2.00380873048581,-1.44283545952255,0.149066827635083,0.999436863219939,"YKR099W"
"YKR100C",23.7519922682287,-2.24071863344779,1.53922230233071,-1.45574724979938,0.145462502881241,0.999436863219939,"YKR100C"
"YKR101W",2.15018843513762,4.3983358650986,2.97283291135162,1.47950994766768,0.139004074662821,0.999436863219939,"YKR101W"
"YKR102W",0.826193868810899,-3.32702809035956,5.05823089265323,-0.657745397742098,0.510701745639064,0.999436863219939,"YKR102W"
"YKR103W",0.259253410202227,3.00413918702978,5.05615920742913,0.594154389485151,0.552408855737052,0.999436863219939,"YKR103W"
"YKR105C",0.668583767181708,-3.74741559057031,5.05742696065249,-0.740972755459592,0.458709959648818,0.999436863219939,"YKR105C"
"YKR106W",5.57664497800044,-0.506319028488096,2.7110597035318,-0.186760560023261,0.851848371305371,0.999436863219939,"YKR106W"
"YFL062W",0.486012103371963,2.34816713341406,5.064406162245,0.463660902816125,0.642890712731612,0.999436863219939,"YFL062W"
"YFL061W",0.223357777161803,1.57898868025601,5.06606596347657,0.311679455348511,0.755284142989251,0.999436863219939,"YFL061W"
"YFL060C",1.04061830708438,-0.751426273190245,3.84075139430124,-0.195645642231669,0.84488753323596,0.999436863219939,"YFL060C"
"YFL059W",1.64337173667171,0.369471936576487,2.97414542176322,0.124227932458476,0.901134806633875,0.999436863219939,"YFL059W"
"YFL058W",0.0289484910425577,0.350273873163221,5.07085675729695,0.0690758761148552,0.944929223223456,0.999436863219939,"YFL058W"
"YFL056C",82.0464656285196,-0.294531821322884,1.1669825549283,-0.25238751006092,0.800741553261452,0.999436863219939,"YFL056C"
"YFL055W",0.357083921535304,0.461212771155604,5.0708567572937,0.0909536185363974,0.9275294452781,0.999436863219939,"YFL055W"
"YFL054C",4.58208626438832,-3.5332355756968,3.15505096767081,-1.11986640212826,0.262770697513884,0.999436863219939,"YFL054C"
"YFL053W",0.108882976845165,-0.563285766071577,5.07058368837778,-0.111088939792608,0.911545819221624,0.999436863219939,"YFL053W"
"YFL052W",0,0,0,0,1,NA,"YFL052W"
"YFL051C",0.0964529276454726,0.461229495287221,5.07085675729585,0.0909569166243185,0.927526824647175,0.999436863219939,"YFL051C"
"YFL050C",1.16708480370322,-2.59916473009678,4.53083335614734,-0.573661515617275,0.566196875419054,0.999436863219939,"YFL050C"
"YFL049W",1.32192771464823,-0.515640743761853,2.42238303604443,-0.212865073809241,0.831432205097951,0.999436863219939,"YFL049W"
"YFL048C",14.2393084138311,0.742582913632395,1.47750884392707,0.502591180204841,0.615251731491518,0.999436863219939,"YFL048C"
"YFL047W",3.96964902964767,-4.22301105552279,2.48382573374417,-1.70020424466613,0.0890925141414432,0.999436863219939,"YFL047W"
"YFL046W",5.50493159490354,2.18126908854981,1.96359757762484,1.11085342200731,0.26663144718744,0.999436863219939,"YFL046W"
"YFL045C",65.3470738869753,-0.0988840123368899,0.697822933749562,-0.141703586331798,0.887314142047335,0.999436863219939,"YFL045C"
"YFL044C",11.3417284294987,-0.27696835532344,1.93844305903322,-0.14288186286038,0.886383482931584,0.999436863219939,"YFL044C"
"YFL042C",34.9857157136154,0.239490843806018,1.8437393508532,0.12989408925681,0.896650220759407,0.999436863219939,"YFL042C"
"YFL041W",22.0157116171737,0.309870274484789,1.48276148214496,0.208981874843776,0.834462387997456,0.999436863219939,"YFL041W"
"YFL040W",2.38823861312454,4.25704747987501,3.67196973496451,1.15933621111835,0.246319167006102,0.999436863219939,"YFL040W"
"YFL039C",356.705058248138,-0.19162952493308,0.371495250097341,-0.515833041964515,0.605971022855021,0.999436863219939,"YFL039C"
"YFL038C",79.6706910917978,0.114924608135303,0.649835516886428,0.176851841964477,0.859624766793034,0.999436863219939,"YFL038C"
"YFL037W",111.604424104148,-0.746166882760441,0.75151781063014,-0.992879838915311,0.320768515947574,0.999436863219939,"YFL037W"
"YFL036W",39.2116302067721,0.591146130965862,1.1849746649351,0.498868160188249,0.617872265939269,0.999436863219939,"YFL036W"
"YFL034C-B",1.02065100004028,1.14017492237834,2.72822055397209,0.417918896153146,0.676006416317282,0.999436863219939,"YFL034C-B"
"YFL034W",14.6464034878937,0.25513248347184,1.53772992647995,0.165915014774974,0.868223831185423,0.999436863219939,"YFL034W"
"YFL033C",21.6934171023373,-0.397139874733588,1.7977989646695,-0.220903383825564,0.825167662594463,0.999436863219939,"YFL033C"
"YFL032W",1.11977226204975,0.139610816892786,0.781404778685774,0.178666448812348,0.858199615200034,0.999436863219939,"YFL032W"
"YFL031W",217.279154089665,1.10282778660791,0.305966065506806,3.6044120931554,0.00031286031671647,0.041450515739191,"YFL031W"
"YFL030W",10.8998089987657,-0.5630419422255,1.97642160062253,-0.284879472096517,0.775736483512658,0.999436863219939,"YFL030W"
"YFL029C",5.33262155627036,-4.30349585570877,1.86403384461855,-2.30870049282256,0.0209602069862752,0.714084308869557,"YFL029C"
"YFL028C",16.397270279405,-0.887209937739272,1.79214920410722,-0.495053612559701,0.620562276743821,0.999436863219939,"YFL028C"
"YFL027C",0.432697601679986,4.00725675256424,5.0526320448526,0.793102825812669,0.427717916593891,0.999436863219939,"YFL027C"
"YFL026W",0,0,0,0,1,NA,"YFL026W"
"YFL025C",0.227381198003859,-0.224922759319058,5.07058251454556,-0.0443583668491423,0.964618747402645,0.999436863219939,"YFL025C"
"YFL024C",18.1974906762976,1.06185670442195,1.40568541785644,0.755401379948294,0.450008185501777,0.999436863219939,"YFL024C"
"YFL023W",18.4147977044364,-0.436076293586465,1.46666826468592,-0.297324421674759,0.766218838424444,0.999436863219939,"YFL023W"
"YFL022C",36.1382521506454,1.13527628339253,1.0497119147053,1.08151223920446,0.279469319348344,0.999436863219939,"YFL022C"
"YFL021W",15.5269826210038,0.820416536319044,1.67444474007966,0.489963339297785,0.624159841087694,0.999436863219939,"YFL021W"
"YFL020C",0.0588600411069557,0.239297196784505,5.07085675729666,0.0471906835940831,0.962361252666094,0.999436863219939,"YFL020C"
"YFL019C",0.135881327859386,2.60366179960916,5.06217965769655,0.514336111254081,0.607017018641049,0.999436863219939,"YFL019C"
"YFL018C",105.226298602807,0.209459859882477,0.805944096029413,0.259893782849714,0.794945707104453,0.999436863219939,"YFL018C"
"YFL017C",16.6746069499328,-2.48448651009516,1.04855788276182,-2.36943191304921,0.0178154349820504,0.672250780778384,"YFL017C"
"YFL016C",71.7666098534136,1.25501121211694,1.08020219330171,1.16182990545587,0.245304563907385,0.999436863219939,"YFL016C"
"YFL014W",483.091060792936,0.236652822686397,0.718596584226655,0.329326395199999,0.741908995352806,0.999436863219939,"YFL014W"
"YFL013C",7.86945907650198,-3.83189788547214,2.06785758513683,-1.85307630129596,0.063871423056142,0.999436863219939,"YFL013C"
"YFL012W",0,0,0,0,1,NA,"YFL012W"
"YFL011W",0.0148389119454573,0.461242167488611,5.07085675729695,0.0909594156500052,0.92752483894442,0.999436863219939,"YFL011W"
"YFL010C",45.35840694313,0.388312998537504,0.696622942221618,0.557422064365444,0.577239093785596,0.999436863219939,"YFL010C"
"YFL009W",23.6846808766011,0.303977659785455,1.71309949273962,0.17744308551474,0.859160366884721,0.999436863219939,"YFL009W"
"YFL008W",22.1311168632282,-0.944378645210859,1.51992796720072,-0.621331185154871,0.53438173915924,0.999436863219939,"YFL008W"
"YFL007W",72.1340914241778,0.296605286698791,1.04292614970467,0.284397209507865,0.776105997243893,0.999436863219939,"YFL007W"
"YFL005W",41.5856426249691,1.32934588539528,0.950417127077584,1.39869731670646,0.161903769228653,0.999436863219939,"YFL005W"
"YFL004W",32.760920928055,-0.71894423531105,0.915380088999163,-0.785405149130033,0.43221606272851,0.999436863219939,"YFL004W"
"YFL003C",0.320071371074379,1.8791574497455,4.42347077439693,0.424815161122365,0.670971424568437,0.999436863219939,"YFL003C"
"YFL002C",17.9403524581469,-0.915836261336914,1.68161507004261,-0.544617063472028,0.586016916541618,0.999436863219939,"YFL002C"
"YFL001W",6.89231071018739,-4.11425946389295,2.17524452031272,-1.8914009094028,0.0585708472831026,0.999436863219939,"YFL001W"
"YFR001W",7.09447769967459,-0.543456116567807,1.09564193014337,-0.496016172452154,0.619883000765252,0.999436863219939,"YFR001W"
"YFR002W",33.3312206136379,1.79901374023937,1.27180582987853,1.41453490617447,0.157204905936876,0.999436863219939,"YFR002W"
"YFR003C",8.91989395282374,-0.292618381981447,0.985900443946054,-0.296803174984125,0.766616781357644,0.999436863219939,"YFR003C"
"YFR004W",48.7504633667003,-0.400972929801693,0.879401504059289,-0.455961159892057,0.648417908258609,0.999436863219939,"YFR004W"
"YFR005C",4.23788716700298,0.341234018271555,2.10748740106635,0.16191509287263,0.871372717258514,0.999436863219939,"YFR005C"
"YFR006W",42.7227343820549,-0.472052115858808,1.35837620316274,-0.347512062387221,0.728206658039502,0.999436863219939,"YFR006W"
"YFR007W",7.56506766460539,0.213425251114431,2.21373461637288,0.0964095919790605,0.923195274314858,0.999436863219939,"YFR007W"
"YFR008W",4.7790155189798,0.116775068064367,2.74148379023669,0.0425955712305287,0.966023925933894,0.999436863219939,"YFR008W"
"YFR009W",50.4408785487872,-0.973599669015248,1.00478292582319,-0.968965180431989,0.332562562304169,0.999436863219939,"YFR009W"
"YFR010W",65.7550733888982,-0.411053764826119,0.821343426208204,-0.500465154659824,0.616747585894203,0.999436863219939,"YFR010W"
"YFR011C",1.98308040045806,-3.0437607995513,2.14376954155942,-1.41981716809784,0.155660915496456,0.999436863219939,"YFR011C"
"YFR012W",0.0351373378779622,0.46123761635864,5.07085675729695,0.0909585181428996,0.927525552095234,0.999436863219939,"YFR012W"
"YFR013W",33.2335513568695,0.981002256219722,1.31508019401738,0.745963828428519,0.455689265839922,0.999436863219939,"YFR013W"
"YFR014C",23.8997473116932,0.0219295479684368,1.6087291931645,0.0136315969534311,0.989123896086541,0.999436863219939,"YFR014C"
"YFR015C",14.1448909692247,0.207952480345964,1.92650206464866,0.107943035287579,0.914040879313768,0.999436863219939,"YFR015C"
"YFR016C",38.4642437820062,1.67603306767273,1.09133638894764,1.53576210291028,0.124596737475377,0.999436863219939,"YFR016C"
"YFR017C",65.3463178053278,-2.21458743566569,1.50530631875949,-1.47118723150695,0.141240489302227,0.999436863219939,"YFR017C"
"YFR018C",53.4584430161058,1.61853633247932,1.41856515846934,1.14096721099914,0.253883568088588,0.999436863219939,"YFR018C"
"YFR019W",31.8805028468014,0.9163281270643,1.59595425556249,0.574156886934923,0.565861640890249,0.999436863219939,"YFR019W"
"YFR020W",10.7670337677561,-4.93108704234766,2.19956120172215,-2.24185034655406,0.0249710460619088,0.772949552677302,"YFR020W"
"YFR021W",31.4413260458462,-1.26021623650998,1.99710068363962,-0.631022885743195,0.528025560619989,0.999436863219939,"YFR021W"
"YFR022W",55.1330427268936,1.35590035620352,1.76757156481021,0.767097855157627,0.44302333707597,0.999436863219939,"YFR022W"
"YFR025C",28.9695879459013,-2.71519432133665,1.45442430802107,-1.86685158269323,0.0619223167884495,0.999436863219939,"YFR025C"
"YFR026C",2.1020288778439,-2.01518113492783,4.52127883260105,-0.445710430508555,0.655806429145634,0.999436863219939,"YFR026C"
"YFR027W",0.103633938478941,0.239292212025368,5.0708567572965,0.0471897005729946,0.962362036130604,0.999436863219939,"YFR027W"
"YFR028C",12.360399853382,0.516571544302532,1.38718448449153,0.372388496323097,0.7096036176583,0.999436863219939,"YFR028C"
"YFR029W",17.0834546343186,0.32251323191318,2.0054140266449,0.160821270634449,0.872234171754959,0.999436863219939,"YFR029W"
"YFR030W",41.8641031104482,-1.44184325467226,1.53247622220837,-0.940858483660185,0.346777385529164,0.999436863219939,"YFR030W"
"YFR031C",14.6093450138857,0.245451061425298,1.64731997944655,0.14900023340199,0.881553448792631,0.999436863219939,"YFR031C"
"YFR033C",12.9681848608235,0.0260246377929865,1.19947236117654,0.021696738195334,0.982689865704625,0.999436863219939,"YFR033C"
"YFR034C",17.1863735470008,0.695227199046996,1.47477312019274,0.471412985175738,0.637345844857507,0.999436863219939,"YFR034C"
"YFR035C",5.95815420914313,-0.129580140264161,1.08374558651901,-0.11956693699706,0.904826212233988,0.999436863219939,"YFR035C"
"YFR036W",0.347552583791654,1.24486199812462,5.07009219898885,0.245530445851238,0.806045737116001,0.999436863219939,"YFR036W"
"YFR037C",12.6160102361116,0.350583703656007,1.28021721361599,0.273847047147397,0.784202166667046,0.999436863219939,"YFR037C"
"YFR038W",11.4534300141659,1.44697396767141,1.2881069703813,1.12333369894201,0.261295796742246,0.999436863219939,"YFR038W"
"YFR039C",3.01117635046979,-1.97962934083394,2.58552123349258,-0.765659672483067,0.443878828416322,0.999436863219939,"YFR039C"
"YFR040W",28.6794082200578,-2.11942076190501,1.3132436181231,-1.61388239977447,0.106552936949427,0.999436863219939,"YFR040W"
"YFR041C",11.4471314839819,-1.72129886333963,1.68874080992332,-1.01927948517913,0.30807030048568,0.999436863219939,"YFR041C"
"YFR042W",5.24307142822281,0.984410333573595,2.07550579156758,0.474299005848638,0.635286700357773,0.999436863219939,"YFR042W"
"YFR043C",2.43104710841114,0.0720432314672411,2.28496660334326,0.0315292273251742,0.97484748369217,0.999436863219939,"YFR043C"
"YFR044C",61.2333669335156,-0.393048943630104,0.887692312980137,-0.442776103704864,0.657927689412927,0.999436863219939,"YFR044C"
"YFR045W",3.2730065101371,-1.08757096668856,2.34478254632425,-0.463825939165858,0.642772457482391,0.999436863219939,"YFR045W"
"YFR046C",0.658907428424268,1.02913354457721,4.53267015479733,0.227047967187284,0.820386443565177,0.999436863219939,"YFR046C"
"YFR047C",35.1209596699685,0.929605288965205,1.48583976722454,0.625643026570523,0.531549110476392,0.999436863219939,"YFR047C"
"YFR048W",7.9606341576143,1.32731846258147,2.29255627775931,0.578968758786048,0.562610253399037,0.999436863219939,"YFR048W"
"YFR049W",33.1766082269253,0.521000595441212,1.14867166231922,0.453567901544022,0.650139860776576,0.999436863219939,"YFR049W"
"YFR050C",44.8405551033715,-0.840177589661761,0.885614281214521,-0.948694716744576,0.342775901877006,0.999436863219939,"YFR050C"
"YFR051C",115.378235957573,-0.387087606457429,0.835103919687491,-0.463520284520138,0.642991478593475,0.999436863219939,"YFR051C"
"YFR052W",25.3350251246931,-0.0041489468630956,1.04314584621651,-0.00397734111499731,0.99682654929823,0.999436863219939,"YFR052W"
"YFR053C",226.526441166459,-1.32930135091533,1.42902658457421,-0.930214570718716,0.352259999205366,0.999436863219939,"YFR053C"
"YFR056C",0.173733660602444,-0.122887536383441,5.07050943027706,-0.0242357376656582,0.980664571960317,0.999436863219939,"YFR056C"
"YFR055W",3.13414616268356,-3.43567152321369,3.61424761597719,-0.9505910740664,0.34181200150167,0.999436863219939,"YFR055W"
"YER044C-A",0.865801991314172,-4.24825209672167,4.22904311110121,-1.00454215885623,0.315117361055243,0.999436863219939,"YER044C-A"
"YFL010W-A",11.6265262060828,-0.105243021912323,0.547527862768587,-0.192214915566413,0.847573862815616,0.999436863219939,"YFL010W-A"
"YKL096W-A",245.207056206119,-0.114660750897281,0.351026079806974,-0.326644535814354,0.743936754878629,0.999436863219939,"YKL096W-A"
"YHR039C-A",47.6428418250186,0.623676576029187,0.395176859399367,1.57822139934286,0.11451475574112,0.999436863219939,"YHR039C-A"
"YKL006C-A",21.502583401151,-1.59707269669614,0.791438745079946,-2.01793595098104,0.0435979322605984,0.977183729840931,"YKL006C-A"
"YEL017C-A",17.8631828672148,-0.210162547246575,0.606994744370681,-0.346234541889596,0.729166457541654,0.999436863219939,"YEL017C-A"
"YFR031C-A",515.051899635723,0.0579982320189468,0.229139528509959,0.253113168190996,0.800180763393425,0.999436863219939,"YFR031C-A"
"YER019C-A",70.0583275501601,-0.856441639283279,0.493792230540263,-1.73441700033684,0.0828441208219605,0.999436863219939,"YER019C-A"
"YER087C-B",15.1066995799752,0.628900011712836,0.701670894777981,0.896289152640185,0.370098351005685,0.999436863219939,"YER087C-B"
"YAR002C-A",16.8244340273944,-0.847424091782972,0.988502744983067,-0.857280463897436,0.391289902624459,0.999436863219939,"YAR002C-A"
"YCR079W",2.43055098916991,-1.68343281508349,2.92095904547623,-0.576328797793542,0.56439296136922,0.999436863219939,"YCR079W"
"YAL034C",34.3936083460624,1.50422538263831,1.86794517008812,0.805283477655473,0.42065611398976,0.999436863219939,"YAL034C"
"YER056C-A",106.141905512878,-0.182385689224032,0.361893057098193,-0.503976756797921,0.614277710499461,0.999436863219939,"YER056C-A"
"YAL034C-B",4.90248494167584,0.309592822364596,0.584348692706584,0.529808359680973,0.596244808562407,0.999436863219939,"YAL034C-B"
"YAL064C-A",0.126363656923333,0.461227156422321,5.07085675729583,0.0909564553876853,0.927527191141597,0.999436863219939,"YAL064C-A"
"YAL064W-B",0.14553695410162,0.461229722584591,5.07085675729684,0.0909569614485546,0.927526789030246,0.999436863219939,"YAL064W-B"
"YAL068C",0.444600020946006,-0.151136559748983,3.62057998086021,-0.0417437428665986,0.966702982568507,0.999436863219939,"YAL068C"
"YBL113C",5.07929739198496,2.32312497856155,1.1463303311817,2.0265755126332,0.0427058429430464,0.966128493250233,"YBL113C"
"YBR084C-A",323.254155816345,-0.139305296020191,0.312260188177731,-0.446119298246568,0.655511073463137,0.999436863219939,"YBR084C-A"
"YBR089C-A",13.7720748033603,-0.900642356883424,0.74061821763622,-1.21606832702272,0.223958894750542,0.999436863219939,"YBR089C-A"
"YBR162W-A",11.9561888447917,-0.123859594619376,0.618995450611029,-0.200097746271173,0.84140413593873,0.999436863219939,"YBR162W-A"
"YDL001W",3.55402190578514,1.09806665132877,2.65266814843999,0.413947991185605,0.678912196179638,0.999436863219939,"YDL001W"
"YDL002C",21.7001891301304,1.30645254074735,1.63974460936368,0.796741476256069,0.425601190315664,0.999436863219939,"YDL002C"
"YDL003W",28.8460433446104,0.562854044161693,2.49431179268997,0.22565504673924,0.82146972375736,0.999436863219939,"YDL003W"
"YDL004W",14.5700940976667,-0.16573179432849,0.941504598475802,-0.176028661566595,0.860271425342488,0.999436863219939,"YDL004W"
"YDL005C",19.5436063230309,-0.0792962216680461,1.08976798205865,-0.072764315866805,0.94199366746603,0.999436863219939,"YDL005C"
"YDL006W",11.4803535833465,-1.22487036330303,2.02400018493227,-0.605173049104254,0.545064021184139,0.999436863219939,"YDL006W"
"YDL007W",74.601825692953,1.04044437473666,0.82993982552341,1.25363832742994,0.209973493579485,0.999436863219939,"YDL007W"
"YDL008W",10.0518912487195,0.92308547559327,1.68551990566384,0.547656229090757,0.583927972344893,0.999436863219939,"YDL008W"
"YDL009C",3.01005113969911,0.651213474783214,1.83352778099657,0.355169679746691,0.722462477929167,0.999436863219939,"YDL009C"
"YDL010W",3.44216471970886,0.839505616890491,2.51281458936541,0.334089757534599,0.738311828775495,0.999436863219939,"YDL010W"
"YDL012C",12.9399782516234,-0.741717059429376,1.31546980290619,-0.563841950450511,0.572861699130761,0.999436863219939,"YDL012C"
"YDL013W",22.0532890619844,0.239344992775445,1.8309649756589,0.130720683332194,0.895996269810804,0.999436863219939,"YDL013W"
"YDL014W",127.100643383907,-0.874848766809262,0.841594998930713,-1.03951279168816,0.298566312072165,0.999436863219939,"YDL014W"
"YDL015C",23.8095240255712,-0.498141493216817,0.95234826980226,-0.523066517798419,0.60092796461961,0.999436863219939,"YDL015C"
"YDL016C",6.14863018925693,0.117555366727809,0.70161718697248,0.167549154881834,0.866937974107655,0.999436863219939,"YDL016C"
"YDL017W",1.38618513297698,-2.18071380305462,4.01991192661148,-0.542478005206649,0.587489255436427,0.999436863219939,"YDL017W"
"YDL018C",11.9921880452974,0.95287938668812,1.95432490052292,0.487574704918898,0.625851116119188,0.999436863219939,"YDL018C"
"YDL019C",79.5753739192925,1.78428590440151,0.991022896825479,1.80044871830618,0.0717898140715529,0.999436863219939,"YDL019C"
"YDL020C",46.6767048101958,0.418001624099531,1.13655424714731,0.367779738757471,0.71303747791858,0.999436863219939,"YDL020C"
"YDL021W",8.46533958301839,0.944343749179582,2.38029170626887,0.396734461869739,0.69156328441011,0.999436863219939,"YDL021W"
"YDL022W",214.044381734998,-1.01711951943575,0.744009674393679,-1.36707835185696,0.17160074793752,0.999436863219939,"YDL022W"
"YDL024C",0.223675345469061,0.461218098669288,5.07085675729529,0.0909546691504837,0.927528610469534,0.999436863219939,"YDL024C"
"YDL025C",44.2917059951225,0.621720921554783,1.31261108799559,0.47365204152296,0.635748057931452,0.999436863219939,"YDL025C"
"YDL027C",9.41369807060303,-0.387364698263466,1.81710734630881,-0.213176562766278,0.831189248311095,0.999436863219939,"YDL027C"
"YDL028C",11.5221015888082,-3.80324165632395,2.02899293304947,-1.87444795611381,0.0608687089314994,0.999436863219939,"YDL028C"
"YDL029W",63.981299612796,1.03642076924627,0.823396175696914,1.25871457730424,0.208133444208287,0.999436863219939,"YDL029W"
"YDL030W",10.124652586385,1.39941333781352,1.95338269423032,0.716405106867666,0.473741242496383,0.999436863219939,"YDL030W"
"YDL031W",13.411994391959,1.23295618028033,1.11764909517315,1.10316930922698,0.269953646616965,0.999436863219939,"YDL031W"
"YDL033C",38.6255197827601,2.13331708866721,2.33297286119735,0.914420019259173,0.360496186542198,0.999436863219939,"YDL033C"
"YDL034W",0.288098637385006,-0.0639148585417705,3.48847369231383,-0.018321725825995,0.985382195671911,0.999436863219939,"YDL034W"
"YDL035C",19.0272103040129,1.35876559044084,1.60337260461287,0.847442189377383,0.396748697086446,0.999436863219939,"YDL035C"
"YDL036C",9.69855406279636,-4.25162621911354,1.85980390245705,-2.2860615646072,0.0222506571420196,0.739525902528359,"YDL036C"
"YDL037C",0.83573193120989,0.630928571938943,5.07085675729408,0.124422479698602,0.900980775418245,0.999436863219939,"YDL037C"
"YDL039C",2.28085068438698,-3.77871566605981,3.15689211232143,-1.19697333060936,0.231316949870616,0.999436863219939,"YDL039C"
"YDL040C",66.927901606607,0.57996183285147,0.853935991044564,0.679163121046158,0.497034511533764,0.999436863219939,"YDL040C"
"YDL042C",3.19960293888995,3.35012680651169,3.01399104222568,1.11152513712775,0.266342376235341,0.999436863219939,"YDL042C"
"YDL043C",4.98039866639216,-3.19638796655659,2.83722485582497,-1.12658958277284,0.259916045550668,0.999436863219939,"YDL043C"
"YDL044C",2.66680750163181,-4.03994076614869,2.67225907247565,-1.51180729733887,0.130582892460322,0.999436863219939,"YDL044C"
"YDL045C",9.45520088992486,0.637957715065099,2.13023343735467,0.299477843074944,0.764575475378943,0.999436863219939,"YDL045C"
"YDL046W",57.193052801627,-0.5868325562175,0.831992282063078,-0.705334134545505,0.480602322670712,0.999436863219939,"YDL046W"
"YDL047W",15.3168522853188,-2.02954604695978,1.44125606965275,-1.40817866421806,0.159078172336689,0.999436863219939,"YDL047W"
"YDL048C",32.7659624274772,0.55661807942267,1.26131881931294,0.441298481319629,0.658996925428897,0.999436863219939,"YDL048C"
"YDL049C",15.4233981051792,-1.61901333822022,2.27541710865055,-0.71152376066135,0.476759732169511,0.999436863219939,"YDL049C"
"YDL050C",0.808380020613801,-0.060668844164466,1.28543069219556,-0.0471972892298389,0.962355987997501,0.999436863219939,"YDL050C"
"YDL051W",8.21195042657838,-0.863346092600556,1.06075342292491,-0.81389894573234,0.415702844715801,0.999436863219939,"YDL051W"
"YDL052C",46.2287095669086,-0.37402976338089,1.20308004520744,-0.310893497794153,0.755881587719435,0.999436863219939,"YDL052C"
"YDL053C",17.3089789045485,0.650006015727761,1.04835974974106,0.620021911265011,0.53524336136195,0.999436863219939,"YDL053C"
"YDL054C",2.06850205907735,2.71653391184809,3.45119001955685,0.787129626724205,0.431205987756261,0.999436863219939,"YDL054C"
"YDL055C",228.382992123272,-0.0954206390996631,0.6777921023411,-0.140781574128821,0.888042499794334,0.999436863219939,"YDL055C"
"YDL056W",19.3941253603633,-0.125580702565919,1.54820489117881,-0.0811137487560199,0.935351491791842,0.999436863219939,"YDL056W"
"YDL057W",2.59981161481293,-3.76050437067834,3.49664432059758,-1.0754609350818,0.282168413030031,0.999436863219939,"YDL057W"
"YDL058W",24.1357992904975,0.433326042126881,0.801892288037415,0.540379360908211,0.588935438292618,0.999436863219939,"YDL058W"
"YDL059C",2.96906899014745,-2.004531950766,2.57363518761255,-0.77887183094723,0.436055218942978,0.999436863219939,"YDL059C"
"YDL060W",39.2191227209632,1.1560640878994,1.28890504845621,0.896935029685921,0.369753586643014,0.999436863219939,"YDL060W"
"YDL061C",115.055773650576,-0.351389751286573,0.227717381353468,-1.54309587260333,0.122807516028223,0.999436863219939,"YDL061C"
"YDL063C",10.4091721854521,-3.10554692759526,1.60583290170686,-1.93391661379856,0.0531233810922767,0.999436863219939,"YDL063C"
"YDL064W",7.22196411671942,-0.261063228338815,1.19814734052094,-0.217889085515399,0.827515531347939,0.999436863219939,"YDL064W"
"YDL065C",16.7560533494717,-1.6471047057069,1.16442933126402,-1.41451667480664,0.157210254942393,0.999436863219939,"YDL065C"
"YDL066W",115.209863413116,-0.00203893324739468,0.74608787791316,-0.00273283256269713,0.997819517805074,0.999436863219939,"YDL066W"
"YDL067C",17.7883499589509,-0.244458546564065,0.854120976801875,-0.28621068116065,0.774716763406206,0.999436863219939,"YDL067C"
"YDL069C",1.09175208480546,0.0340453537435859,1.80898574426613,0.0188201337967965,0.98498459221968,0.999436863219939,"YDL069C"
"YDL070W",21.9611856174153,0.435879601094092,1.10482410195788,0.394523979266618,0.693194226960858,0.999436863219939,"YDL070W"
"YDL071C",0.455651386001871,-0.225471319315346,4.32861687077221,-0.0520885368344283,0.958458146848358,0.999436863219939,"YDL071C"
"YDL072C",86.5142280227222,-0.212432063996494,0.77956691694429,-0.272500101504018,0.785237513235403,0.999436863219939,"YDL072C"
"YDL073W",12.633498098342,0.63110805971926,1.73801399394553,0.363120240641192,0.716515065250887,0.999436863219939,"YDL073W"
"YDL074C",29.4166716417293,0.930777521395049,1.14834484223369,0.810538339323714,0.417630839251559,0.999436863219939,"YDL074C"
"YDL075W",389.556318727726,0.0276901403540011,0.382969376489601,0.0723037977809512,0.942360142417288,0.999436863219939,"YDL075W"
"YDL076C",33.9805748641086,-0.36046823232585,1.48748805813593,-0.24233353024533,0.808521734532194,0.999436863219939,"YDL076C"
"YDL077C",30.5956244228291,-1.51646945199909,1.37650721200871,-1.1016792638421,0.270601135012614,0.999436863219939,"YDL077C"
"YDL078C",19.9134989994391,-0.148024204677411,1.11919635796023,-0.132259369524031,0.89477914341513,0.999436863219939,"YDL078C"
"YDL079C",4.55503551983679,1.15424918688932,2.99714695635825,0.385115979862333,0.700151489192535,0.999436863219939,"YDL079C"
"YDL080C",19.9407307259688,2.55235213549558,1.89477399737332,1.3470483229313,0.177964669969467,0.999436863219939,"YDL080C"
"YDL081C",214.726623720794,0.367039586415237,0.205434348346543,1.78665149897954,0.0739938326224254,0.999436863219939,"YDL081C"
"YDL082W",106.54497056928,0.037966671338429,0.502699757423845,0.0755255413947173,0.939796576473579,0.999436863219939,"YDL082W"
"YDL083C",177.678721179527,-0.374230151659207,0.36107400832688,-1.03643614059425,0.299998717115402,0.999436863219939,"YDL083C"
"YDL084W",134.783831272916,-0.0440157579524694,0.538703378539786,-0.0817068533555126,0.934879828395397,0.999436863219939,"YDL084W"
"YDL085W",0.0543411372409125,-0.43913460137071,5.07072329034293,-0.086601965089878,0.930987903855365,0.999436863219939,"YDL085W"
"YDL086W",20.5093294305935,-0.123446680987514,0.911154207347717,-0.13548385113301,0.892229331458893,0.999436863219939,"YDL086W"
"YDL087C",0.629828086062024,2.01097968574508,5.06693897298556,0.396882555023189,0.691454069057908,0.999436863219939,"YDL087C"
"YDL088C",11.0702501786014,0.752413701095652,2.00669395872674,0.374951894295362,0.707696243679867,0.999436863219939,"YDL088C"
"YDL089W",6.43815508508619,0.196324573995942,2.13470617415935,0.0919679609177381,0.926723495163402,0.999436863219939,"YDL089W"
"YDL090C",23.5218364140414,-2.20288221161731,2.12079751750421,-1.03870463513636,0.298942124810268,0.999436863219939,"YDL090C"
"YDL091C",6.1282811005412,0.345390753250517,2.19052590484112,0.157674808815177,0.87471305180584,0.999436863219939,"YDL091C"
"YDL092W",6.26317043587057,-1.3879089774946,1.20423350228873,-1.15252480092672,0.24910548443264,0.999436863219939,"YDL092W"
"YDL093W",6.28946492647338,-1.03355300990294,3.49060500456887,-0.296095664949232,0.767157024505511,0.999436863219939,"YDL093W"
"YDL094C",0.460355060150577,-1.45330880304512,1.73033092704152,-0.839902229297813,0.400963207594416,0.999436863219939,"YDL094C"
"YDL095W",62.3427828150364,-0.674782131572117,1.16993454026653,-0.576769133953761,0.564095423138708,0.999436863219939,"YDL095W"
"YDL097C",124.754651694485,-0.149101106058222,0.760061453136229,-0.196169803695462,0.844477261999933,0.999436863219939,"YDL097C"
"YDL098C",3.71401231211842,-3.52769797302614,2.26057969074967,-1.56052803069121,0.118635151217849,0.999436863219939,"YDL098C"
"YDL099W",14.0523550536529,-0.167031647470172,0.97695663585969,-0.170971403785174,0.864246250966895,0.999436863219939,"YDL099W"
"YDL100C",77.9854795080646,0.236931096007961,0.715865184790008,0.330971670423478,0.740665884445252,0.999436863219939,"YDL100C"
"YDL101C",10.3087391351344,1.83740566524472,1.91939325749646,0.957284630478135,0.338423610762808,0.999436863219939,"YDL101C"
"YDL102W",3.8439333915399,2.37451775634559,2.84522253941955,0.834563104800236,0.403963742907799,0.999436863219939,"YDL102W"
"YDL103C",20.4657940314141,1.47281168063018,1.84449796056722,0.798489188991707,0.424586664408859,0.999436863219939,"YDL103C"
"YDL104C",1.66443929687077,-1.16615105460814,1.2091391050997,-0.964447390453046,0.334821672466058,0.999436863219939,"YDL104C"
"YDL105W",0.600727725599344,2.21631621709309,5.0654557562269,0.437535401304928,0.661723108046335,0.999436863219939,"YDL105W"
"YDL106C",3.9619646830096,-5.50693354963061,2.26372922218963,-2.43268209627296,0.0149874532289777,0.641448832822062,"YDL106C"
"YDL107W",1.68679551923393,-3.02426537250265,2.38504790692254,-1.26801032537954,0.204794263262203,0.999436863219939,"YDL107W"
"YDL108W",0.562959208287404,2.29464830563561,4.55100082613614,0.504207402569029,0.614115639046044,0.999436863219939,"YDL108W"
"YDL109C",0.874836659011155,1.31393519894467,4.08341899179605,0.321773298695158,0.747624443916934,0.999436863219939,"YDL109C"
"YDL110C",22.6313414573447,-0.92175568940029,1.16655737293926,-0.790150326749755,0.429439981582218,0.999436863219939,"YDL110C"
"YDL111C",15.4910336753767,4.27009131524449,1.79641191263296,2.37701124403362,0.0174535560845597,0.672250780778384,"YDL111C"
"YDL112W",36.2357396946115,1.05555204041208,1.6123976832737,0.65464745537773,0.512694762860635,0.999436863219939,"YDL112W"
"YDL113C",27.8812856116672,0.412685884663913,1.75345941703063,0.235355252967742,0.813933013593709,0.999436863219939,"YDL113C"
"YDL115C",19.4577911722692,1.23711205977479,1.29348836344178,0.956415298923157,0.338862458409221,0.999436863219939,"YDL115C"
"YDL116W",20.9500404525901,1.42662322385527,1.68677561966795,0.84576941190086,0.39768139242412,0.999436863219939,"YDL116W"
"YDL117W",23.1033161907515,3.37598061300009,2.18045070893342,1.54829485443928,0.1215513227513,0.999436863219939,"YDL117W"
"YDL119C",2.40768892960123,0.392759189865489,3.45148970114851,0.113794107435637,0.909401009836258,0.999436863219939,"YDL119C"
"YDL120W",20.2150984343336,-0.192968675209328,1.38233976387251,-0.139595691488135,0.888979444983366,0.999436863219939,"YDL120W"
"YDL121C",14.4730638734426,0.326702611063395,0.903906567107018,0.361434049659598,0.717774997951868,0.999436863219939,"YDL121C"
"YDL122W",30.5910891697428,0.194156645656415,0.975193775307332,0.199095452178442,0.842188078653867,0.999436863219939,"YDL122W"
"YDL123W",14.4751559815821,1.70142180982148,1.68721363118667,1.00842109047259,0.313252352231666,0.999436863219939,"YDL123W"
"YDL124W",195.011593741151,-0.081752265690803,0.552712117679539,-0.147911115164301,0.882412916065365,0.999436863219939,"YDL124W"
"YDL125C",77.5326808896553,-1.13632514179365,0.566237041531374,-2.00680114236343,0.0447708411937876,0.977742693030629,"YDL125C"
"YDL126C",321.876396426818,-0.01584583455761,0.423100166226398,-0.0374517332359802,0.970124824420061,0.999436863219939,"YDL126C"
"YDL127W",1.21914404386235,3.38610831963408,2.75578468591185,1.22872746080076,0.219174006672477,0.999436863219939,"YDL127W"
"YDL128W",43.4807750545948,-0.411341421742093,1.31013065076351,-0.313969772024167,0.753543997150596,0.999436863219939,"YDL128W"
"YDL129W",0.482885442891667,-2.10896939206114,5.06244629439551,-0.416590965991268,0.676977618325067,0.999436863219939,"YDL129W"
"YDL130W",163.692733157182,-0.0129082379592857,0.230287803214379,-0.0560526340479666,0.955299877128334,0.999436863219939,"YDL130W"
"YDL131W",55.9658288883994,0.803088984963839,0.982199708066535,0.817643273937357,0.413560910164757,0.999436863219939,"YDL131W"
"YDL132W",11.4009453094378,-2.54275856130201,1.98831401824971,-1.27885159887389,0.200949319586846,0.999436863219939,"YDL132W"
"YDL133W",10.2726976396904,0.085133782791021,1.96682944181269,0.0432847815784977,0.965474522393785,0.999436863219939,"YDL133W"
"YDL134C",49.2878260984003,0.422188655941991,1.19285243733203,0.353932005945573,0.723389840276974,0.999436863219939,"YDL134C"
"YDL133C-A",117.719834762354,0.253162652118225,0.196262468766063,1.28991881998583,0.197078845641115,0.999436863219939,"YDL133C-A"
"YDL135C",29.6332634825852,0.0466264107182143,0.895272190262671,0.0520807093366032,0.958464383822426,0.999436863219939,"YDL135C"
"YDL136W",23.4280359967504,0.29258117688971,0.392991086556797,0.744498251736874,0.456575098486407,0.999436863219939,"YDL136W"
"YDL137W",148.7019846957,0.612364036365203,0.601959358206788,1.01728468544689,0.309018019813088,0.999436863219939,"YDL137W"
"YDL138W",7.14139738317537,-2.19789974708729,2.66743391549208,-0.82397533236801,0.409953574286577,0.999436863219939,"YDL138W"
"YDL139C",4.35271244987528,-1.7932500437121,2.74281079293397,-0.653800126618969,0.513240584912436,0.999436863219939,"YDL139C"
"YDL140C",116.786418967802,-0.0236947491860825,0.738210138150226,-0.0320975667517324,0.974394243862819,0.999436863219939,"YDL140C"
"YDL141W",18.6161927304551,-2.16121261662099,1.99283498009294,-1.08449150993937,0.278146929313451,0.999436863219939,"YDL141W"
"YDL142C",19.3488166919396,-0.0711903329576871,1.85492987719686,-0.0383789887870418,0.969385513156994,0.999436863219939,"YDL142C"
"YDL143W",87.6025260442203,0.495907867284472,0.663635637138959,0.74725924819591,0.454907086313089,0.999436863219939,"YDL143W"
"YDL144C",26.4695458747984,2.61106144652164,1.8938618612702,1.37869688382152,0.167988230700461,0.999436863219939,"YDL144C"
"YDL145C",89.3513880857572,0.323890677564348,0.725047516046356,0.446716484638835,0.655079777972605,0.999436863219939,"YDL145C"
"YDL146W",6.36437842504473,-0.576898413924489,1.75958726097266,-0.327860076462245,0.743017461056243,0.999436863219939,"YDL146W"
"YDL147W",60.4514782338615,0.0317385784891041,0.667051182015829,0.0475804246282723,0.96205063324099,0.999436863219939,"YDL147W"
"YDL148C",25.8778825543012,-0.0221689093463215,1.08027995758729,-0.0205214483436626,0.983627402374252,0.999436863219939,"YDL148C"
"YDL149W",16.3412040475183,1.88418716180653,1.79029280443402,1.05244636918607,0.292594804034424,0.999436863219939,"YDL149W"
"YDL150W",5.92137477058363,-0.521943733343892,1.43659756807148,-0.363319376939055,0.716366320190658,0.999436863219939,"YDL150W"
"YDL152W",0,0,0,0,1,NA,"YDL152W"
"YDL153C",16.0125360606007,0.0479941731000527,1.24097789357898,0.0386744786900574,0.969149921236887,0.999436863219939,"YDL153C"
"YDL154W",0.317970678360556,-0.416585138847745,5.0536611681891,-0.0824323445881161,0.934302916302063,0.999436863219939,"YDL154W"
"YDL155W",12.7728093984847,-3.18642224728282,2.10108243615735,-1.51656222166629,0.129377249618,0.999436863219939,"YDL155W"
"YDL156W",1.95410549882811,1.12420386792882,1.2903471321183,0.871241420193083,0.383622348301495,0.999436863219939,"YDL156W"
"YDL157C",15.2619702754102,0.0120268186168297,0.773105091795606,0.0155565119729019,0.987588199898644,0.999436863219939,"YDL157C"
"YDL158C",8.9520491015054,-0.23123670974967,0.838279243472894,-0.275846875071942,0.78266567879946,0.999436863219939,"YDL158C"
"YDL159W",8.59306850969156,0.881717347908195,2.74024036050104,0.321766426265971,0.747629650679959,0.999436863219939,"YDL159W"
"YDL160C",10.7296950265371,2.03955381789599,1.78507375360028,1.14255997198013,0.253221332818717,0.999436863219939,"YDL160C"
"YDL161W",27.1484178516956,-0.910703264010886,1.19923467493026,-0.759403712258278,0.447611093532842,0.999436863219939,"YDL161W"
"YDL164C",18.2588161545883,-1.03462938255585,1.70205292073085,-0.607871453322138,0.543272734100091,0.999436863219939,"YDL164C"
"YDL165W",8.27067476623583,0.574441299149017,1.46070057078929,0.393264239527625,0.694124327539186,0.999436863219939,"YDL165W"
"YDL166C",17.9541734268357,-1.03042062216941,1.56700794913666,-0.657572045334628,0.510813162392889,0.999436863219939,"YDL166C"
"YDL167C",15.4993644420459,-3.37710006821843,1.61624265641076,-2.08947589325359,0.0366649057664284,0.917167301567517,"YDL167C"
"YDL168W",87.4970505023762,0.57149005033374,0.811577331043617,0.70417202215204,0.481325652146759,0.999436863219939,"YDL168W"
"YDL169C",10.9080644967972,-2.06142541684713,2.61764371094586,-0.787511840601963,0.430982299802391,0.999436863219939,"YDL169C"
"YDL170W",0.460038755227102,-1.17364759899518,5.06876595399844,-0.231545036730165,0.816891401616645,0.999436863219939,"YDL170W"
"YDL171C",28.1447270268078,0.196876763075995,1.0277175959869,0.191566986733294,0.848081404288136,0.999436863219939,"YDL171C"
"YDL173W",4.60649746710858,-1.50372931613976,1.54956993295014,-0.970417200388558,0.331838578458725,0.999436863219939,"YDL173W"
"YDL174C",56.7432540513395,-0.0108940570446068,1.15352460498419,-0.00944414795968407,0.992464772166783,0.999436863219939,"YDL174C"
"YDL175C",4.85425717302684,0.00492263134996367,2.49178015228135,0.00197554802154466,0.998423741759786,0.999436863219939,"YDL175C"
"YDL176W",1.22189210245942,-2.40070749093838,4.62325752395016,-0.519267524792171,0.603574196538086,0.999436863219939,"YDL176W"
"YDL177C",0.645401924857013,2.74956922977862,3.8136137088842,0.72098787126059,0.470916977089367,0.999436863219939,"YDL177C"
"YDL178W",10.9616222993511,-1.12466050734761,1.63819604497844,-0.686523759347994,0.492382887024791,0.999436863219939,"YDL178W"
"YDL179W",0.418723470538004,-3.25832888725314,5.05838598314211,-0.644143981521389,0.519482072475137,0.999436863219939,"YDL179W"
"YDL180W",15.5613108945391,2.50302109317456,1.92643397267466,1.29930281996604,0.193840026990263,0.999436863219939,"YDL180W"
"YDL181W",6.96830023691261,-2.33444478605736,1.38748152282412,-1.68250513441488,0.0924709301403862,0.999436863219939,"YDL181W"
"YDL182W",68.4306442166113,0.387659131569074,0.907586609621538,0.427131832333586,0.669283308614447,0.999436863219939,"YDL182W"
"YDL183C",0.614601722040071,-1.57609820796281,5.06574641608701,-0.311128524506809,0.755702917117252,0.999436863219939,"YDL183C"
"YDL184C",268.40768763771,0.119631151592357,0.154703097223703,0.773295129439901,0.439347737602141,0.999436863219939,"YDL184C"
"YDL185W",169.015433668592,0.0727014683895809,0.549243670994753,0.132366510947516,0.894694401955794,0.999436863219939,"YDL185W"
"YDL186W",0.548573445463537,0.461206490351713,5.07085675729319,0.090952379928378,0.927530429465067,0.999436863219939,"YDL186W"
"YDL188C",23.3822561871046,-0.982013898065888,1.31623581390447,-0.746077479196416,0.45562061279084,0.999436863219939,"YDL188C"
"YDL189W",69.7780369734692,-0.27367130282868,1.20594346179806,-0.226935433955283,0.820473948448777,0.999436863219939,"YDL189W"
"YDL190C",27.8575352190008,0.413439494181138,1.193494548318,0.346410877840878,0.729033951276803,0.999436863219939,"YDL190C"
"YDL191W",109.745483256947,0.0481756599328939,0.229909700208653,0.209541658699796,0.834025418178217,0.999436863219939,"YDL191W"
"YDL192W",161.403450036681,-0.597918493639825,0.400957033935457,-1.4912283437733,0.135901554541212,0.999436863219939,"YDL192W"
"YDL193W",21.3916232715956,2.16769831057746,1.53065209018651,1.41619269622095,0.156719093744168,0.999436863219939,"YDL193W"
"YDL194W",4.75373549468997,6.96929195545996,2.33074114242647,2.99016129616368,0.00278830167928353,0.259747728310756,"YDL194W"
"YDL195W",398.113626429688,-0.23004060789773,0.531313158983034,-0.432966140605367,0.665039368387248,0.999436863219939,"YDL195W"
"YDL196W",0.655626108819417,0.187066223604927,4.02210279644742,0.0465095580774704,0.962904116087602,0.999436863219939,"YDL196W"
"YDL197C",10.2478981835256,0.11370508759408,1.99117295581214,0.0571045761053454,0.954461891169006,0.999436863219939,"YDL197C"
"YDL198C",13.913334608769,-2.16634125409592,1.31527957243861,-1.64705762903273,0.0995462011023388,0.999436863219939,"YDL198C"
"YDL199C",4.34804074702034,-0.161667978809614,3.38562000225439,-0.0477513656884007,0.961914396863497,0.999436863219939,"YDL199C"
"YDL200C",1.86750043478871,-2.40076099755596,3.40462651996424,-0.705146653672068,0.480718975642208,0.999436863219939,"YDL200C"
"YDL201W",13.5905467535567,1.02394894974814,1.5629065592307,0.655156857395334,0.512366768063048,0.999436863219939,"YDL201W"
"YDL202W",14.9383529175343,2.12411212309112,1.73834783487024,1.22191432605297,0.221740027289462,0.999436863219939,"YDL202W"
"YDL203C",3.80703086072651,-4.97889871790184,2.56089247151661,-1.94420451982244,0.0518707929672466,0.999436863219939,"YDL203C"
"YDL204W",77.0246956068298,0.313065313826119,1.54882579663829,0.20213074608237,0.839814512028387,0.999436863219939,"YDL204W"
"YDL205C",17.5052210993894,-1.23293324618192,1.33746591899102,-0.921842739074831,0.356610610624744,0.999436863219939,"YDL205C"
"YDL206W",12.2188645940479,5.04484127231483,1.98597799542433,2.5402301958723,0.011077952924263,0.595015813823929,"YDL206W"
"YDL207W",34.9680007276222,-0.122663336413324,1.17290170559324,-0.104581087936335,0.916708222041476,0.999436863219939,"YDL207W"
"YDL208W",40.1094148052719,0.544832810724523,0.617080110333228,0.882920712564061,0.37727911179379,0.999436863219939,"YDL208W"
"YDL209C",6.01483852096415,-1.47153046517149,2.30916254573756,-0.637257203001043,0.523957322738334,0.999436863219939,"YDL209C"
"YDL210W",3.23538498274056,6.06171129340141,2.57973857268652,2.34973859660856,0.018786599376311,0.691114032018892,"YDL210W"
"YDL211C",0.0441937482131263,0.239301644360342,5.07085675729695,0.0471915606797584,0.962360553631784,0.999436863219939,"YDL211C"
"YDL212W",32.239753796427,0.63624255898119,0.902659305101147,0.704853487230042,0.480901418425041,0.999436863219939,"YDL212W"
"YDL213C",5.94314369378693,-0.268659878103689,1.13406207864465,-0.236900504093014,0.812733978908983,0.999436863219939,"YDL213C"
"YDL214C",21.7405530560277,16.3684309182488,1.87940060107807,8.70938899820479,3.05517119600138e-18,1.21432871137068e-15,"YDL214C"
"YDL215C",19.765448422666,1.4840712757049,1.5530032224594,0.955613777384606,0.339267398280846,0.999436863219939,"YDL215C"
"YDL216C",12.6436782139176,0.0336328406768975,2.62634842016138,0.0128059325330608,0.989782623407131,0.999436863219939,"YDL216C"
"YDL217C",11.8620553276246,-2.07502140269609,1.59787851456979,-1.29861024087602,0.194077721688119,0.999436863219939,"YDL217C"
"YDL218W",0.0164037233852772,0.350274078703411,5.07085675729695,0.0690759166484771,0.94492919095937,0.999436863219939,"YDL218W"
"YDL219W",7.73954704968501,0.0102407260770864,1.42590117365884,0.00718193256746463,0.994269696149396,0.999436863219939,"YDL219W"
"YDL220C",7.08329696412733,1.15063032792572,2.66744862600195,0.4313598832643,0.666206714584966,0.999436863219939,"YDL220C"
"YDL221W",1.5314372523435,-0.33933924883125,3.00244882499738,-0.113020826868396,0.910014043553208,0.999436863219939,"YDL221W"
"YDL222C",92.3228912916383,0.462892313804821,1.40222569132935,0.330112560814648,0.741314912594618,0.999436863219939,"YDL222C"
"YDL223C",292.785573908433,-0.173358556022685,1.38981881812899,-0.124734644373332,0.900733629336348,0.999436863219939,"YDL223C"
"YDL224C",17.9099948964129,-1.90626453068854,1.27701499617386,-1.49275030943255,0.135502558830955,0.999436863219939,"YDL224C"
"YDL225W",6.73835720205782,0.754676503811062,1.16276484354416,0.649036224307205,0.51631496237364,0.999436863219939,"YDL225W"
"YDL226C",30.9771487633655,-2.14461227510741,1.06678648024805,-2.01034819508468,0.0443943493226401,0.977742693030629,"YDL226C"
"YDL227C",11.6570175276299,0.118188275346014,2.71217975185056,0.0435768592643507,0.965241697803174,0.999436863219939,"YDL227C"
"YDL228C",1.50510250741528,-0.136947623669087,0.505753826381069,-0.270779214166344,0.786560847530768,0.999436863219939,"YDL228C"
"YDL229W",89.9248160399724,-0.643221927377833,0.607692777172029,-1.05846564504377,0.289843205327799,0.999436863219939,"YDL229W"
"YDL230W",22.3849984058189,-0.90003257934823,1.87113761468044,-0.481008223172265,0.630510654332226,0.999436863219939,"YDL230W"
"YDL231C",16.6228077972259,-0.197831640891267,1.7649497931535,-0.112089103983969,0.910752756741451,0.999436863219939,"YDL231C"
"YDL232W",7.074600397384,0.689904870798622,0.830053447624809,0.831157165569012,0.405884849244824,0.999436863219939,"YDL232W"
"YDL233W",4.38285473655984,-1.56933763175261,2.39764452049419,-0.654533071244915,0.512768427788637,0.999436863219939,"YDL233W"
"YDL234C",4.2205860120792,0.456047380836204,2.39050607948524,0.190774407457022,0.848702340301351,0.999436863219939,"YDL234C"
"YDL235C",12.3987483560661,1.38826888176122,1.19531866287387,1.16142157307529,0.245470500040117,0.999436863219939,"YDL235C"
"YDL236W",63.1194120177783,-0.595354185054307,0.919059253540328,-0.647786508607503,0.51712304258393,0.999436863219939,"YDL236W"
"YDL237W",38.5810970039967,0.128109927873882,1.20735622301666,0.106107812617051,0.91549681257029,0.999436863219939,"YDL237W"
"YDL238C",9.90780195396454,-5.5675893468078,2.54573231146198,-2.18702858966755,0.0287404369738545,0.815954691610097,"YDL238C"
"YDL239C",20.9786553948107,-3.13243585123307,1.91729642370154,-1.63377754869306,0.102305568180179,0.999436863219939,"YDL239C"
"YDL240W",9.39450197615373,0.550990864650056,2.29991662866296,0.239569929528433,0.810663678722143,0.999436863219939,"YDL240W"
"YDL241W",0.337501373663257,-2.21079302263537,5.06194270602068,-0.436747934741705,0.662294161670456,0.999436863219939,"YDL241W"
"YDL242W",0.137696126990028,-0.860452349877099,5.06960792431006,-0.16972759288761,0.865224372920416,0.999436863219939,"YDL242W"
"YDL243C",184.964662300998,0.369853556932555,1.30477934340087,0.283460616389392,0.776823767650045,0.999436863219939,"YDL243C"
"YDL244W",0.604243882734546,-0.439179055294801,5.07072323822843,-0.0866107327617112,0.93098093445201,0.999436863219939,"YDL244W"
"YDL245C",2.51553755757572,2.27098902064341,3.48155257390285,0.652292037083218,0.51421279597276,0.999436863219939,"YDL245C"
"YDL247W",0.13142114022904,1.14574573511101,5.06846996274285,0.226053571103927,0.821159754787885,0.999436863219939,"YDL247W"
"YDL248W",3.10659820175058,2.59517723076427,3.49896236247943,0.741699098736598,0.458269665996707,0.999436863219939,"YDL248W"
"YDR001C",94.3614851102289,-0.0477235906664757,0.962487890014941,-0.0495835751925511,0.960454235628801,0.999436863219939,"YDR001C"
"YDR002W",67.9261838768564,-0.271424211218373,0.528796231511738,-0.513286962054206,0.607750602776326,0.999436863219939,"YDR002W"
"YDR003W",19.6510042823805,1.17411999293389,1.2671914272132,0.926552979857197,0.354158677610097,0.999436863219939,"YDR003W"
"YDR004W",10.8577331743202,-3.31123831012595,2.71844320172261,-1.21806418763051,0.223199581650749,0.999436863219939,"YDR004W"
"YDR005C",5.98778820676529,-0.810982025712282,2.01899733796189,-0.401675629018383,0.687922762598447,0.999436863219939,"YDR005C"
"YDR006C",18.2279578289546,-2.75997631729652,1.57632820954944,-1.75088937733684,0.07996496692999,0.999436863219939,"YDR006C"
"YDR007W",9.61839634446767,-0.335924559668448,1.56543859989438,-0.214588141426379,0.830088440335943,0.999436863219939,"YDR007W"
"YDR008C",0.86228618541445,-1.60512154525602,1.39571491105705,-1.15003539228536,0.250129294460574,0.999436863219939,"YDR008C"
"YDR009W",0.164377592371045,-0.439155309552028,5.07072326606717,-0.0866060493757993,0.930984657264671,0.999436863219939,"YDR009W"
"YDR010C",0.144671301867197,0.461219972938658,5.07085675729602,0.0909550387663876,0.927528316776059,0.999436863219939,"YDR010C"
"YDR011W",124.627511415075,0.526491681631571,0.781451822896335,0.673735304219022,0.500479612487152,0.999436863219939,"YDR011W"
"YDR012W",121.914346328547,-0.359492834136552,0.391830474265261,-0.917470329000451,0.358896234038053,0.999436863219939,"YDR012W"
"YDR013W",11.8889601895923,1.11957261475216,2.03922552025852,0.549018538474461,0.582992727590038,0.999436863219939,"YDR013W"
"YDR014W",6.76416499448181,0.352588129882696,2.03712378658047,0.173081347439644,0.86258748625899,0.999436863219939,"YDR014W"
"YDR016C",27.5140185044419,0.89326569992675,0.974495373386764,0.916644372381464,0.359329024549377,0.999436863219939,"YDR016C"
"YDR017C",33.3769566561229,-0.233767494984364,1.33510859336914,-0.175092495206291,0.861006955137926,0.999436863219939,"YDR017C"
"YDR018C",0.233831267052327,-2.22106761493814,5.06189383370814,-0.438781943656664,0.660819544932141,0.999436863219939,"YDR018C"
"YDR019C",23.7858429798931,-0.79826527652508,1.67430294775169,-0.476774694565889,0.633522567221731,0.999436863219939,"YDR019C"
"YDR020C",2.0932423697788,-5.15652540361307,2.49072686214854,-2.07028939301878,0.0384252522833774,0.920362040171242,"YDR020C"
"YDR021W",1.62993384490623,1.37485610005596,2.73251377753827,0.503146996497331,0.614860926845651,0.999436863219939,"YDR021W"
"YDR022C",7.45462808269306,1.11036869200777,2.29712294309091,0.483373645867514,0.628830457152814,0.999436863219939,"YDR022C"
"YDR023W",100.022825343106,-0.0296995077346669,0.535680900092745,-0.0554425362739737,0.955785908885061,0.999436863219939,"YDR023W"
"YDR024W",3.39858074077775,-0.620383853844067,0.580243502493438,-1.06917845900581,0.284989263176449,0.999436863219939,"YDR024W"
"YDR025W",247.751940876665,-0.180999523305521,0.36028021605719,-0.502385407909241,0.615396441471217,0.999436863219939,"YDR025W"
"YDR026C",23.0201506467775,1.42495471607598,1.46789748370468,0.970745390529366,0.331675082583905,0.999436863219939,"YDR026C"
"YDR027C",22.7791611086248,-3.93052308028025,1.59543854883601,-2.46360042080458,0.0137549358285324,0.630822518536233,"YDR027C"
"YDR028C",69.14296105203,2.28893778847506,0.91983496911779,2.48842223368652,0.0128311295422677,0.602504869681994,"YDR028C"
"YDR029W",7.08567283271252,0.175905759119053,1.23581458635643,0.142339927899442,0.886811509683282,0.999436863219939,"YDR029W"
"YDR030C",2.47741474494021,-4.79056193551266,3.36994117317541,-1.42155654634132,0.155155027041818,0.999436863219939,"YDR030C"
"YDR031W",7.2463918501506,0.91923985871434,1.77845626867926,0.516875154538941,0.605243312510851,0.999436863219939,"YDR031W"
"YDR032C",118.929229276685,-0.262388940149769,0.642475856236494,-0.408402802382015,0.682977976351791,0.999436863219939,"YDR032C"
"YDR033W",104.246505585243,-1.61105926797469,0.876532132978066,-1.83799225078152,0.0660635472009692,0.999436863219939,"YDR033W"
"YDR034C",11.7028174535279,1.32056131290779,1.78376795033708,0.740321246750871,0.459105091856901,0.999436863219939,"YDR034C"
"YDR035W",41.3806790433857,-0.574282869364628,0.899058766126524,-0.638760102233195,0.522979007043625,0.999436863219939,"YDR035W"
"YDR036C",16.1792636306457,1.30417788595723,1.46264039740987,0.891659965270167,0.372575218242479,0.999436863219939,"YDR036C"
"YDR037W",213.44736122376,-0.259903127091644,0.513198039321224,-0.506438269786459,0.612549014545445,0.999436863219939,"YDR037W"
"YDR038C",3.80666413419528,-0.274188172747347,1.78840966619882,-0.153313962639288,0.878150690252978,0.999436863219939,"YDR038C"
"YDR039C",0.615573102561153,0.984506828472094,1.46580423206643,0.671649601587095,0.501806792993833,0.999436863219939,"YDR039C"
"YDR040C",4.82968033078216,0.448841157057154,1.34062914468382,0.334798895605847,0.737776793664185,0.999436863219939,"YDR040C"
"YDR041W",16.5392453713068,-1.464411023776,1.62582166743647,-0.900720572930378,0.367736907385698,0.999436863219939,"YDR041W"
"YDR042C",1.40892764285732,-3.30488161859307,3.26543251583188,-1.01208082009655,0.31149941213409,0.999436863219939,"YDR042C"
"YDR043C",28.3581943664123,2.1138270024221,1.72152802660106,1.22787835559993,0.219492635774127,0.999436863219939,"YDR043C"
"YDR044W",13.1488812628134,0.877487213909456,1.78650857992365,0.491174363095953,0.623303129695112,0.999436863219939,"YDR044W"
"YDR045C",6.98810068290723,-0.106796482304453,1.61205418494123,-0.066248692694127,0.947179830728105,0.999436863219939,"YDR045C"
"YDR046C",63.2978485852345,0.498703725550447,1.17535857566272,0.424299218873913,0.67134760882676,0.999436863219939,"YDR046C"
"YDR047W",34.1182986857621,0.647135615232793,1.15081317145327,0.562328995952987,0.573891886108105,0.999436863219939,"YDR047W"
"YDR049W",18.4015976670358,-2.72421476538861,1.68240009628434,-1.61924311072329,0.105394965626858,0.999436863219939,"YDR049W"
"YDR050C",1340.20771551118,-0.0244143571252248,0.166013106277477,-0.147062829391424,0.883082428668645,0.999436863219939,"YDR050C"
"YDR051C",27.2460767008217,1.39358817550379,1.48661085782314,0.937426340033891,0.348539297179338,0.999436863219939,"YDR051C"
"YDR052C",12.2061734476643,0.338202989134699,1.68446563910227,0.200777612367886,0.84087246920143,0.999436863219939,"YDR052C"
"YDR054C",35.9136187810631,0.3993643917091,1.23856393802564,0.322441481984139,0.747118262788873,0.999436863219939,"YDR054C"
"YDR055W",26.7164685887518,-1.44431671669197,1.93161059701671,-0.747726647867153,0.454625054321912,0.999436863219939,"YDR055W"
"YDR056C",24.0649450875165,-0.204504364111383,1.14834870231099,-0.17808559690957,0.858655753227162,0.999436863219939,"YDR056C"
"YDR057W",0.887388030946444,-1.73028894020042,2.97742306015155,-0.581136407303956,0.561148522960741,0.999436863219939,"YDR057W"
"YDR058C",1.40883861611175,0.458008864957533,3.82881277496214,0.11962164040838,0.9047828762503,0.999436863219939,"YDR058C"
"YDR059C",22.782854403794,0.564825923707137,1.43867614997284,0.392601158862473,0.694614083500298,0.999436863219939,"YDR059C"
"YDR060W",51.9547224127424,0.103037595839678,0.781968324496086,0.131766968829687,0.895168613751211,0.999436863219939,"YDR060W"
"YDR061W",17.5374509766401,-0.99636006733457,1.71201190314076,-0.581981974253045,0.560578822662785,0.999436863219939,"YDR061W"
"YDR062W",41.9696017074783,-0.275275114429004,1.04915175399864,-0.262378739186058,0.79302946233293,0.999436863219939,"YDR062W"
"YDR063W",22.4544917104864,-1.14108798147435,1.07126189739171,-1.06518115154907,0.286793961366475,0.999436863219939,"YDR063W"
"YDR064W",327.944376376458,-0.0841132400328837,0.310185277503047,-0.271170961787693,0.786259545645979,0.999436863219939,"YDR064W"
"YDR065W",3.13169258061595,-1.24513187608914,2.9181421348182,-0.426686507566814,0.669607679234096,0.999436863219939,"YDR065W"
"YDR066C",10.8091921376976,-0.063787920017922,2.49435378193777,-0.0255729241296187,0.97959798241966,0.999436863219939,"YDR066C"
"YDR067C",5.84055837102359,0.22774320009808,1.65004886018472,0.138022094735173,0.890222955593138,0.999436863219939,"YDR067C"
"YDR068W",13.6245345749671,0.0739706367002694,1.19249944884873,0.0620299126944523,0.950539010976077,0.999436863219939,"YDR068W"
"YDR069C",4.451457907999,2.13870972827923,2.78356470911942,0.768334833845417,0.442288284835863,0.999436863219939,"YDR069C"
"YDR070C",32.6251234712066,3.69279451187273,1.8812294364153,1.96296870567228,0.0496498104258116,0.999436863219939,"YDR070C"
"YDR071C",24.6313157541706,-0.164511499648796,0.970301660675425,-0.16954675676251,0.865366598088927,0.999436863219939,"YDR071C"
"YDR072C",28.6029487306361,1.46771077532121,1.56856977396964,0.935700024109751,0.349427658211671,0.999436863219939,"YDR072C"
"YDR073W",14.2432842762241,-0.98117517294187,1.42561238380649,-0.688248211145628,0.491296488589947,0.999436863219939,"YDR073W"
"YDR074W",332.442527606611,-0.876036370302607,0.959073041977005,-0.91341986685057,0.36102176079796,0.999436863219939,"YDR074W"
"YDR075W",3.86475441446747,-1.43195834536198,3.29315778110765,-0.434828344264861,0.663687029407059,0.999436863219939,"YDR075W"
"YDR076W",7.10744499311954,-5.48672585838175,2.88031324856407,-1.90490595462735,0.0567922970822915,0.999436863219939,"YDR076W"
"YDR077W",2357.07258873689,-0.875619220485808,0.580842330829827,-1.50749897865544,0.131682805442317,0.999436863219939,"YDR077W"
"YDR078C",6.01996391068412,2.98566648024396,2.23128200858574,1.33809463293095,0.180865590117673,0.999436863219939,"YDR078C"
"YDR079W",4.84890689672499,1.44249382018321,1.5292780335964,0.943251513781899,0.345552269929679,0.999436863219939,"YDR079W"
"YDR080W",21.9445912726488,1.53281736819335,1.9655340663169,0.779847774943734,0.435480481690192,0.999436863219939,"YDR080W"
"YDR081C",32.9990627444997,-0.194624218369007,1.67149778694119,-0.116437018277581,0.907306198562563,0.999436863219939,"YDR081C"
"YDR082W",6.97561913114231,-5.28735089953581,2.92588303315965,-1.80709578599457,0.0707473455952726,0.999436863219939,"YDR082W"
"YDR083W",7.02158710774775,-0.870459133601182,1.09946471328909,-0.791711751255003,0.428528768760698,0.999436863219939,"YDR083W"
"YDR084C",7.98011679949376,0.599350299166125,1.62936087654382,0.36784380169816,0.712989706288688,0.999436863219939,"YDR084C"
"YDR085C",24.3385152132076,-3.16743655507402,2.07872300987865,-1.52374151824053,0.127573293643827,0.999436863219939,"YDR085C"
"YDR086C",45.2402397392755,0.269260377424913,0.406078670992118,0.663074415524127,0.507282895431529,0.999436863219939,"YDR086C"
"YDR087C",28.4805186690901,-0.696612202937188,1.54414313931165,-0.451131883568594,0.651894499476859,0.999436863219939,"YDR087C"
"YDR088C",7.74926103532416,-1.77048612423029,1.66653215979071,-1.0623774127783,0.288064383598857,0.999436863219939,"YDR088C"
"YDR089W",28.1208424638448,0.417810812799591,2.17785344687361,0.191845237979339,0.84786343427568,0.999436863219939,"YDR089W"
"YDR090C",9.09539744726935,-5.64496385243316,2.3689752181711,-2.38287163543703,0.0171781831330522,0.672250780778384,"YDR090C"
"YDR091C",66.7577297902523,0.303481236107703,0.776270531642499,0.390947773665415,0.695835840217893,0.999436863219939,"YDR091C"
"YDR092W",54.8807506522347,1.30454459451957,0.930827072860376,1.40148974235438,0.161067672827697,0.999436863219939,"YDR092W"
"YDR093W",39.5969523424905,0.654902764506096,1.47639049353117,0.443583704565673,0.657343589317672,0.999436863219939,"YDR093W"
"YDR096W",95.5461923007936,2.9169233663447,1.31269588777721,2.22208616139106,0.0262774833136305,0.777648017126951,"YDR096W"
"YDR097C",14.1046637107508,1.05311130911953,2.04599667891867,0.514717995376274,0.606750096551564,0.999436863219939,"YDR097C"
"YDR098C",20.6059657683553,0.952541007815934,0.955645873645787,0.996751028895246,0.318885373840513,0.999436863219939,"YDR098C"
"YDR099W",26.7974745335142,0.654512834911341,0.832770706341121,0.785946035238226,0.431899103131859,0.999436863219939,"YDR099W"
"YDR100W",8.65880113698019,0.278524366112982,1.44774395424496,0.192385100484319,0.847440562499597,0.999436863219939,"YDR100W"
"YDR101C",17.2936958146398,-1.36593269208798,1.31774515583186,-1.03656817560122,0.299937151262716,0.999436863219939,"YDR101C"
"YDR102C",0.585927084794262,0.461185540136852,5.00725038286706,0.0921035508259895,0.926615767295431,0.999436863219939,"YDR102C"
"YDR103W",26.7742254012712,0.0521869856895769,1.31924503132187,0.0395582203840373,0.968445336651172,0.999436863219939,"YDR103W"
"YDR104C",6.87294352356461,-1.79776806571136,2.03258230372635,-0.884474917653025,0.376439896561241,0.999436863219939,"YDR104C"
"YDR105C",13.479708070217,-5.94307194370875,1.95123796672329,-3.04579556418173,0.00232065565404267,0.223157242087136,"YDR105C"
"YDR106W",0.023435993581009,0.128336814771463,5.07085675729695,0.025308704409129,0.979808731041704,0.999436863219939,"YDR106W"
"YDR107C",6.93291285179737,4.68041392996111,2.33709112514928,2.00266642562436,0.0452131048127865,0.983365358933873,"YDR107C"
"YDR108W",2.15303754683632,3.9659455474658,3.60775375107602,1.09928388163492,0.271644260680217,0.999436863219939,"YDR108W"
"YDR109C",9.21795276689082,-0.532860667147251,2.11314512015636,-0.252164729277005,0.800913739260327,0.999436863219939,"YDR109C"
"YDR110W",2.30280902014727,-0.579252961196546,3.31581822998485,-0.174693822465411,0.861320222091695,0.999436863219939,"YDR110W"
"YDR111C",8.94148611614916,-4.33063700945603,1.6897198259352,-2.56293199794776,0.0103792375188375,0.583783151767067,"YDR111C"
"YDR112W",0.446376613612886,-1.73250657968817,3.93876303247638,-0.439860576887489,0.6600380903632,0.999436863219939,"YDR112W"
"YDR113C",2.99555504594313,-0.913183635851927,2.96585293644461,-0.307899162709877,0.758159062924711,0.999436863219939,"YDR113C"
"YDR115W",13.8959630166031,-0.240960872018225,1.22459713144885,-0.196767464033774,0.844009513261784,0.999436863219939,"YDR115W"
"YDR116C",21.7354216439377,2.25021182862139,1.45408073734153,1.54751505252412,0.121739097620826,0.999436863219939,"YDR116C"
"YDR117C",21.2707388362678,-0.0525186131951608,1.52543418442484,-0.0344286326682541,0.972535351433671,0.999436863219939,"YDR117C"
"YDR118W",13.8451069139229,1.61270801788651,2.53116277278067,0.63714117291431,0.5240328917855,0.999436863219939,"YDR118W"
"YDR119W",22.7004570724247,-0.78366594979187,2.11153618837059,-0.371135457733548,0.710536642531005,0.999436863219939,"YDR119W"
"YDR120C",9.21330075465293,0.100218728260077,1.3016481431713,0.0769937166090883,0.938628543550631,0.999436863219939,"YDR120C"
"YDR121W",12.3046351373792,-0.313516279057379,1.45783209234818,-0.215056508018278,0.829723262072137,0.999436863219939,"YDR121W"
"YDR122W",26.5336029006984,1.71363945568246,1.54025028612081,1.11257207424278,0.265892259592955,0.999436863219939,"YDR122W"
"YDR123C",6.57264764411121,1.20187748126982,2.61412926667782,0.459762069378166,0.645687011825537,0.999436863219939,"YDR123C"
"YDR124W",12.1662864965625,2.82495777560438,2.43860836011472,1.15843028417711,0.246688486509487,0.999436863219939,"YDR124W"
"YDR125C",1.03543011353182,1.81234157823135,4.74766004367244,0.381733645956135,0.702658940753936,0.999436863219939,"YDR125C"
"YDR126W",1.83225482192966,0.128237555096637,4.82296910638007,0.0265889231857193,0.978787608154919,0.999436863219939,"YDR126W"
"YDR127W",77.7604992090153,0.536801238274382,0.881516662531073,0.608951890634808,0.542556327851241,0.999436863219939,"YDR127W"
"YDR128W",74.4711572415189,-0.825758249809945,1.13035892740023,-0.730527472109364,0.465067826814112,0.999436863219939,"YDR128W"
"YDR129C",102.653790160963,-0.294642903237104,0.868811964185623,-0.339133109790087,0.734509456822971,0.999436863219939,"YDR129C"
"YDR130C",10.1397731900172,-4.93932859480792,2.45806382163051,-2.00943870998903,0.0444906284469139,0.977742693030629,"YDR130C"
"YDR131C",1.09080964495805,0.894731249653977,4.72049354966575,0.189541885872788,0.849668129842627,0.999436863219939,"YDR131C"
"YDR132C",4.37497264479673,-5.42820128477803,3.15587233233831,-1.72003196363652,0.0854266315856465,0.999436863219939,"YDR132C"
"YDR133C",9.25686009741492,-0.194429594830476,1.16653109078353,-0.166673307181107,0.867627109496852,0.999436863219939,"YDR133C"
"YDR135C",95.308143599526,0.162953829539769,0.894557463801909,0.182161388321784,0.855456073624039,0.999436863219939,"YDR135C"
"YDR136C",0.129567349110732,0.0173528307958141,5.0708567572968,0.00342207079126105,0.997269587878792,0.999436863219939,"YDR136C"
"YDR137W",12.0006092615277,-0.434823740786412,2.23184657721252,-0.194826895910331,0.845528465842907,0.999436863219939,"YDR137W"
"YDR138W",4.3307055517443,-5.446403198554,2.71109926029294,-2.00892799401432,0.0445447706200494,0.977742693030629,"YDR138W"
"YDR139C",12.5504473516329,1.03358710444696,0.865088558428651,1.19477606584507,0.232174533896677,0.999436863219939,"YDR139C"
"YDR140W",11.7513630446073,0.733166303589527,1.46124126858577,0.501742127978022,0.615848926466157,0.999436863219939,"YDR140W"
"YDR141C",47.7570405393433,0.9615169476109,0.935450491370483,1.02786513715144,0.304013270844331,0.999436863219939,"YDR141C"
"YDR142C",8.44445886328008,-0.709098454151525,2.28037571722072,-0.310956851889198,0.755833423762433,0.999436863219939,"YDR142C"
"YDR143C",8.54036071437179,2.04650085578156,1.97026667761841,1.03869231461362,0.298947856599698,0.999436863219939,"YDR143C"
"YDR144C",17.0147974343777,-1.41676633443852,1.84439560163804,-0.76814666722273,0.442400054432838,0.999436863219939,"YDR144C"
"YDR145W",12.4558335542473,-0.0785884033453783,1.49340184589646,-0.0526237486322398,0.95803169451219,0.999436863219939,"YDR145W"
"YDR146C",14.7504613207566,-1.40987309814067,1.67995316168966,-0.839233575251974,0.401338249705411,0.999436863219939,"YDR146C"
"YDR147W",14.6283954737443,1.1961233583408,2.23292799174075,0.535674846105683,0.592183290939674,0.999436863219939,"YDR147W"
"YDR148C",53.2461043320936,1.46299227568764,1.13868054478252,1.28481362256616,0.198857420833442,0.999436863219939,"YDR148C"
"YDR149C",0.339316456774009,1.3249577708568,4.85373189676319,0.27297712338425,0.784870800859624,0.999436863219939,"YDR149C"
"YDR150W",68.982272046753,1.49269505066336,1.03520998455559,1.44192489729914,0.149323561661363,0.999436863219939,"YDR150W"
"YDR151C",8.66231024027547,-3.05457020791573,1.67440008636527,-1.82427738315906,0.0681101478611896,0.999436863219939,"YDR151C"
"YDR152W",24.5777190600684,-0.928624948451018,1.20304466450317,-0.771895654293532,0.440176231394784,0.999436863219939,"YDR152W"
"YDR153C",8.76039228084812,0.290490129182916,1.52626828304594,0.190327043030201,0.849052863672905,0.999436863219939,"YDR153C"
"YDR154C",65.1548486724551,-0.0470497633115257,0.227008130923663,-0.207260255921615,0.835806611362115,0.999436863219939,"YDR154C"
"YDR155C",227.247378655332,0.135524464916972,0.216263240148529,0.626664359712236,0.530879270761816,0.999436863219939,"YDR155C"
"YDR156W",20.652560098226,-0.407850116542594,1.03849093157412,-0.392733440555312,0.694516369140373,0.999436863219939,"YDR156W"
"YDR157W",2.89657424167634,-0.593989494720947,0.919729522791201,-0.645830627376518,0.518389050709805,0.999436863219939,"YDR157W"
"YDR158W",172.722702038428,-0.666231482378714,0.686729492862256,-0.970151259416415,0.331971101599654,0.999436863219939,"YDR158W"
"YDR159W",32.767431908186,0.300009062436252,1.00610609843677,0.298188295352138,0.765559454635436,0.999436863219939,"YDR159W"
"YDR160W",0.0937404328815628,0.657098161476149,5.07064386011849,0.129588703052948,0.896891841533142,0.999436863219939,"YDR160W"
"YDR161W",13.3683017493705,-2.06290860001646,1.60924198025013,-1.28191323948423,0.199873083072063,0.999436863219939,"YDR161W"
"YDR162C",9.31428582737011,0.1710236084134,1.88516917928758,0.090720562532234,0.927714631466452,0.999436863219939,"YDR162C"
"YDR163W",2.79223991862397,-1.38321171038918,1.43453394251571,-0.964223758946738,0.334933755137068,0.999436863219939,"YDR163W"
"YDR164C",10.2015687783163,-1.86110060224816,1.64936402098687,-1.12837468173618,0.259161715625823,0.999436863219939,"YDR164C"
"YDR165W",13.898272264017,0.516438547099101,1.02218601978396,0.505229515082052,0.613397642248137,0.999436863219939,"YDR165W"
"YDR166C",34.1809869323814,-0.375440825108488,1.50373215859356,-0.249672671401559,0.802840494052677,0.999436863219939,"YDR166C"
"YDR167W",14.0536386395777,0.650855739587723,1.22841972000059,0.529831725257075,0.596228606835414,0.999436863219939,"YDR167W"
"YDR168W",21.7090522948368,-0.983887381765496,1.07365097622365,-0.916394064322582,0.359460247436121,0.999436863219939,"YDR168W"
"YDR169C",13.7232059647416,0.186754512718113,2.00596480209195,0.0930995960264873,0.925824438367636,0.999436863219939,"YDR169C"
"YDR170C",124.148004250818,0.525134497072905,0.599184882361964,0.876414797053698,0.380804577033929,0.999436863219939,"YDR170C"
"YDR171W",117.029418968492,0.530419794108031,1.25667320743038,0.422082519919895,0.672964786341599,0.999436863219939,"YDR171W"
"YDR172W",51.0898929663757,0.80031600599549,0.92466744917776,0.86551765903207,0.386754727785265,0.999436863219939,"YDR172W"
"YDR173C",0.686859939093044,-2.94461039910254,3.53598880545494,-0.832754446100033,0.404983231019234,0.999436863219939,"YDR173C"
"YDR174W",40.9271730314417,0.156612098972739,0.610785364872424,0.256411020924595,0.79763347878824,0.999436863219939,"YDR174W"
"YDR175C",28.9246564791473,1.25783010348287,1.5463268544777,0.81343093786451,0.415971027407281,0.999436863219939,"YDR175C"
"YDR176W",17.1325457413325,2.33312606722919,1.13073472269757,2.06337173555889,0.0390773232198029,0.928203191380339,"YDR176W"
"YDR177W",60.1267595899368,0.726433633974327,0.858538226161089,0.846128467945497,0.397481081189344,0.999436863219939,"YDR177W"
"YDR178W",15.905964931648,0.390645403058459,1.40441314178182,0.278155616347222,0.780892903878708,0.999436863219939,"YDR178W"
"YDR179C",1.38566766393377,1.18567818190252,2.52179087227235,0.470173080146858,0.638231365371703,0.999436863219939,"YDR179C"
"YDR179W-A",5.19212006062377,2.17828973708937,2.58008902683016,0.844269214913705,0.398518984755263,0.999436863219939,"YDR179W-A"
"YDR180W",13.2369320164014,-1.48518527800572,1.66553216968065,-0.891718157740833,0.372544018497143,0.999436863219939,"YDR180W"
"YDR181C",8.89661494737247,-1.74053620049193,1.95535884255925,-0.890136461200056,0.373392617027069,0.999436863219939,"YDR181C"
"YDR182W",18.3282245466935,-0.283819990863152,1.39917383743613,-0.202848268935066,0.839253628974313,0.999436863219939,"YDR182W"
"YDR183W",3.37838787642921,2.05673174536438,2.64400517194308,0.777884917620221,0.436636860516861,0.999436863219939,"YDR183W"
"YDR184C",15.4437413033779,-9.14230279165599,2.04048102856921,-4.48046449031021,7.44807711918665e-06,0.00134561926619972,"YDR184C"
"YDR185C",1.29239766839911,0.0909217945538557,3.53018784004348,0.0257555117952975,0.979452346510021,0.999436863219939,"YDR185C"
"YDR186C",19.3873058957456,-1.12429343450215,1.69781233030416,-0.66220124240748,0.507842258087017,0.999436863219939,"YDR186C"
"YDR187C",0.259234770905391,0.35682050541524,3.55353508715852,0.100412827413662,0.920016586433238,0.999436863219939,"YDR187C"
"YDR188W",112.267356972272,-0.427730783729617,0.58068849090832,-0.736592493955847,0.461370200934597,0.999436863219939,"YDR188W"
"YDR189W",16.0538146047731,0.242192510601359,1.20561450610224,0.200887190205076,0.840786784271887,0.999436863219939,"YDR189W"
"YDR190C",28.6962706908607,-0.98331189098163,1.10219830570208,-0.892137001022946,0.372319504497597,0.999436863219939,"YDR190C"
"YDR191W",0.815301695715607,-2.28900547044177,4.76348835920113,-0.480531345483471,0.630849620020489,0.999436863219939,"YDR191W"
"YDR192C",3.9246691721438,-3.45776332222565,1.9348885488673,-1.78706071946617,0.0739276753129454,0.999436863219939,"YDR192C"
"YDR194C",40.3829633173064,-0.382906671987828,0.915351654283038,-0.41831646908176,0.675715750030255,0.999436863219939,"YDR194C"
"YDR195W",10.1228453924828,1.99708430109945,1.27874785701795,1.56174987128163,0.118346925185721,0.999436863219939,"YDR195W"
"YDR196C",19.8240387261162,-6.542976642285,1.57546849203593,-4.15303554171984,3.2809375654268e-05,0.00558884279002132,"YDR196C"
"YDR197W",1.76864636731519,1.59963759439664,2.7215037963602,0.587777094610719,0.556681920432315,0.999436863219939,"YDR197W"
"YDR198C",0.914262413421205,-2.41004813961416,3.73214828269173,-0.64575358669189,0.518438950588838,0.999436863219939,"YDR198C"
"YDR199W",0.242806494932774,-0.43915896772673,5.07072326177893,-0.0866067708795969,0.930984083742868,0.999436863219939,"YDR199W"
"YDR200C",15.2562080300538,-0.233844378989011,1.7835367633621,-0.131112732741318,0.895686128844427,0.999436863219939,"YDR200C"
"YDR201W",10.0441671264367,-1.26637960116257,1.77788309725303,-0.712296327649001,0.476281297629034,0.999436863219939,"YDR201W"
"YDR202C",7.48692342659092,1.99654617740048,1.59854861611754,1.24897432412758,0.211674465076697,0.999436863219939,"YDR202C"
"YDR204W",30.3008348149945,-0.843020142095538,2.01171744724657,-0.419054943948206,0.675175978025849,0.999436863219939,"YDR204W"
"YDR205W",23.9747624465374,-2.57012373101558,1.67264497485232,-1.53656261170574,0.124400454217439,0.999436863219939,"YDR205W"
"YDR206W",6.29744263364053,1.59653652676169,1.95481900853182,0.816718335453867,0.414089410602032,0.999436863219939,"YDR206W"
"YDR207C",16.2531204264946,0.265215827083571,2.06594815547007,0.128374870580053,0.897852316964097,0.999436863219939,"YDR207C"
"YDR208W",36.1347971071389,0.309830980437596,1.22969694389979,0.251957185040256,0.801074157722351,0.999436863219939,"YDR208W"
"YDR209C",6.61448607111037,1.1108915807609,0.933293939874916,1.19029121833769,0.233931951132719,0.999436863219939,"YDR209C"
"YDR211W",47.3886265953567,0.476008081462737,1.31371645379599,0.362337002088471,0.717100210387597,0.999436863219939,"YDR211W"
"YDR212W",70.9504178316317,-0.0900074315350862,0.823141047359979,-0.109346304407687,0.912927821144447,0.999436863219939,"YDR212W"
"YDR213W",10.0750686870827,3.49311392288535,2.5891791994794,1.34912018588273,0.177298365536197,0.999436863219939,"YDR213W"
"YDR214W",55.9431361648714,1.16388507771107,0.91734602735831,1.26875251322853,0.20452934659165,0.999436863219939,"YDR214W"
"YDR215C",0.150910887228629,-0.439153905435271,5.07072326771342,-0.0866057724410787,0.930984877399489,0.999436863219939,"YDR215C"
"YDR216W",67.407531865825,1.81737589411384,1.47443592570849,1.23259062155621,0.217728537686825,0.999436863219939,"YDR216W"
"YDR217C",14.7905813224932,1.12450738188569,1.46147409381358,0.769433674292093,0.441635904393628,0.999436863219939,"YDR217C"
"YDR218C",0.102878656400015,2.26000146585115,5.06510730719249,0.446190244112287,0.655459829452845,0.999436863219939,"YDR218C"
"YDR219C",2.8660020136701,6.04860592142057,2.09783376275482,2.88326273931148,0.0039357901273861,0.337950340314031,"YDR219C"
"YDR221W",8.94958845011415,-0.128269912099353,1.987359728397,-0.0645428757896869,0.948537968316809,0.999436863219939,"YDR221W"
"YDR222W",4.57435836827797,-5.15988609212616,2.61497475568958,-1.9732068467963,0.0484720007325977,0.999436863219939,"YDR222W"
"YDR223W",19.9612478213275,23.7204451654763,2.55045105088511,9.30049026318084,1.39799562468421e-20,7.57713628578841e-18,"YDR223W"
"YDR224C",125.689076957167,0.018318908858363,0.715304955892193,0.0256099286150114,0.979568466778878,0.999436863219939,"YDR224C"
"YDR225W",122.003134224517,0.222597740545733,0.909956356283952,0.244624633927247,0.806747088350979,0.999436863219939,"YDR225W"
"YDR226W",73.6056555280831,-0.583245375681742,0.542322900871106,-1.0754577664799,0.282169830952413,0.999436863219939,"YDR226W"
"YDR227W",17.0210128667498,0.774965707143615,1.27599924329374,0.607340256051559,0.543625128027757,0.999436863219939,"YDR227W"
"YDR228C",9.50767534441706,1.46743221423778,2.01809817339539,0.727136188706254,0.467142531739486,0.999436863219939,"YDR228C"
"YDR229W",2.13169848319394,2.29817493092966,1.90611198852604,1.20568725487467,0.227938101103873,0.999436863219939,"YDR229W"
"YDR230W",0.709319648513459,0.688963872817817,1.58866559170256,0.433674573438366,0.664524773163969,0.999436863219939,"YDR230W"
"YDR231C",7.1053607831496,0.0867555101854752,1.66217738762841,0.052193893883527,0.9583741982789,0.999436863219939,"YDR231C"
"YDR232W",36.4878148756004,0.220421992116383,1.40750000486018,0.156605322454886,0.875555907595922,0.999436863219939,"YDR232W"
"YDR233C",58.4430740008726,0.209308133785352,0.714948892639483,0.292759574761517,0.769705929698705,0.999436863219939,"YDR233C"
"YDR234W",17.775657926535,-22.7531315731362,2.30109446580955,-9.88796066880783,4.69494350863468e-23,3.99875045692571e-20,"YDR234W"
"YDR235W",11.4970069910334,1.39130661987776,1.71031289811385,0.813480750459233,0.415942478424666,0.999436863219939,"YDR235W"
"YDR236C",25.2285494015833,-0.0480939192665155,1.50649460835975,-0.0319243885770553,0.974532349277865,0.999436863219939,"YDR236C"
"YDR237W",12.3402440347429,-2.4904874767769,2.0632963332197,-1.20704303917925,0.227415569411804,0.999436863219939,"YDR237W"
"YDR238C",80.2162684543279,-0.255728977268487,0.692866520972337,-0.369088373485861,0.712061854725214,0.999436863219939,"YDR238C"
"YDR239C",1.95187798010638,0.296060447832522,2.26029753140299,0.130982954110804,0.895788791870649,0.999436863219939,"YDR239C"
"YDR240C",0.453773716056486,2.1827538139888,4.24720271634685,0.513927391689524,0.607302755745518,0.999436863219939,"YDR240C"
"YDR241W",2.81648345596223,0.369941794856649,1.86957627654316,0.197874673260547,0.843143120176694,0.999436863219939,"YDR241W"
"YDR242W",7.43132326701725,-1.9614293709311,2.29143273824958,-0.855983829762956,0.392006723776174,0.999436863219939,"YDR242W"
"YDR243C",4.82889388740136,2.24609354536203,2.22795054897111,1.00814335686189,0.313385645875851,0.999436863219939,"YDR243C"
"YDR244W",11.0350428589767,0.146952677996447,1.8449262618115,0.0796523313902837,0.936513772968497,0.999436863219939,"YDR244W"
"YDR245W",36.751392358106,1.0323689898787,1.39844131796236,0.738228323647458,0.460375714008257,0.999436863219939,"YDR245W"
"YDR246W",10.5479894061639,2.00736683827786,1.94818464262375,1.03037812451617,0.302832538085314,0.999436863219939,"YDR246W"
"YDR247W",25.1662055623024,0.758220709118721,2.03137036426527,0.373255769827559,0.70895809207895,0.999436863219939,"YDR247W"
"YDR248C",12.4724591346745,0.282611047591816,1.20265744242313,0.234988815287591,0.814217414295517,0.999436863219939,"YDR248C"
"YDR249C",1.9754855095363,-3.96022027238753,4.04669703872644,-0.978630284028842,0.327762690232777,0.999436863219939,"YDR249C"
"YDR250C",0.276403561128911,-0.833031179606004,3.46620370892495,-0.240329550586157,0.810074788146502,0.999436863219939,"YDR250C"
"YDR251W",31.7967064259573,0.713793701818571,1.3325014578107,0.535679490355931,0.592180080642272,0.999436863219939,"YDR251W"
"YDR252W",0.171238348023194,1.36511059546086,5.0684910945993,0.269332740253889,0.787673639629718,0.999436863219939,"YDR252W"
"YDR253C",2.30247898711258,-4.34582804331916,2.51647085334422,-1.72695345846897,0.0841760224006547,0.999436863219939,"YDR253C"
"YDR254W",21.3625230805989,0.332494647674306,1.81699731096849,0.18299127118525,0.854804867561787,0.999436863219939,"YDR254W"
"YDR255C",12.1112987810693,0.916670225711007,1.91714014008683,0.478144610580993,0.632547282509253,0.999436863219939,"YDR255C"
"YDR256C",0.504329339775467,2.6220205227403,5.06201914948013,0.517979178923016,0.604472796459175,0.999436863219939,"YDR256C"
"YDR257C",7.00070132554223,-4.10105916855495,2.15545251579421,-1.90264417262927,0.0570869911432172,0.999436863219939,"YDR257C"
"YDR258C",42.1055490973579,-0.586998164223925,1.29036553658424,-0.454908432983867,0.649175115752327,0.999436863219939,"YDR258C"
"YDR259C",15.2757997548221,-22.578686715349,1.81292681971311,-12.4542736473621,1.32552777486775e-35,7.90279659376152e-32,"YDR259C"
"YDR260C",9.52753254617747,0.365173142371973,1.92062489940591,0.19013246286921,0.849205332350679,0.999436863219939,"YDR260C"
"YDR261C",45.4975250592309,-0.292121916994492,1.2443074371898,-0.23476667282021,0.814389836093575,0.999436863219939,"YDR261C"
"YDR262W",50.6655256532781,1.89538773161676,1.35313581311258,1.40073724547786,0.161292660588539,0.999436863219939,"YDR262W"
"YDR263C",3.04776689380937,5.23327816654311,3.16242633175737,1.65483006323027,0.0979589738996068,0.999436863219939,"YDR263C"
"YDR264C",68.9443682080067,-0.535176055446519,1.04402990363925,-0.512606060018988,0.608226913305158,0.999436863219939,"YDR264C"
"YDR265W",10.6870738199522,0.150295101029128,1.92592143716147,0.0780380228025508,0.937797807379077,0.999436863219939,"YDR265W"
"YDR266C",20.3184496008268,0.0377550419848198,1.14851681996438,0.0328728681448399,0.973775969182192,0.999436863219939,"YDR266C"
"YDR267C",15.4828355249884,0.201233222692668,1.73457351904113,0.116013083610264,0.907642172592653,0.999436863219939,"YDR267C"
"YDR268W",5.99027772804477,-0.339438327071395,1.94371706929142,-0.174633609198656,0.861367538051085,0.999436863219939,"YDR268W"
"YDR270W",23.7799169487202,2.79345340524524,2.31877555972056,1.20471056094014,0.228315057602977,0.999436863219939,"YDR270W"
"YDR272W",37.0060644704333,0.534320035832382,1.14138491758569,0.468133079034023,0.639689425042819,0.999436863219939,"YDR272W"
"YDR273W",0.500373873358983,1.09099488078817,5.05989526566472,0.215616099446052,0.829287005430734,0.999436863219939,"YDR273W"
"YDR274C",4.11069592458366,0.84531000900885,2.04871279271069,0.412605423276731,0.679895727197627,0.999436863219939,"YDR274C"
"YDR275W",24.5318933553855,1.34564694415615,1.75074946800848,0.768611939483758,0.442123715533511,0.999436863219939,"YDR275W"
"YDR276C",125.376789262705,0.177745797872662,0.501270946067198,0.354590265538418,0.722896569864861,0.999436863219939,"YDR276C"
"YDR277C",17.7004777365705,-0.108580310664672,2.2155695458795,-0.0490078548274907,0.960913036216089,0.999436863219939,"YDR277C"
"YDR279W",2.25042501379802,0.833482014537,2.91595265262497,0.285835235968832,0.775004319104758,0.999436863219939,"YDR279W"
"YDR280W",22.6647910910503,1.91959328551109,1.63871469312174,1.17140176601107,0.241437322751159,0.999436863219939,"YDR280W"
"YDR281C",0.860591992500051,-0.134758936629751,5.04179315146818,-0.0267283747232885,0.978676381456719,0.999436863219939,"YDR281C"
"YDR282C",1.12262162581848,-3.89930253673802,4.49668219286693,-0.86715101701505,0.385859270685457,0.999436863219939,"YDR282C"
"YDR283C",41.8521023937406,0.573805847858868,1.30377742563683,0.440110280003194,0.659857236787173,0.999436863219939,"YDR283C"
"YDR284C",24.9326845261013,-2.58900318221239,1.68837486800037,-1.53342911653185,0.125170159260322,0.999436863219939,"YDR284C"
"YDR285W",2.47856838700692,-2.25888939126718,2.67279534481282,-0.845141172387584,0.398032022867688,0.999436863219939,"YDR285W"
"YDR286C",4.17922147823353,0.353993373246447,2.47305330602121,0.143140211488596,0.88617944773501,0.999436863219939,"YDR286C"
"YDR287W",11.6573786782954,3.26823132799477,1.78224335095291,1.83377389302496,0.066687564600682,0.999436863219939,"YDR287W"
"YDR288W",15.0657460860371,-5.53845596408416,2.29307326355605,-2.41529830385587,0.0157223274628477,0.650948030093738,"YDR288W"
"YDR289C",14.1270030004411,-5.07724806582517,1.6357987268056,-3.10383422032615,0.00191030337265253,0.189820478462573,"YDR289C"
"YDR291W",10.7398370980454,0.378228118540366,1.90190702214524,0.198867827993898,0.842366136371541,0.999436863219939,"YDR291W"
"YDR292C",16.8254046521081,0.313608812642267,1.39607241779999,0.224636493525507,0.822262072620727,0.999436863219939,"YDR292C"
"YDR293C",71.5001208291377,1.5824312358853,0.920300027277684,1.71947320328377,0.0855282428981851,0.999436863219939,"YDR293C"
"YDR294C",43.3118526729608,-0.0286033299151875,1.19411855251255,-0.0239535093521519,0.980889692217171,0.999436863219939,"YDR294C"
"YDR295C",11.7712244098599,0.796622669026881,1.63640554149912,0.486812497773072,0.62639121281506,0.999436863219939,"YDR295C"
"YDR296W",32.8298018680896,2.03992793989977,1.46022085906703,1.39699958895474,0.162413694726667,0.999436863219939,"YDR296W"
"YDR297W",27.1722923033389,-2.03780068350908,1.97460158219957,-1.03200600155456,0.30206930602013,0.999436863219939,"YDR297W"
"YDR298C",39.6929900661285,-0.345890780054841,0.838658426849359,-0.412433440100604,0.680021757095611,0.999436863219939,"YDR298C"
"YDR299W",9.78291746632646,-0.903256949525814,1.20601835590237,-0.748957878713195,0.453882593440812,0.999436863219939,"YDR299W"
"YDR300C",26.1686592998986,1.20611178135315,1.53854043778813,0.783932454246772,0.433079745297063,0.999436863219939,"YDR300C"
"YDR301W",25.5608181648638,0.811839316795773,1.67315878736208,0.48521355111533,0.627524870516958,0.999436863219939,"YDR301W"
"YDR302W",13.8511642167164,-6.51938605182487,1.72554776283401,-3.77815450388783,0.000157994851415191,0.0229747635155456,"YDR302W"
"YDR303C",12.6345370027984,-0.046672104882006,1.83509666769364,-0.0254330497698868,0.979709549723934,0.999436863219939,"YDR303C"
"YDR304C",60.3878624539962,-0.7027421665326,0.738038011875976,-0.952176114542314,0.341007672422001,0.999436863219939,"YDR304C"
"YDR305C",7.81175815547221,-2.19169843621577,1.79948355790224,-1.21795968992946,0.223239291417755,0.999436863219939,"YDR305C"
"YDR306C",21.2847219364885,0.696160862336448,1.56309462299624,0.445373461142105,0.65604988773316,0.999436863219939,"YDR306C"
"YDR307W",5.74436209408281,2.16528365521781,2.46984152737344,0.87668930626512,0.380655416711868,0.999436863219939,"YDR307W"
"YDR308C",2.33459296376473,3.82429741504295,2.80294998637886,1.36438303702435,0.172447043820481,0.999436863219939,"YDR308C"
"YDR309C",12.2858083896826,0.385613296513297,1.65147217074589,0.233496696671028,0.815375734348987,0.999436863219939,"YDR309C"
"YDR310C",12.4201029959845,-0.395349965132845,1.55771608117179,-0.253801042379587,0.799649268105255,0.999436863219939,"YDR310C"
"YDR311W",16.7247446006189,1.33337623430193,2.47202117115026,0.53938706102646,0.589619807151264,0.999436863219939,"YDR311W"
"YDR312W",8.03729465797528,-0.246327951570093,1.79419077392436,-0.137291950861674,0.890800032473585,0.999436863219939,"YDR312W"
"YDR313C",7.58310172339757,0.361263883007821,2.00566089115325,0.180122115658393,0.857056700771061,0.999436863219939,"YDR313C"
"YDR314C",0.407211033105011,3.20662161291152,5.05321664171276,0.634570381653902,0.525708650344009,0.999436863219939,"YDR314C"
"YDR315C",1.94136602147383,-3.23638000730595,3.0113049897115,-1.07474334827041,0.282489650385484,0.999436863219939,"YDR315C"
"YDR316W",19.2756203523681,0.214660398637846,1.52018646566638,0.141206623980663,0.887706713330883,0.999436863219939,"YDR316W"
"YDR317W",1.08908103952388,-0.917996847753493,4.6271634857779,-0.198393000501291,0.842737593398183,0.999436863219939,"YDR317W"
"YDR318W",1.12135844028329,0.368994572387761,2.82150782050434,0.130779213052758,0.895949967329951,0.999436863219939,"YDR318W"
"YDR319C",13.2173041704486,-1.29244494050315,2.23395045376297,-0.578546824226158,0.562894993996787,0.999436863219939,"YDR319C"
"YDR320C",31.0996801778335,1.23043539145317,1.86993201575394,0.65801076246992,0.510531215496102,0.999436863219939,"YDR320C"
"YDR321W",62.1259436732253,-0.677374001422974,1.0907483516921,-0.621017671374107,0.534587996192763,0.999436863219939,"YDR321W"
"YDR322W",10.7134814750033,-0.751674622523097,1.81388735255273,-0.414399836607961,0.678581308573164,0.999436863219939,"YDR322W"
"YDR323C",2.79630297282626,2.85381796212106,3.22735076125906,0.884260241055337,0.376555745644551,0.999436863219939,"YDR323C"
"YDR324C",15.740921744149,1.38356399611084,1.75038251505369,0.790435224422017,0.429273637673984,0.999436863219939,"YDR324C"
"YDR325W",17.1894772944048,0.741923361993768,1.88637298735441,0.393306820531976,0.694092881276587,0.999436863219939,"YDR325W"
"YDR326C",32.7349034766909,-2.38431547622209,1.43812657596184,-1.65793158688235,0.0973312757497668,0.999436863219939,"YDR326C"
"YDR327W",22.3248891571776,0.956755464302572,0.775576585163493,1.23360540094295,0.217349979484562,0.999436863219939,"YDR327W"
"YDR328C",21.4656071045842,0.665466969632068,0.979832048541891,0.679164322724862,0.497033750215305,0.999436863219939,"YDR328C"
"YDR329C",19.5572243329152,-0.91031714308001,1.79374335817364,-0.507495756810427,0.611807012888076,0.999436863219939,"YDR329C"
"YDR330W",17.1941809652198,1.40653653685933,2.24987557883455,0.625161920104012,0.531864791758715,0.999436863219939,"YDR330W"
"YDR331W",10.283752368154,0.514863016170265,2.03879652025423,0.252532810928117,0.800629256264612,0.999436863219939,"YDR331W"
"YDR332W",44.868275713996,1.08201788322659,1.43199271663851,0.755602923572502,0.449887302548247,0.999436863219939,"YDR332W"
"YDR333C",23.085669391307,0.897333900274604,1.23083313685361,0.729045939215178,0.46597356189383,0.999436863219939,"YDR333C"
"YDR334W",46.3794248047651,-0.0132965140876704,0.83776698503125,-0.0158713751260732,0.987337006466263,0.999436863219939,"YDR334W"
"YDR335W",73.3463366445529,0.832948270424886,1.22365803911231,0.680703467636381,0.496059141734394,0.999436863219939,"YDR335W"
"YDR336W",7.0595130571985,3.07464567912371,2.34810046587207,1.30941828248469,0.190392701847759,0.999436863219939,"YDR336W"
"YDR337W",12.9090169628723,-0.268639722748215,1.68809414008759,-0.159137880032139,0.873560244532465,0.999436863219939,"YDR337W"
"YDR338C",2.78715733830634,5.18249534117827,3.18753473115985,1.62586317586335,0.103978765260274,0.999436863219939,"YDR338C"
"YDR339C",17.5818195430898,-1.03463371664924,1.2721483979064,-0.813296403432149,0.41604813861112,0.999436863219939,"YDR339C"
"YDR340W",0.269438619109357,0.461209585596976,5.0708567572936,0.0909529903272463,0.927529944447516,0.999436863219939,"YDR340W"
"YDR341C",54.3657906008835,0.325969693297782,0.781489521414275,0.417113325726836,0.676595518353005,0.999436863219939,"YDR341C"
"YDR342C",0.446101983963841,3.42864553240775,3.50001387557606,0.979609125647663,0.327279098608811,0.999436863219939,"YDR342C"
"YDR343C",0.160188802559974,0.578731778900107,5.07085675729621,0.114128993698629,0.909135538735614,0.999436863219939,"YDR343C"
"YDR344C",0.547139078809812,-0.974514961513827,5.06897216405369,-0.19225099881679,0.847545599613737,0.999436863219939,"YDR344C"
"YDR345C",293.836005813563,-0.281125297682945,0.719421486377412,-0.39076577917978,0.69597037200739,0.999436863219939,"YDR345C"
"YDR346C",51.9363928367342,0.19851097637667,0.922115467142608,0.215277786188537,0.829550747657895,0.999436863219939,"YDR346C"
"YDR347W",24.0634241054388,0.942058258654149,1.12355656901029,0.838460905874979,0.401771895273242,0.999436863219939,"YDR347W"
"YDR348C",31.2582450693554,0.231580727683004,1.2666031861538,0.182836053323241,0.854926658948222,0.999436863219939,"YDR348C"
"YDR349C",16.8681810646731,-1.34397223847397,1.98249407535236,-0.677919926814962,0.497822464698183,0.999436863219939,"YDR349C"
"YDR350C",4.35926950608198,2.67292702227664,2.61221761383134,1.0232405631613,0.306194118481738,0.999436863219939,"YDR350C"
"YDR351W",16.9815685779285,-1.29429366006265,1.76427552437173,-0.733611979638816,0.463185257627864,0.999436863219939,"YDR351W"
"YDR352W",7.79521344256564,-4.96534943173748,2.19493621529382,-2.26218392914566,0.0236860418110052,0.755166744797931,"YDR352W"
"YDR353W",137.771982050105,-0.380172173679304,0.482036526355214,-0.788679182786977,0.430299537919241,0.999436863219939,"YDR353W"
"YDR354W",24.4911714532338,-4.17971755459181,1.65897696651148,-2.51945484413866,0.0117536715266024,0.602504869681994,"YDR354W"
"YDR356W",14.2817967842944,-3.56861030418924,1.39596554324083,-2.5563742038392,0.0105769306841159,0.586093094274864,"YDR356W"
"YDR357C",12.3584007724145,0.00805882382218384,1.18744379024241,0.00678669920075853,0.994585039057139,0.999436863219939,"YDR357C"
"YDR358W",19.2350113010414,-1.30718397529083,1.81686973965858,-0.719470387313771,0.471851141588525,0.999436863219939,"YDR358W"
"YDR359C",25.2168517825482,0.969688104821866,1.48649530606166,0.652331763758453,0.514187173338235,0.999436863219939,"YDR359C"
"YDR360W",1.67992617106324,-1.02715052776004,1.72203115953506,-0.596476156701701,0.550857177634439,0.999436863219939,"YDR360W"
"YDR361C",8.84858156211305,-0.593601591622076,1.4908797033075,-0.398155257131195,0.690515744862393,0.999436863219939,"YDR361C"
"YDR362C",1.56473516946705,-1.28948851935935,3.10368970350336,-0.415469535470576,0.677798212284793,0.999436863219939,"YDR362C"
"YDR363W",10.5288145916782,-4.1571522801316,2.12031752540266,-1.96062723168886,0.0499225233223089,0.999436863219939,"YDR363W"
"YDR364C",5.33956781143197,-3.03310786790664,2.35255355185545,-1.28928324097636,0.197299635119048,0.999436863219939,"YDR364C"
"YDR365C",39.7688163160165,0.102643226360952,0.844497350705752,0.121543574145227,0.903260503333704,0.999436863219939,"YDR365C"
"YDR366C",2.83128923490351,0.114466506398757,0.799282380164743,0.14321159735207,0.886123070872423,0.999436863219939,"YDR366C"
"YDR367W",18.9016161613602,-1.02964371537094,1.76817379604856,-0.58232042442431,0.560350870564478,0.999436863219939,"YDR367W"
"YDR368W",90.1574193823698,0.542543183969642,0.777482017804239,0.697820877583625,0.485289220920174,0.999436863219939,"YDR368W"
"YDR369C",1.89168396306047,0.456523192597179,2.90645945116125,0.157071929014795,0.875188160346605,0.999436863219939,"YDR369C"
"YDR370C",16.7637630656107,1.94435563970681,1.86776409869305,1.04100707421636,0.29787226502652,0.999436863219939,"YDR370C"
"YDR371W",6.35800246535692,-3.72022035982772,1.92792227723568,-1.92965266481691,0.0536498886948815,0.999436863219939,"YDR371W"
"YDR372C",20.6332351550595,-1.28303914888402,1.13035333589903,-1.13507795141203,0.256342658817271,0.999436863219939,"YDR372C"
"YDR373W",7.99472060773008,-0.52285795321647,1.50794047173896,-0.346736468060644,0.728789310336894,0.999436863219939,"YDR373W"
"YDR374C",0.0716786682940238,0.461232313528421,5.07085675729681,0.0909574723964983,0.927526383035689,0.999436863219939,"YDR374C"
"YDR375C",16.9453687812191,-0.613379650167579,1.86574290115052,-0.328758935536796,0.742337903920094,0.999436863219939,"YDR375C"
"YDR376W",17.4081246336796,-4.94657252208339,1.95819480132398,-2.52608806781577,0.0115340563619168,0.602504869681994,"YDR376W"
"YDR377W",26.6805570208081,0.0886995885950612,0.814832866770294,0.108856174330123,0.913316567822221,0.999436863219939,"YDR377W"
"YDR378C",46.3790637400578,0.60860764047367,0.721540437896516,0.843483758509674,0.398957945431276,0.999436863219939,"YDR378C"
"YDR379W",15.5270717678489,-0.783725747639362,1.41288262922099,-0.554699825329072,0.579099995687474,0.999436863219939,"YDR379W"
"YDR380W",3.50076927750503,3.08889263957897,3.9688096023532,0.778291968893517,0.436396908976453,0.999436863219939,"YDR380W"
"YDR381W",38.787444981036,-0.123865159026845,0.800466642029359,-0.154741187856148,0.87702535784139,0.999436863219939,"YDR381W"
"YDR382W",296.189252834617,0.285677675817786,0.193360533706812,1.47743528806635,0.139558992793625,0.999436863219939,"YDR382W"
"YDR383C",16.1597582601298,0.282335704952261,0.393144646943701,0.718147142908173,0.472666564978009,0.999436863219939,"YDR383C"
"YDR384C",15.0798755545879,-0.434477439647514,1.58691200052375,-0.273787985410733,0.784247557216068,0.999436863219939,"YDR384C"
"YDR385W",139.148194492768,-0.0741188362725145,0.421043162083884,-0.17603619521019,0.860265506779141,0.999436863219939,"YDR385W"
"YDR386W",12.5005760536225,2.61881111209789,1.93066212500709,1.35643159835037,0.174961885198031,0.999436863219939,"YDR386W"
"YDR387C",18.8004217990109,-1.7337454328782,1.73143209105117,-1.00133608579798,0.316664352513722,0.999436863219939,"YDR387C"
"YDR388W",111.542764266659,-0.102064012130854,0.667778607000883,-0.152841092932345,0.878523590952484,0.999436863219939,"YDR388W"
"YDR389W",12.3552365211124,0.0238282691726565,1.98360821658206,0.0120125884604949,0.990415571641793,0.999436863219939,"YDR389W"
"YDR390C",49.0827594163899,0.713764715123035,1.36585375697067,0.522577700196906,0.60126816220358,0.999436863219939,"YDR390C"
"YDR391C",13.0035065766415,-0.602843933050379,1.78422336178074,-0.337874699975182,0.735457614005955,0.999436863219939,"YDR391C"
"YDR392W",11.7309113956494,-0.0109849285969874,1.92387667312851,-0.00570978834060309,0.995444272791656,0.999436863219939,"YDR392W"
"YDR393W",13.1341730700232,0.11280106343614,1.49635805452019,0.0753837379331708,0.939909397640387,0.999436863219939,"YDR393W"
"YDR394W",61.4135509520672,0.342374369633674,0.9682741910095,0.35359237374356,0.723644390478737,0.999436863219939,"YDR394W"
"YDR395W",43.3066574589501,-0.426587341268212,1.19814201786118,-0.356040715465198,0.721810073880789,0.999436863219939,"YDR395W"
"YDR396W",1.52564651108776,-0.79567999169763,0.962065120929982,-0.827054192473462,0.408206346092934,0.999436863219939,"YDR396W"
"YDR397C",1.01315973689434,-1.74382134625744,1.43176586775013,-1.21795147205015,0.223242414476639,0.999436863219939,"YDR397C"
"YDR398W",18.5219006514652,0.851112743621754,1.69774906950767,0.501318339033795,0.616147100675989,0.999436863219939,"YDR398W"
"YDR399W",28.1574640759388,1.0450741218388,1.27111125190864,0.822173606180861,0.410978098180519,0.999436863219939,"YDR399W"
"YDR400W",6.72955772611672,0.672798887646955,2.37652741117508,0.283101673678692,0.777098898646332,0.999436863219939,"YDR400W"
"YDR402C",0.0884342138557691,0.461230325094413,5.07085675729599,0.0909570802667204,0.927526694618418,0.999436863219939,"YDR402C"
"YDR403W",0.509908581211136,0.918184544856741,4.47571658427582,0.205148053405018,0.837456453554656,0.999436863219939,"YDR403W"
"YDR404C",23.6690026092217,-0.914122292776793,1.33964430129597,-0.682361946296095,0.495010111781516,0.999436863219939,"YDR404C"
"YDR405W",6.43059761131554,-0.267860043366279,1.6641596563598,-0.160958140249716,0.872126369922479,0.999436863219939,"YDR405W"
"YDR406W",109.483803810641,1.99460428125141,1.4131873847845,1.41142236530478,0.158120112149243,0.999436863219939,"YDR406W"
"YDR407C",32.3991865123858,-1.58209390039958,1.40122522158879,-1.12907894892565,0.258864530769858,0.999436863219939,"YDR407C"
"YDR408C",23.8403491993607,0.940342371023666,1.08355302763665,0.867832350646149,0.385486117197262,0.999436863219939,"YDR408C"
"YDR409W",14.4499116124839,-1.58680311573421,2.06192839671401,-0.76957236646191,0.441553602174643,0.999436863219939,"YDR409W"
"YDR410C",25.1146560842827,-0.579985908252425,1.51010046348925,-0.384071074921933,0.700925769306195,0.999436863219939,"YDR410C"
"YDR411C",15.3112908066521,1.80209117697481,2.00326391044706,0.899577518257516,0.368345125756697,0.999436863219939,"YDR411C"
"YDR412W",1.36672467833969,0.86792900045282,1.98412051715888,0.437437641991441,0.661793990285142,0.999436863219939,"YDR412W"
"YDR413C",0.677745003325357,-1.21743206074078,1.34876647281635,-0.90262627762289,0.366724275272517,0.999436863219939,"YDR413C"
"YDR414C",12.6181371259037,-0.368103130414961,2.14939199254063,-0.171259189432382,0.864019968438506,0.999436863219939,"YDR414C"
"YDR415C",6.37432777255585,-5.10260450238657,2.63838962743523,-1.93398444616642,0.0531150402366453,0.999436863219939,"YDR415C"
"YDR416W",9.65188803736029,1.19383737194877,2.36581750937056,0.504619383033647,0.613826193223244,0.999436863219939,"YDR416W"
"YDR417C",0.35669063501344,-0.452693645184015,1.62261312300433,-0.278990499192952,0.780252115950595,0.999436863219939,"YDR417C"
"YDR418W",78.7740286293394,-0.262322716049105,0.33522877050471,-0.782518504167048,0.433909914950016,0.999436863219939,"YDR418W"
"YDR419W",2.8509165712012,-4.12746272785248,3.1526756046795,-1.30919360105623,0.190468779240652,0.999436863219939,"YDR419W"
"YDR420W",87.0303433513308,0.3261298636464,1.20322669183467,0.271046067926834,0.786355600843155,0.999436863219939,"YDR420W"
"YDR421W",21.705525368297,-3.82477544386056,2.16586925051907,-1.76593090415958,0.0774074416905257,0.999436863219939,"YDR421W"
"YDR422C",14.4644334991736,-0.808977019185098,1.80131125154383,-0.449104516774521,0.653356262297798,0.999436863219939,"YDR422C"
"YDR423C",38.1892074899931,-2.43951510421099,1.0983619872389,-2.22104837253474,0.0263476852498564,0.777648017126951,"YDR423C"
"YDR424C",7.0944853110197,-2.08508425699343,1.17740347267284,-1.77091736638083,0.0765744440132031,0.999436863219939,"YDR424C"
"YDR425W",0.478822556849484,0.128299121495014,5.07085675729343,0.0253012710939784,0.97981466007049,0.999436863219939,"YDR425W"
"YDR427W",37.7256567184079,-0.309612790790217,0.928189307717634,-0.333566426822496,0.738706756053089,0.999436863219939,"YDR427W"
"YDR428C",9.55375288177991,0.77634289927494,1.64448410170813,0.472089026867787,0.636863244508931,0.999436863219939,"YDR428C"
"YDR429C",55.949064509182,0.228218804288116,0.618813994137307,0.368800328451327,0.712276559837336,0.999436863219939,"YDR429C"
"YDR430C",23.856932352314,0.341692326550465,1.42429839819922,0.239902205171666,0.810406071294669,0.999436863219939,"YDR430C"
"YDR432W",64.8839691318233,-0.603642322089504,0.615217952204795,-0.981184505306117,0.326501763719381,0.999436863219939,"YDR432W"
"YDR433W",2.7663402428272,-0.223866771901539,0.624171441057412,-0.358662311627531,0.71984772591114,0.999436863219939,"YDR433W"
"YDR434W",16.4303260942396,-0.720514537940923,1.30765168599412,-0.550998821519633,0.58163448242608,0.999436863219939,"YDR434W"
"YDR435C",18.0532956428006,-1.72123975935162,1.94195975979544,-0.886341619938066,0.375433467880486,0.999436863219939,"YDR435C"
"YDR436W",17.7107195768643,0.218168836299428,1.90288129652477,0.11465183703149,0.908721090568746,0.999436863219939,"YDR436W"
"YDR437W",0.311569192167866,1.90761667543308,5.06770645567089,0.376426040481963,0.706600189704262,0.999436863219939,"YDR437W"
"YDR438W",3.62802750210451,-1.88980983632442,3.20310914750923,-0.58999233222944,0.555195790194363,0.999436863219939,"YDR438W"
"YDR439W",7.81691863175105,-1.22494366790861,2.35319282771548,-0.520545385606077,0.602683503409017,0.999436863219939,"YDR439W"
"YDR440W",4.78208890253211,2.14658966585037,1.97369624128363,1.08759880114799,0.276772260234543,0.999436863219939,"YDR440W"
"YDR441C",9.62973676485022,-0.603908066955124,2.01309022520332,-0.299990561473284,0.764184355110458,0.999436863219939,"YDR441C"
"YDR443C",15.6765372846463,1.12537480719455,1.63434747120401,0.688577445753011,0.491089218417579,0.999436863219939,"YDR443C"
"YDR444W",7.39512780698779,0.281665943606169,2.06155388766202,0.136627980132794,0.891324858945753,0.999436863219939,"YDR444W"
"YDR446W",0.774282045840143,0.276463756512437,1.79886602950597,0.15368779663284,0.877855907335348,0.999436863219939,"YDR446W"
"YDR447C",148.347218056287,-0.0145333085332515,0.371811544105271,-0.0390878356620814,0.968820359294032,0.999436863219939,"YDR447C"
"YDR448W",7.32482540732723,-0.131877652186082,2.25065457782904,-0.0585952431284636,0.953274499608411,0.999436863219939,"YDR448W"
"YDR449C",9.97038277508157,0.779859222122177,1.78801783008158,0.43615852649892,0.662721716261951,0.999436863219939,"YDR449C"
"YDR450W",244.552284834639,0.130256415270539,0.278947734438206,0.466956347693134,0.640531109673714,0.999436863219939,"YDR450W"
"YDR451C",11.4396068573041,-1.49396725245109,1.97076349461341,-0.758065215097841,0.448411942492046,0.999436863219939,"YDR451C"
"YDR452W",66.7526946543426,0.35436047015148,0.896192386889881,0.395406695409723,0.692542768593815,0.999436863219939,"YDR452W"
"YDR453C",33.2824466713885,0.569578889524723,1.28548538679498,0.443084686434917,0.657704481216349,0.999436863219939,"YDR453C"
"YDR454C",59.5202875485371,-0.41085904250647,0.670395089750538,-0.612861055798239,0.5399682156587,0.999436863219939,"YDR454C"
"YDR455C",0.0256997611923977,0.461241081079202,5.07085675729695,0.0909592014042749,0.927525009182083,0.999436863219939,"YDR455C"
"YDR456W",26.2892985730121,-0.932968282023199,1.72998248949904,-0.53929348284523,0.58968436501491,0.999436863219939,"YDR456W"
"YDR457W",134.29739746139,1.01460018079888,0.760811331806331,1.33357658907366,0.182342659606886,0.999436863219939,"YDR457W"
"YDR458C",16.5125004897559,-0.595670127545854,1.24587597167185,-0.478113504947464,0.632569420471743,0.999436863219939,"YDR458C"
"YDR459C",12.2869960099716,-21.5195285473677,2.78822049160809,-7.71801534783086,1.18154976524075e-14,3.91355538909185e-12,"YDR459C"
"YDR460W",12.1464682319083,1.41860388661376,2.01659424073368,0.703465207803849,0.481765881723389,0.999436863219939,"YDR460W"
"YDR462W",8.87475188961243,-1.1997877172394,1.56599341240546,-0.766151190506254,0.443586346837333,0.999436863219939,"YDR462W"
"YDR463W",18.9158061724371,1.31247900475483,1.81447065181464,0.723339891688096,0.469471090172789,0.999436863219939,"YDR463W"
"YDR464W",35.3602027249117,-0.118040011648667,0.982540344247111,-0.120137572304084,0.904374169524046,0.999436863219939,"YDR464W"
"YDR465C",17.6159257310366,0.947491905239137,1.49453214672752,0.633972248314495,0.526098933412555,0.999436863219939,"YDR465C"
"YDR466W",16.7536045541289,-0.0314173186261297,2.03564695802426,-0.0154335792374442,0.987686274255862,0.999436863219939,"YDR466W"
"YDR467C",1.23469319638354,0.175896881617773,1.99583371308774,0.0881320324756138,0.929771737193369,0.999436863219939,"YDR467C"
"YDR468C",10.379600401297,0.475782438489202,1.45329853939849,0.327381075251148,0.743379678296758,0.999436863219939,"YDR468C"
"YDR469W",6.54620728432476,-2.11083814808637,1.64173529290077,-1.2857359875335,0.198535217119807,0.999436863219939,"YDR469W"
"YDR470C",12.8823707160032,-0.923606482584008,1.96473060095778,-0.470093193506408,0.638288436862097,0.999436863219939,"YDR470C"
"YDR471W",118.11606736494,-0.300692175463638,0.489478815859231,-0.614310907277576,0.539009896267159,0.999436863219939,"YDR471W"
"YDR472W",9.12627603162378,-0.714376893196913,1.86689995211804,-0.382654085124613,0.701976262647402,0.999436863219939,"YDR472W"
"YDR473C",10.9166961890301,1.50435974636537,1.89315996523181,0.794628966380644,0.42682936349883,0.999436863219939,"YDR473C"
"YDR475C",11.1505623040175,1.98749425408228,2.140154805407,0.928668453824448,0.353060934135915,0.999436863219939,"YDR475C"
"YDR476C",26.2074621960536,2.1200012363172,1.29311685792754,1.63945062143485,0.101119446411299,0.999436863219939,"YDR476C"
"YDR477W",26.7495171424608,-0.542738044568045,1.20295814544979,-0.451169516263688,0.65186737833969,0.999436863219939,"YDR477W"
"YDR478W",1.64936448022441,-2.39210990987888,2.1169270074012,-1.12999168205403,0.25847972943858,0.999436863219939,"YDR478W"
"YDR479C",29.1104222498168,-1.07761268846614,1.80268531069017,-0.59778192126809,0.549985455186259,0.999436863219939,"YDR479C"
"YDR480W",1.76794991658392,0.270795335616163,2.53577783339224,0.106789850455434,0.914955699592131,0.999436863219939,"YDR480W"
"YDR481C",5.60206496830239,-1.41952355887907,1.93709643968132,-0.732809957109109,0.463674347456998,0.999436863219939,"YDR481C"
"YDR482C",3.87118657252629,-0.0223370427625601,1.89325677106181,-0.0117982109473892,0.990586608027703,0.999436863219939,"YDR482C"
"YDR483W",65.7425849102607,0.0233050979807518,0.869784618911551,0.026794102211092,0.9786239572845,0.999436863219939,"YDR483W"
"YDR484W",14.0592068076026,2.21211931063835,1.80462877204679,1.22580297117251,0.220272828842861,0.999436863219939,"YDR484W"
"YDR485C",14.9913929866926,1.38702418029218,1.58506250019465,0.875059614445395,0.38154146973533,0.999436863219939,"YDR485C"
"YDR486C",9.75707568102974,-0.274929858746801,1.57265599300849,-0.174818816046897,0.861222002947342,0.999436863219939,"YDR486C"
"YDR487C",60.2989420325775,0.307449389512517,0.776744131428575,0.395818104151055,0.692239220130029,0.999436863219939,"YDR487C"
"YDR488C",27.3204964175409,0.167865582696494,2.05166527246706,0.0818191860773865,0.934790498942824,0.999436863219939,"YDR488C"
"YDR489W",10.9299558782388,2.40629067461871,2.16622623830509,1.11082149780507,0.266645191060499,0.999436863219939,"YDR489W"
"YDR490C",23.3788658852588,-0.846410597619251,1.33939269832229,-0.63193609960653,0.527428633190583,0.999436863219939,"YDR490C"
"YDR491C",1.0668124695224,-0.863613448818116,2.04000936732144,-0.423337981997628,0.672048686287099,0.999436863219939,"YDR491C"
"YDR492W",4.56803048110298,-1.57792439729222,2.09128556987901,-0.754523638483052,0.450534856746561,0.999436863219939,"YDR492W"
"YDR493W",1.67883209287822,1.12170515301719,3.24776810775638,0.345377230085583,0.729810792974792,0.999436863219939,"YDR493W"
"YDR494W",30.9827632329212,-0.0708185506947661,1.22503603144381,-0.0578093614204149,0.953900481316364,0.999436863219939,"YDR494W"
"YDR495C",3.45652659632972,0.71574559809567,2.30397681038086,0.310656598135358,0.756061695373617,0.999436863219939,"YDR495C"
"YDR496C",71.4935182360624,1.30415597219342,0.948856895641507,1.37444959106473,0.16930214955364,0.999436863219939,"YDR496C"
"YDR497C",72.9236671474265,0.36312785543335,1.03590997671467,0.350539973159628,0.725933496527773,0.999436863219939,"YDR497C"
"YDR498C",7.49644581039636,-5.48099663863825,2.39626707166209,-2.28730624539131,0.0221779542141263,0.739525902528359,"YDR498C"
"YDR499W",2.51011389453426,2.15259865695144,1.76094601094888,1.22241036554637,0.22155248135485,0.999436863219939,"YDR499W"
"YDR500C",143.986382792885,-0.13287471388848,0.344178422106125,-0.386063464046881,0.699449667660579,0.999436863219939,"YDR500C"
"YDR501W",2.15765491992827,1.93316001429976,3.88750458531943,0.497275301384864,0.618994926349312,0.999436863219939,"YDR501W"
"YDR502C",27.715172811637,-0.332247564773318,1.36015966278438,-0.244271002782993,0.807020939766186,0.999436863219939,"YDR502C"
"YDR503C",4.86789844712728,2.60800958793975,2.94065617626626,0.886880149059496,0.375143430217056,0.999436863219939,"YDR503C"
"YDR504C",1.25173209782168,0.538872811154848,1.51199535287522,0.356398457263856,0.721542184552994,0.999436863219939,"YDR504C"
"YDR505C",35.0910896828231,3.82961827434176,1.41203292943059,2.71213099533456,0.0066852167950162,0.444236207244427,"YDR505C"
"YDR506C",2.53232468432933,2.33531033755165,2.90793096482971,0.803083142549229,0.421926680469103,0.999436863219939,"YDR506C"
"YDR507C",33.3438526977148,-0.0694057805845709,2.00852089803299,-0.0345556676321079,0.972434052473438,0.999436863219939,"YDR507C"
"YDR508C",89.0914194324671,0.32107869072891,0.757159070022729,0.424057114866592,0.671524160306342,0.999436863219939,"YDR508C"
"YDR510W",85.1615257010277,0.414034708155047,0.372188869608119,1.11243173013473,0.265952568254116,0.999436863219939,"YDR510W"
"YDR511W",11.7285655146044,0.976622440351422,1.29302610317699,0.75529986436611,0.450069080051289,0.999436863219939,"YDR511W"
"YDR512C",26.3675372041395,-0.0861614391396535,1.05917415495689,-0.0813477545089463,0.935165397195336,0.999436863219939,"YDR512C"
"YDR513W",63.2858020968686,0.0155854548738266,0.6708765476875,0.0232314796627627,0.981465628239299,0.999436863219939,"YDR513W"
"YDR514C",6.21802598509572,5.2021705707363,1.59174967724083,3.26820896848167,0.00108230423038134,0.121749015500633,"YDR514C"
"YDR515W",5.73945314648375,-3.28635663213569,2.11038725827074,-1.55722918590237,0.119416081329636,0.999436863219939,"YDR515W"
"YDR516C",53.4272396071471,1.72383330394454,1.40111823269212,1.23032679450067,0.218574754435049,0.999436863219939,"YDR516C"
"YDR517W",83.8148498180543,0.653444572001195,1.04230632768012,0.626921812376959,0.530710488458884,0.999436863219939,"YDR517W"
"YDR518W",21.415756038745,3.16053307479949,1.66348960832725,1.89994158002443,0.0574407866060923,0.999436863219939,"YDR518W"
"YDR519W",13.2853968842024,0.498571966279733,0.996585194751099,0.500280326163438,0.616877705042382,0.999436863219939,"YDR519W"
"YDR520C",1.83430753470962,-1.52626267585675,2.77137521714596,-0.550723938936185,0.581822931640724,0.999436863219939,"YDR520C"
"YDR522C",0.185293411030104,0.461222356984038,5.07085675729501,0.0909555089128711,0.927527943201902,0.999436863219939,"YDR522C"
"YDR523C",0.45083691766308,0.630935592786771,4.64850885412494,0.135728598693944,0.892035838439446,0.999436863219939,"YDR523C"
"YDR524C",10.3212507616114,-0.870163600781566,2.06939143005759,-0.420492512021928,0.67412569840607,0.999436863219939,"YDR524C"
"YDR525W",0.135955096383478,0.800683023267353,5.07085675729682,0.157898962954375,0.874536415255908,0.999436863219939,"YDR525W"
"YDR527W",12.2248533761223,1.90904190849298,1.6333288487945,1.16880437757649,0.2424824562672,0.999436863219939,"YDR527W"
"YDR528W",15.7292879585851,-0.366486987607057,2.02509426470052,-0.180972804078952,0.856388922723777,0.999436863219939,"YDR528W"
"YDR529C",33.6308174301179,-0.263098677210456,0.832184396186665,-0.316154302359019,0.751885391499245,0.999436863219939,"YDR529C"
"YDR530C",21.3797063731019,0.734424902179726,1.81971745806569,0.403592820920891,0.68651216573227,0.999436863219939,"YDR530C"
"YDR531W",24.1468254134531,-1.33563685256667,1.72904633918177,-0.772470246921623,0.439835962318986,0.999436863219939,"YDR531W"
"YDR532C",1.12592012552787,3.25858710348789,2.63933790404887,1.23462293270182,0.216970870049214,0.999436863219939,"YDR532C"
"YDR533C",259.574132465007,0.223090925107579,0.527338622934439,0.423050608101039,0.672258337672615,0.999436863219939,"YDR533C"
"YDR534C",2.33746044402887,0.800659194114812,3.9153468990911,0.204492530227826,0.837968628683382,0.999436863219939,"YDR534C"
"YDR535C",1.148785840576,1.40210248728687,3.86354886304662,0.362905333150422,0.716675602687292,0.999436863219939,"YDR535C"
"YDR536W",142.916180487698,-3.61068742037127,1.47419094085141,-2.44926713379878,0.0143147238402062,0.63218061878007,"YDR536W"
"YDR538W",3.59195670396966,-0.537620066718621,2.2472255240578,-0.239237255434801,0.810921615605258,0.999436863219939,"YDR538W"
"YDR539W",19.1607233195726,-0.443322429477043,1.91948416574075,-0.230959149020102,0.817346538410113,0.999436863219939,"YDR539W"
"YDR540C",0,0,0,0,1,NA,"YDR540C"
"YDR541C",7.84961319253653,0.182749401045211,2.47681998805072,0.0737838849520251,0.941182350015167,0.999436863219939,"YDR541C"
"YDR545W",0.342953096280419,0.526571348050438,2.03167132650276,0.259181365204803,0.795495308384984,0.999436863219939,"YDR545W"
"YEL059C-A",2.57469021253489,-3.94450733198681,1.72999998521545,-2.28006206109624,0.0226040079454219,0.740467556981349,"YEL059C-A"
"YER007C-A",19.1380518640424,0.220949950868027,1.1716200746993,0.188584982145117,0.850418104119076,0.999436863219939,"YER007C-A"
"YER060W-A",2.59404774160901,4.98717154002853,3.19471126923266,1.56107113279955,0.1185069682929,0.999436863219939,"YER060W-A"
"YER066C-A",2.84247154892234,0.538317686286543,1.71386410868386,0.314095898011387,0.7534482049142,0.999436863219939,"YER066C-A"
"YER093C-A",1.50399434743989,-2.0288978262311,2.4282657961235,-0.835533667471676,0.403417298975149,0.999436863219939,"YER093C-A"
"YER119C-A",0.163743700603819,0.519980396634888,5.07085675729668,0.102542907741708,0.918325756871973,0.999436863219939,"YER119C-A"
"YFL017W-A",9.26908353813142,0.745610494374276,1.05503076029195,0.7067191995122,0.479740995772689,0.999436863219939,"YFL017W-A"
"YFR024C-A",27.5146868886524,0.977981546889185,1.3417968756036,0.728859609580806,0.46608754382143,0.999436863219939,"YFR024C-A"
"YGL001C",32.2398778914089,1.2154613556219,1.24025051024604,0.980012784175977,0.327079808182995,0.999436863219939,"YGL001C"
"YGL002W",18.4943744674029,1.23735136264136,1.43479957623554,0.862386205805676,0.388475028757482,0.999436863219939,"YGL002W"
"YGL003C",3.23890590620482,0.834337498023474,3.10637280571172,0.268588978273751,0.788245994795876,0.999436863219939,"YGL003C"
"YGL004C",10.0108061332966,15.9852431866932,2.69234018005396,5.93730439604881,2.89746413000674e-09,6.64410813196162e-07,"YGL004C"
"YGL005C",13.6430195577997,0.957039418946424,2.09558724244177,0.456692711028,0.647891930663332,0.999436863219939,"YGL005C"
"YGL006W",30.7384633941522,0.503993415039181,1.2830797346333,0.392799762505189,0.694467380092664,0.999436863219939,"YGL006W"
"YGL007W",0.0457936841882779,-0.664566868187808,5.07045840751061,-0.13106642728859,0.895722759157803,0.999436863219939,"YGL007W"
"YGL008C",383.273559001088,-1.04736724996555,0.603147234694966,-1.73650344346723,0.0824748560355525,0.999436863219939,"YGL008C"
"YGL009C",132.239862459629,-0.478562889210385,0.975494436475341,-0.490584949863507,0.62372003317777,0.999436863219939,"YGL009C"
"YGL010W",3.80525669049589,-3.3349502447177,2.44847238504307,-1.36205344405346,0.1731810193551,0.999436863219939,"YGL010W"
"YGL011C",59.5722170107859,0.177382533116876,0.788669513058016,0.224913642761576,0.822046455801302,0.999436863219939,"YGL011C"
"YGL012W",147.856488186726,0.162515233417895,0.857115530627502,0.189607150507372,0.849616983565614,0.999436863219939,"YGL012W"
"YGL013C",27.1547691726109,0.534272293115128,1.56026026082045,0.342425111073576,0.732030993550585,0.999436863219939,"YGL013C"
"YGL014W",45.1214735405579,0.365007219663134,1.22935703522625,0.2969090420473,0.766535952741874,0.999436863219939,"YGL014W"
"YGL015C",0.400726533364352,-0.430742693706169,2.34621079331001,-0.183590790279539,0.85433448860718,0.999436863219939,"YGL015C"
"YGL016W",56.2993801373099,-1.6889009677783,1.30802037489788,-1.29118857793799,0.19663829480705,0.999436863219939,"YGL016W"
"YGL017W",5.59737821447268,-2.62094649959348,2.48704401443492,-1.05384001424237,0.291956170174175,0.999436863219939,"YGL017W"
"YGL018C",5.47041853399913,1.47803525001159,1.89074454430475,0.781721282477683,0.43437839132253,0.999436863219939,"YGL018C"
"YGL019W",38.0116223658182,-1.1535033129912,1.06161348741966,-1.08655676162789,0.277232742688557,0.999436863219939,"YGL019W"
"YGL020C",11.5175889495271,0.769943705035916,1.29399916642108,0.595010974516632,0.551836135167582,0.999436863219939,"YGL020C"
"YGL021W",17.4303229122418,0.473514060776398,1.67592333285166,0.282539213754302,0.77753008260597,0.999436863219939,"YGL021W"
"YGL022W",71.2687542132726,0.162222844637419,0.984775024562955,0.164730868057314,0.869155819687476,0.999436863219939,"YGL022W"
"YGL023C",9.8545407725006,-1.03461427121446,1.89246470076005,-0.546702018166541,0.584583467469617,0.999436863219939,"YGL023C"
"YGL024W",0.530139517730219,0.715863766182224,2.14448121640694,0.333816757500747,0.73851783742889,0.999436863219939,"YGL024W"
"YGL025C",6.31382793456468,3.29368287695537,1.8593190860159,1.77144574146925,0.0764866078717355,0.999436863219939,"YGL025C"
"YGL026C",189.28805742397,-0.343510784096086,0.737974910270858,-0.465477591873696,0.641589480232029,0.999436863219939,"YGL026C"
"YGL027C",38.4404126294383,0.369486061343785,1.25262578124489,0.294969229338853,0.768017385863479,0.999436863219939,"YGL027C"
"YGL028C",11.3809571944676,4.70538565341812,2.28868850643474,2.05593100161457,0.0397891673846453,0.933948881682106,"YGL028C"
"YGL029W",5.43637771007342,1.35129231358026,1.11305269906316,1.21404163047952,0.224731827353674,0.999436863219939,"YGL029W"
"YGL030W",406.581319055355,-0.26492643894351,0.291506471990622,-0.908818377631194,0.363446004170751,0.999436863219939,"YGL030W"
"YGL031C",160.757677683199,-0.272123903579886,0.269524157895101,-1.00964568706972,0.312665072518767,0.999436863219939,"YGL031C"
"YGL034C",0.152032648336197,-0.204586945344176,5.07085675729588,-0.0403456368689215,0.96781757041775,0.999436863219939,"YGL034C"
"YGL035C",2.31669310699739,2.68117496700128,2.9765120934452,0.900777447840944,0.367706660641094,0.999436863219939,"YGL035C"
"YGL036W",34.0110237443963,-6.18306475171052,1.70340154298785,-3.62983395028816,0.000283603601594974,0.038428288016119,"YGL036W"
"YGL037C",344.822375148951,-0.186252021916434,0.759974166090943,-0.24507678053644,0.806396981222579,0.999436863219939,"YGL037C"
"YGL038C",12.3397035227117,3.17185313456929,1.61562647183508,1.96323419420493,0.0496189678319382,0.999436863219939,"YGL038C"
"YGL039W",10.9233503077306,1.91072832792836,1.5648548319497,1.22102593091509,0.222076201881867,0.999436863219939,"YGL039W"
"YGL040C",50.0582490815547,-0.98621620755216,1.14932592801681,-0.85808227545506,0.39084703381322,0.999436863219939,"YGL040C"
"YGL042C",13.5500774276232,0.808518042663381,1.12029392418053,0.721701711677848,0.470477889499197,0.999436863219939,"YGL042C"
"YGL043W",19.0746794614047,1.68910221107714,1.39459232694609,1.21117991146271,0.225826460045825,0.999436863219939,"YGL043W"
"YGL044C",4.7964062966266,-0.304204546011893,2.12261198309627,-0.143316135230777,0.886040513303046,0.999436863219939,"YGL044C"
"YGL045W",29.0472561472099,-1.6333112460114,1.83774421007569,-0.888758749480228,0.374132749610785,0.999436863219939,"YGL045W"
"YGL047W",4.00543251813693,1.1862740930391,2.26319019710847,0.524160141094074,0.600167161403279,0.999436863219939,"YGL047W"
"YGL048C",88.0831956576711,-0.334775889267897,0.708667101219527,-0.472402188124424,0.636639742826412,0.999436863219939,"YGL048C"
"YGL049C",38.6384081530218,0.207929765727733,1.05206273454133,0.197640082573958,0.843326671972055,0.999436863219939,"YGL049C"
"YGL050W",8.41316219505463,0.566454233418695,1.86348723081246,0.303975376945152,0.761146650418423,0.999436863219939,"YGL050W"
"YGL051W",5.99511934994737,3.02159311687688,2.58368462273045,1.16948991772984,0.242206301019109,0.999436863219939,"YGL051W"
"YGL052W",3.92718325876103,3.0565749299375,1.8026073737467,1.6956409778711,0.0899538923999434,0.999436863219939,"YGL052W"
"YGL053W",12.8889434546751,0.306077900074276,1.87944518222446,0.162855454880578,0.870632244356503,0.999436863219939,"YGL053W"
"YGL054C",23.030702979402,0.493798893056527,0.964770585944802,0.511830377346081,0.608769728210113,0.999436863219939,"YGL054C"
"YGL055W",92.4157811542793,-0.490861203318588,0.990101336153692,-0.49576865053578,0.620057645379371,0.999436863219939,"YGL055W"
"YGL056C",9.65042586261916,1.6965184558505,1.88123516030856,0.901810944024793,0.367157305174647,0.999436863219939,"YGL056C"
"YGL057C",5.94266229087662,0.329991121406609,2.43597784628284,0.135465567517437,0.892243786414204,0.999436863219939,"YGL057C"
"YGL058W",10.6092327218771,0.835134157087719,1.39682582103171,0.597879953615749,0.549920036677002,0.999436863219939,"YGL058W"
"YGL059W",13.8589238808958,-5.09021820752545,2.36918550420039,-2.14850977202961,0.031673280935323,0.862265301079433,"YGL059W"
"YGL060W",6.27591545421828,-1.18340090121566,2.90576681972695,-0.407259417094885,0.68381746603397,0.999436863219939,"YGL060W"
"YGL061C",3.83049783075703,1.72709836596694,2.65912846486667,0.649497904590155,0.516016600406273,0.999436863219939,"YGL061C"
"YGL062W",320.060184650278,0.487081691879011,0.429151187293187,1.13498856883331,0.256380107973941,0.999436863219939,"YGL062W"
"YGL063W",2.30187850348347,-4.88330532795252,2.33643849509253,-2.09006371800903,0.0366120763246852,0.917167301567517,"YGL063W"
"YGL064C",5.66463188110142,1.00738137803138,2.63843880523726,0.3818096428963,0.702602565690031,0.999436863219939,"YGL064C"
"YGL065C",8.9904398023267,-2.04008284145662,1.49717326851619,-1.36262307400031,0.173001333005838,0.999436863219939,"YGL065C"
"YGL066W",11.7831260254207,-0.642041127754387,1.52702180728234,-0.420453149190472,0.67415444823893,0.999436863219939,"YGL066W"
"YGL067W",21.3324346424255,0.0183485009008727,1.50632130412336,0.0121810007271662,0.99028120792577,0.999436863219939,"YGL067W"
"YGL068W",5.41323492091753,0.567305510728425,0.87891281223139,0.645462784059485,0.518627328192528,0.999436863219939,"YGL068W"
"YGL070C",10.2605484514082,-0.0767258618773954,1.34326406013065,-0.0571189717306461,0.954450423838903,0.999436863219939,"YGL070C"
"YGL071W",19.817191249641,0.735245432548578,1.50299822070163,0.489185830310131,0.624710140323199,0.999436863219939,"YGL071W"
"YGL073W",41.928313778694,1.56275489829983,0.945064973728597,1.65359519370847,0.0982097899091698,0.999436863219939,"YGL073W"
"YGL074C",0.415232678056207,-0.762010278091258,3.59260776194216,-0.212105058103898,0.832025073686956,0.999436863219939,"YGL074C"
"YGL075C",0.235250695086144,2.47868384016648,5.05931464409585,0.489924824711006,0.624187095708906,0.999436863219939,"YGL075C"
"YGL076C",407.140004897927,-0.175709786920135,0.298356440270117,-0.588925738492711,0.555911090931187,0.999436863219939,"YGL076C"
"YGL077C",19.9001911432024,0.312745391262954,1.54200064631444,0.202817937859139,0.839277336933169,0.999436863219939,"YGL077C"
"YGL078C",34.400575849313,-0.681347323849758,1.11807820382605,-0.609391473260272,0.542264988346091,0.999436863219939,"YGL078C"
"YGL079W",8.00653166104462,-3.3687573189561,1.62002276710514,-2.07945060239852,0.0375759536015325,0.91854560433764,"YGL079W"
"YGL080W",7.12008649109117,0.156997381971524,1.38726035949827,0.113170812455353,0.909895135264039,0.999436863219939,"YGL080W"
"YGL081W",5.65482446535327,1.97670524527135,3.11966732389501,0.633626935196207,0.526324318238278,0.999436863219939,"YGL081W"
"YGL082W",9.56424501524285,0.0984168787831561,1.89642928858695,0.0518958863246031,0.958611652098332,0.999436863219939,"YGL082W"
"YGL083W",11.998766853996,-0.906056803992217,1.89791333531704,-0.477396299995365,0.633079948430688,0.999436863219939,"YGL083W"
"YGL084C",58.4582898940887,0.646455533430441,1.09548718094098,0.590107802881969,0.555118377907507,0.999436863219939,"YGL084C"
"YGL085W",0.456154887026847,-3.19801978156503,5.05852834938686,-0.63220358979557,0.527253851905901,0.999436863219939,"YGL085W"
"YGL086W",19.580725972731,1.70795075205679,1.22668556803496,1.39232970254372,0.163822581002995,0.999436863219939,"YGL086W"
"YGL087C",19.139219005013,2.06655895633673,1.05842651203775,1.95248222983196,0.0508809786995125,0.999436863219939,"YGL087C"
"YGL088W",0.032178246208731,0.461241961932467,5.07085675729695,0.0909593751132372,0.927524871154559,0.999436863219939,"YGL088W"
"YGL089C",10.4283035434712,0.392816053719393,1.3605403217172,0.288720626246197,0.772795177130576,0.999436863219939,"YGL089C"
"YGL090W",14.7298858818643,-4.81622394430118,1.98127420050563,-2.43087198282401,0.0150625354906221,0.641448832822062,"YGL090W"
"YGL091C",26.9307083549503,1.17642650954272,1.59132257141496,0.739275952390136,0.459739448580947,0.999436863219939,"YGL091C"
"YGL092W",42.2340754544786,1.56137075837063,1.3346582930526,1.16986555022971,0.242055079326921,0.999436863219939,"YGL092W"
"YGL093W",17.1615183321954,0.739989760628297,1.69762257004149,0.435897692271028,0.662910959555053,0.999436863219939,"YGL093W"
"YGL094C",33.8394549331911,2.15469736154657,1.34034103233419,1.60757397525478,0.107928515779203,0.999436863219939,"YGL094C"
"YGL095C",18.1741641608318,0.559723720391686,1.89459268820924,0.295432218162277,0.767663724512408,0.999436863219939,"YGL095C"
"YGL096W",13.4795862139796,-2.73421163258503,1.63075898034189,-1.67664974747635,0.0936109927030036,0.999436863219939,"YGL096W"
"YGL097W",17.9354240106219,0.83730552538574,1.14179194538772,0.733325829428071,0.463359724907386,0.999436863219939,"YGL097W"
"YGL098W",4.7853731452098,-3.26969215966106,2.46151067535007,-1.32832743420707,0.184069960461039,0.999436863219939,"YGL098W"
"YGL099W",19.229745192794,0.198488000620528,1.32262109254443,0.150071703634093,0.880708044360588,0.999436863219939,"YGL099W"
"YGL100W",17.562390230256,-1.12415511203855,1.65806491175458,-0.6779922209734,0.497776625491872,0.999436863219939,"YGL100W"
"YGL101W",5.74667486806139,-0.618390912357872,1.97461862001856,-0.313169796986955,0.754151663608298,0.999436863219939,"YGL101W"
"YGL102C",3.93668951285611,0.0782443994416261,0.321306641219893,0.243519396749966,0.807603060856705,0.999436863219939,"YGL102C"
"YGL103W",9.05283103833202,0.392779645748455,0.424311039498102,0.925688019366774,0.354608135821657,0.999436863219939,"YGL103W"
"YGL104C",24.0553677969846,0.928485139900968,2.22105670119125,0.418037567164755,0.67591965066763,0.999436863219939,"YGL104C"
"YGL105W",110.550709930618,0.329388618555545,0.567634241652525,0.580283207715962,0.561723649560861,0.999436863219939,"YGL105W"
"YGL106W",8.63698272373671,-1.40052548686146,1.49939418333411,-0.934060904349517,0.350272477324863,0.999436863219939,"YGL106W"
"YGL107C",23.0284012701488,-0.436580637327493,1.87492136255191,-0.232852772413491,0.815875732554415,0.999436863219939,"YGL107C"
"YGL108C",0.808313437827247,0.362325119362775,2.26070265128637,0.160271019789625,0.872667586607546,0.999436863219939,"YGL108C"
"YGL109W",0.822036257963121,-1.91340598885024,2.13134635356278,-0.897745214264109,0.369321398464942,0.999436863219939,"YGL109W"
"YGL110C",4.18095938347801,-1.95745992918248,1.60545698271117,-1.21925405056751,0.222747782803682,0.999436863219939,"YGL110C"
"YGL111W",15.3580030329563,-0.287970835834037,1.13205943175591,-0.254377842501937,0.79920366720448,0.999436863219939,"YGL111W"
"YGL112C",23.6598295230086,0.958456565962593,1.26516118620108,0.75757664431721,0.448704466492804,0.999436863219939,"YGL112C"
"YGL113W",12.0033206735272,3.46527996602957,2.04657584044978,1.69320867447942,0.0904157540317532,0.999436863219939,"YGL113W"
"YGL114W",36.5636985440931,-4.96358887546286,1.57570530723188,-3.15007435253401,0.0016322891539257,0.170731718170263,"YGL114W"
"YGL115W",43.467481360883,0.588273344454051,1.17265870074854,0.501657766303647,0.615908277552924,0.999436863219939,"YGL115W"
"YGL116W",19.7438504623371,3.25406652962847,1.86290652903969,1.7467685463027,0.0806774946839065,0.999436863219939,"YGL116W"
"YGL117W",24.1286101506012,-4.00371166130092,2.45089107409418,-1.63357388813399,0.102348354360282,0.999436863219939,"YGL117W"
"YGL119W",9.2472142105588,0.363780433467409,1.57937773286486,0.230331494421884,0.817834189422721,0.999436863219939,"YGL119W"
"YGL120C",25.4517792237118,-0.595741458018079,1.42235245903417,-0.418842358118894,0.67533134586623,0.999436863219939,"YGL120C"
"YGL121C",30.9316501733584,0.557840260679522,1.45791083002756,0.382629890107186,0.701994204711803,0.999436863219939,"YGL121C"
"YGL122C",21.0967243932757,0.667636134454071,1.22152357757195,0.546560170194295,0.584680939136169,0.999436863219939,"YGL122C"
"YGL123W",518.788022722446,-0.345467316461763,0.222196152033923,-1.55478532503578,0.11999720529615,0.999436863219939,"YGL123W"
"YGL124C",15.370205615657,1.58341640211179,2.35605030390112,0.672063919641268,0.501543004712776,0.999436863219939,"YGL124C"
"YGL125W",11.6138975120479,0.424268170241027,1.67783826387995,0.252865952204427,0.800371800785759,0.999436863219939,"YGL125W"
"YGL126W",20.9340517232794,0.448590799222109,1.21377352489046,0.369583608492856,0.71169276620298,0.999436863219939,"YGL126W"
"YGL127C",12.4149193389626,0.45020711242588,1.72862206325092,0.260442766523066,0.794522257896776,0.999436863219939,"YGL127C"
"YGL128C",8.78841576125033,-0.349730615504232,2.15978390836372,-0.16192852171456,0.871362142138346,0.999436863219939,"YGL128C"
"YGL129C",36.7273827610663,-2.27497677254698,1.55737510020721,-1.460776387297,0.144076817930612,0.999436863219939,"YGL129C"
"YGL130W",12.1082159330601,-0.265627369961975,1.69822327782841,-0.156414868074147,0.875706018388048,0.999436863219939,"YGL130W"
"YGL131C",25.4768150595952,1.54356063475734,1.74361195104935,0.885266147567059,0.376013103483643,0.999436863219939,"YGL131C"
"YGL133W",28.6061335078949,0.601197842021609,1.42672905930671,0.421381928194374,0.67347621336132,0.999436863219939,"YGL133W"
"YGL134W",14.6072446829879,2.20798250229887,2.03789608791069,1.08346176990926,0.278603511001627,0.999436863219939,"YGL134W"
"YGL135W",196.694448267993,-0.192447256834953,0.371467372490179,-0.518073109745434,0.604407260978636,0.999436863219939,"YGL135W"
"YGL136C",27.6707659500859,-0.896675920557583,0.991600955224305,-0.904270932609933,0.36585175591292,0.999436863219939,"YGL136C"
"YGL137W",98.7375113051072,0.15291903729924,0.798771209587425,0.191442850548187,0.848178650964893,0.999436863219939,"YGL137W"
"YGL139W",5.83088739723234,-4.23326699349373,2.53818617675159,-1.66783155320447,0.0953491702704482,0.999436863219939,"YGL139W"
"YGL140C",37.1277965044475,0.68859253035859,1.46209443567641,0.470963101668619,0.637667084768692,0.999436863219939,"YGL140C"
"YGL141W",8.04723599639079,-0.0116837186692621,1.91370577179179,-0.00610528475248458,0.995128717819142,0.999436863219939,"YGL141W"
"YGL142C",5.94916734873048,0.939181797152514,1.95203735107522,0.481129009460395,0.630424811515601,0.999436863219939,"YGL142C"
"YGL143C",29.957890112816,-2.42688566472459,1.56820817072575,-1.54755325857118,0.121729892393877,0.999436863219939,"YGL143C"
"YGL144C",4.10579531302376,0.166935235740873,1.95016661417546,0.0856004992227058,0.931784001595648,0.999436863219939,"YGL144C"
"YGL145W",6.92848508850473,-0.379096855012449,1.83411870347822,-0.206691559435891,0.836250749660189,0.999436863219939,"YGL145W"
"YGL147C",313.087355648799,-0.291080687889018,0.408616447525678,-0.712356758156991,0.47624388537974,0.999436863219939,"YGL147C"
"YGL148W",118.153808900841,1.05747539970877,0.64879531177784,1.62990604357338,0.103121356159798,0.999436863219939,"YGL148W"
"YGL149W",4.41046089542986,-0.790050693684263,1.32069039362412,-0.598210373527647,0.549699570577026,0.999436863219939,"YGL149W"
"YGL150C",82.7228766235719,-0.15082558553983,0.830317867822325,-0.181648006606675,0.85585897170526,0.999436863219939,"YGL150C"
"YGL151W",8.26587991034441,0.656380707763005,1.80058665094243,0.364537139836872,0.7154569452644,0.999436863219939,"YGL151W"
"YGL153W",6.04697063521871,1.78660884278425,1.68299350056276,1.06156609766279,0.288432711352565,0.999436863219939,"YGL153W"
"YGL154C",8.43524274765428,2.05024767271682,1.77151966834953,1.15733836284583,0.247134145793877,0.999436863219939,"YGL154C"
"YGL155W",19.5083280956609,0.798755732550687,2.02352486801087,0.39473482395888,0.693038599625986,0.999436863219939,"YGL155W"
"YGL156W",42.8422171794354,0.799715035438505,1.63299184755436,0.489723838264222,0.624329330931614,0.999436863219939,"YGL156W"
"YGL157W",79.5817089936918,1.05164247482536,0.755300262296288,1.39235020470947,0.163816375515992,0.999436863219939,"YGL157W"
"YGL158W",0.0118873867547829,0.350275165096867,5.07085675729695,0.0690761308910613,0.944929020425856,0.999436863219939,"YGL158W"
"YGL159W",8.60563533550997,0.604795418791498,2.28152530689421,0.265083809048252,0.790944899813916,0.999436863219939,"YGL159W"
"YGL160W",17.8157965592033,0.0714096794783667,1.65812961307705,0.0430664038053389,0.965648600319328,0.999436863219939,"YGL160W"
"YGL161C",55.3342420206596,0.0834751062173918,1.30000163861517,0.0642115392302998,0.948801789380659,0.999436863219939,"YGL161C"
"YGL162W",0.850473948704759,1.2330438831287,3.78376332831629,0.325877645121473,0.744516929862607,0.999436863219939,"YGL162W"
"YGL163C",13.1569586946011,1.87374439991071,2.02390656232377,0.925805783128322,0.35454692123032,0.999436863219939,"YGL163C"
"YGL164C",16.1086156589625,0.443403458653821,1.94510226665392,0.227958943987346,0.8196781581552,0.999436863219939,"YGL164C"
"YGL165C",9.47518054839307,-1.87002673823983,1.6454153091236,-1.13650743849944,0.255744254208845,0.999436863219939,"YGL165C"
"YGL166W",3.70779799448397,-0.56506740763841,2.3829076887515,-0.237133570178067,0.812553169742281,0.999436863219939,"YGL166W"
"YGL167C",88.2305466287466,0.721035006121923,0.972830184518426,0.741172526918306,0.458588838857431,0.999436863219939,"YGL167C"
"YGL168W",6.49278326290628,0.585032063958908,0.891384396892024,0.656318492895691,0.511619221293541,0.999436863219939,"YGL168W"
"YGL169W",14.009621529611,0.268145949946141,1.8672504892107,0.143604701937708,0.885812627537021,0.999436863219939,"YGL169W"
"YGL170C",0.620165885598916,-0.0348606091055582,3.47728726463943,-0.010025231294537,0.992001156719476,0.999436863219939,"YGL170C"
"YGL171W",13.4011613682973,-0.785540838079377,1.81617433561154,-0.432525018483355,0.665359872795394,0.999436863219939,"YGL171W"
"YGL172W",17.6989785722921,0.992260271625282,1.57672285517976,0.629318125481321,0.52914080731688,0.999436863219939,"YGL172W"
"YGL173C",118.290956235605,1.26556112558567,0.60904919823643,2.07792922025058,0.0377158787467269,0.91854560433764,"YGL173C"
"YGL174W",6.84038059957671,1.50843504543577,1.34583573136227,1.12081661252144,0.262365931346043,0.999436863219939,"YGL174W"
"YGL175C",4.39364610416221,1.46386357526994,1.96223746922859,0.746017542843795,0.455656817833621,0.999436863219939,"YGL175C"
"YGL176C",9.49158658765677,-1.95991640005186,2.37924570267852,-0.82375535987957,0.410078576829243,0.999436863219939,"YGL176C"
"YGL178W",23.9070664816397,0.865280846255258,1.31498082405948,0.658017843624553,0.510526665373336,0.999436863219939,"YGL178W"
"YGL179C",8.88597201964656,-3.50460445494515,2.34465215296838,-1.49472255426386,0.13498686550242,0.999436863219939,"YGL179C"
"YGL180W",12.988231405837,1.04398330632181,2.48304235238515,0.420445227331294,0.674160234265568,0.999436863219939,"YGL180W"
"YGL181W",18.397243134041,0.626070406701096,1.29669335967187,0.482820708559442,0.629223045587996,0.999436863219939,"YGL181W"
"YGL182C",0.306920059250886,0.12830779360143,5.07085675729252,0.0253029812796246,0.979813295976481,0.999436863219939,"YGL182C"
"YGL183C",0.0702841489035665,0.461236735521332,5.07085675729695,0.0909583444370842,0.927525690120269,0.999436863219939,"YGL183C"
"YGL184C",0.402727743527994,2.22199204506785,5.0645340914987,0.438735726707353,0.660853036730662,0.999436863219939,"YGL184C"
"YGL185C",2.21494311241043,2.9143259586749,3.28657197845007,0.886737298858517,0.375220352094359,0.999436863219939,"YGL185C"
"YGL186C",21.1892807248043,0.754029722502952,1.69903905451688,0.443797757619739,0.657188809772718,0.999436863219939,"YGL186C"
"YGL187C",11.3414203135429,-5.24721033695723,1.64181005635563,-3.19599110545383,0.00139351407527008,0.151056925759277,"YGL187C"
"YGL188C",3.28125869860382,-3.66645908006009,1.55585058482888,-2.35656245902517,0.0184449654835525,0.691114032018892,"YGL188C"
"YGL189C",216.35250217016,-0.206534722287294,0.184719760229354,-1.11809760921547,0.263525307422549,0.999436863219939,"YGL189C"
"YGL190C",22.9091482145698,-1.66074028761153,1.4934556025036,-1.11201182333609,0.266133066811861,0.999436863219939,"YGL190C"
"YGL191W",26.3150959121968,0.00665799179223479,0.862938624674219,0.00771548705998454,0.993843993072381,0.999436863219939,"YGL191W"
"YGL194C",0.959407557857154,0.595562356003102,4.03924364616582,0.147444028678099,0.882781555395763,0.999436863219939,"YGL194C"
"YGL195W",88.5790008228279,-0.477926878966719,0.812905460502208,-0.587924306316578,0.55658310081406,0.999436863219939,"YGL195W"
"YGL196W",35.4827628331823,0.209552128972934,1.51484098888791,0.138332756051691,0.889977438775789,0.999436863219939,"YGL196W"
"YGL197W",24.5107820377538,-0.0617407908044695,1.68131629155777,-0.0367216990131378,0.970706906999404,0.999436863219939,"YGL197W"
"YGL198W",12.7256976439072,0.927327299849904,1.0786218519443,0.859733462824184,0.389935984360784,0.999436863219939,"YGL198W"
"YGL200C",56.6961713697005,-0.168559471776306,0.884816794239457,-0.190502116227564,0.848915685042626,0.999436863219939,"YGL200C"
"YGL201C",12.739700830715,-0.756861686143272,1.66780132737807,-0.453808060779711,0.649966981342498,0.999436863219939,"YGL201C"
"YGL202W",70.3153453207185,-0.343719177986919,0.750437766388613,-0.458024893444561,0.646934556928264,0.999436863219939,"YGL202W"
"YGL203C",17.6321128451239,0.105127463287252,1.33948596118679,0.0784834379257763,0.93744350420283,0.999436863219939,"YGL203C"
"YGL204C",0.946160601865261,-1.79226272117499,3.99522771608231,-0.44860089300053,0.65371958948582,0.999436863219939,"YGL204C"
"YGL205W",25.447844049344,0.995860498643353,2.0633535891362,0.482641707115386,0.629350160031417,0.999436863219939,"YGL205W"
"YGL206C",77.7577431878014,-0.194334828531062,0.734346131792765,-0.264636552325306,0.791289459019782,0.999436863219939,"YGL206C"
"YGL207W",56.1790682659299,1.1073637443079,0.7930796604417,1.39628312203993,0.16262925427545,0.999436863219939,"YGL207W"
"YGL208W",13.3962984900576,-1.80571150864414,1.77109788820684,-1.0195435953415,0.307944967384673,0.999436863219939,"YGL208W"
"YGL209W",25.6309642591435,1.82077628814775,1.34002581323761,1.35876210007373,0.174221986641566,0.999436863219939,"YGL209W"
"YGL210W",13.2726109212542,-0.981451797026618,1.53921728087347,-0.637630443227395,0.523714273613939,0.999436863219939,"YGL210W"
"YGL211W",26.9081327797964,-23.3783624147175,2.04002840544005,-11.4598220065836,2.0994581379257e-30,4.17232313943767e-27,"YGL211W"
"YGL212W",3.3658538160498,-2.07079230627445,2.61017436470692,-0.793354012771849,0.427571595935615,0.999436863219939,"YGL212W"
"YGL213C",2.7727601979924,0.321498932722817,2.5404311891005,0.126552899406282,0.899294277928166,0.999436863219939,"YGL213C"
"YGL214W",0.646030035916953,1.85134282778473,1.63122143470452,1.13494268061778,0.256399335511603,0.999436863219939,"YGL214W"
"YGL215W",91.2571512151153,0.471550500408784,0.870253966706615,0.541853893747038,0.587919161037028,0.999436863219939,"YGL215W"
"YGL216W",23.2868838717677,2.03995535829831,1.77020648511179,1.15238271662386,0.249163839977284,0.999436863219939,"YGL216W"
"YGL217C",0.513714987544368,-0.965472110520738,2.93419978172966,-0.329041027312602,0.742124677733832,0.999436863219939,"YGL217C"
"YGL219C",7.09677078359614,1.49890766525184,0.758971289509528,1.9749201135401,0.0482772144650998,0.999436863219939,"YGL219C"
"YGL220W",24.8841313279513,0.303368897135718,0.745196060979204,0.407099437344159,0.683934956636598,0.999436863219939,"YGL220W"
"YGL221C",52.0728747645866,0.191547469127399,0.956570383560474,0.200243988753275,0.841289765740645,0.999436863219939,"YGL221C"
"YGL222C",1.75500521433584,0.404554797411573,1.68930935305501,0.239479404219222,0.810733864948456,0.999436863219939,"YGL222C"
"YGL223C",2.65321283000104,3.05761062143943,2.52515109893973,1.21086244016181,0.225948129737606,0.999436863219939,"YGL223C"
"YGL224C",28.5949887914292,2.5851598041877,1.0389117841939,2.48833427776887,0.0128343036648127,0.602504869681994,"YGL224C"
"YGL225W",50.686506031949,0.485627048840198,0.936328226372012,0.518650442400797,0.604004526373124,0.999436863219939,"YGL225W"
"YGL226C-A",18.7597130033676,-2.16845763901488,0.910369100191258,-2.38195435077851,0.0172210320694921,0.672250780778384,"YGL226C-A"
"YGL226W",14.7220569547811,0.207716083698539,1.25317653597064,0.165751654085714,0.868352394161765,0.999436863219939,"YGL226W"
"YGL227W",33.303225824749,-1.03316452616362,1.58301573846246,-0.652655877677566,0.513978153407874,0.999436863219939,"YGL227W"
"YGL228W",23.6315741322458,0.381992838623201,1.25713755673591,0.303859220955124,0.761235146636183,0.999436863219939,"YGL228W"
"YGL229C",5.07443329621779,0.0674530204042114,2.2552545605709,0.0299092712563394,0.976139411765288,0.999436863219939,"YGL229C"
"YGL230C",0.181159200288188,0.637491153811634,5.07085675729553,0.125716655848041,0.899956217013692,0.999436863219939,"YGL230C"
"YGL231C",35.6512925887176,-0.794254407653375,0.995941840149141,-0.797490752607036,0.425166071355974,0.999436863219939,"YGL231C"
"YGL232W",26.296975889824,0.449779908926391,1.0689887714928,0.420752697241422,0.673935676242195,0.999436863219939,"YGL232W"
"YGL233W",18.7135293230115,-0.0995055178297876,1.52318084938399,-0.0653274480637212,0.94791328862227,0.999436863219939,"YGL233W"
"YGL234W",57.8557518650248,0.74578840919243,1.22588543853024,0.608367132647063,0.54294400523295,0.999436863219939,"YGL234W"
"YGL236C",8.14695333827873,2.62420596994772,2.66531726472702,0.984575459243306,0.324832648995319,0.999436863219939,"YGL236C"
"YGL237C",15.7331031048922,1.50463346067119,1.84026335383754,0.817618553091081,0.413575030208902,0.999436863219939,"YGL237C"
"YGL238W",65.6707443845461,1.00001109834042,1.04152174096491,0.960144238001184,0.336982626606102,0.999436863219939,"YGL238W"
"YGL240W",1.91791863401036,0.630895556009989,4.41181642873343,0.143001316170154,0.886289141723859,0.999436863219939,"YGL240W"
"YGL241W",11.8836184354026,-1.61117716445099,1.93762336513257,-0.831522365720829,0.405678598774185,0.999436863219939,"YGL241W"
"YGL242C",15.4834624425927,-0.264988602058942,1.08037689278314,-0.245274222198801,0.806244109937573,0.999436863219939,"YGL242C"
"YGL243W",7.8767297532678,0.066969291086192,1.50371416745699,0.0445359181522159,0.964477221823745,0.999436863219939,"YGL243W"
"YGL244W",27.9876366868467,0.52681256577528,1.08984840184844,0.483381509650131,0.628824874581687,0.999436863219939,"YGL244W"
"YGL245W",167.36905149794,-0.476605317395068,0.545822513217265,-0.873187356427994,0.382560965215221,0.999436863219939,"YGL245W"
"YGL246C",18.1335746126208,1.46721224593232,1.21348279564206,1.20909192219409,0.226627532239596,0.999436863219939,"YGL246C"
"YGL247W",8.51592541908777,-1.11846764661502,1.44392314535448,-0.77460330919513,0.438574101298019,0.999436863219939,"YGL247W"
"YGL248W",58.1665581506841,-1.78610973145025,1.35768827537128,-1.31555215129321,0.188324402422832,0.999436863219939,"YGL248W"
"YGL249W",0.3155749008344,0.461207276050306,5.07085675729442,0.0909525348723092,0.927530306347985,0.999436863219939,"YGL249W"
"YGL250W",3.56597249920811,-0.200879173510037,3.25926244490127,-0.0616333225402846,0.950854839827214,0.999436863219939,"YGL250W"
"YGL251C",1.42047508124713,-3.76490188838567,3.75010230764442,-1.00394644719721,0.315404427037825,0.999436863219939,"YGL251C"
"YGL252C",54.3726944045215,0.0873289406217974,1.19664070413233,0.0729784139217612,0.94182329489414,0.999436863219939,"YGL252C"
"YGL253W",188.396725863819,-0.436436134765991,0.530160844056665,-0.823214576592426,0.410385981036401,0.999436863219939,"YGL253W"
"YGL254W",4.74136775818496,-4.27912451791339,3.22034717014121,-1.32877739319197,0.18392142268206,0.999436863219939,"YGL254W"
"YGL255W",2.96603692393403,-2.63327469323374,3.25912893851501,-0.807968860057919,0.419108508650553,0.999436863219939,"YGL255W"
"YGL256W",10.7822377768215,-0.890913510093284,1.81814661910308,-0.490011916933733,0.624125466142256,0.999436863219939,"YGL256W"
"YGL257C",31.5068219783787,0.0990294063439654,1.67648184908829,0.059069775433489,0.952896532300863,0.999436863219939,"YGL257C"
"YGL258W",0.007778409202595,0.350276251490323,5.07085675729695,0.0690763451336455,0.944928849892344,0.999436863219939,"YGL258W"
"YGL262W",0.139777293365764,0.461230410487449,5.07085675729684,0.0909570971066674,0.92752668123755,0.999436863219939,"YGL262W"
"YGL263W",0.157693784255501,-2.03319421375308,5.06284476060848,-0.401591261413419,0.687984862067276,0.999436863219939,"YGL263W"
"YGR001C",8.74001115732439,-0.0438945807118175,1.01350928620775,-0.0433095002770599,0.965454818203653,0.999436863219939,"YGR001C"
"YGR002C",3.50116678521169,0.613667265574837,1.93471426498564,0.317187543753078,0.751101300961944,0.999436863219939,"YGR002C"
"YGR003W",2.22516623178061,0.869833332052097,3.06576233688631,0.283724971628273,0.776621156219656,0.999436863219939,"YGR003W"
"YGR004W",9.22702696998596,4.25623468580744,2.45000581045427,1.73723452721864,0.0823457828232829,0.999436863219939,"YGR004W"
"YGR005C",22.7313249929067,0.948923039703023,1.32476959835019,0.716292886615733,0.473810518195308,0.999436863219939,"YGR005C"
"YGR006W",0.258814773658021,-0.959156970724377,5.06529733951034,-0.189358473241592,0.849811869163965,0.999436863219939,"YGR006W"
"YGR007W",41.6265679540295,1.50572065082091,1.26125216404756,1.19382998399687,0.232544480208226,0.999436863219939,"YGR007W"
"YGR008C",39.4588571230201,1.23594778986955,0.88237424392649,1.40070701108601,0.161301705275296,0.999436863219939,"YGR008C"
"YGR009C",16.6246740083245,-0.187282423915124,1.23097541036865,-0.152141482549223,0.879075346674396,0.999436863219939,"YGR009C"
"YGR010W",25.4242682828534,0.80915322353551,1.40467232371497,0.576044113544946,0.564585364708822,0.999436863219939,"YGR010W"
"YGR011W",4.47307977285081,0.762783306595361,1.2513616235152,0.609562649406356,0.542151560079714,0.999436863219939,"YGR011W"
"YGR012W",11.2467402304226,-2.38735711649381,2.37704637425023,-1.00433762771954,0.315215902687292,0.999436863219939,"YGR012W"
"YGR013W",21.8190238879573,1.98624566135142,1.76006166435156,1.12850913214065,0.259104962344806,0.999436863219939,"YGR013W"
"YGR014W",82.8710630526031,-0.580586888416904,1.03637045158484,-0.56021173464475,0.57533502384318,0.999436863219939,"YGR014W"
"YGR015C",12.7881636702989,-3.11090347393245,2.19507602385174,-1.41721901206578,0.156418904895462,0.999436863219939,"YGR015C"
"YGR016W",0.964702596727963,-4.09073532764928,5.0563663674332,-0.809026686435676,0.418499796314643,0.999436863219939,"YGR016W"
"YGR017W",7.95191932657468,-0.761515769421926,1.74824950928514,-0.435587577961518,0.663135985069191,0.999436863219939,"YGR017W"
"YGR018C",1.02897733902602,2.2572583553279,1.28492496384353,1.75672387014404,0.0789648868323712,0.999436863219939,"YGR018C"
"YGR019W",39.8701687510681,-0.156664022432452,1.18646078344242,-0.132043152726804,0.89495015961066,0.999436863219939,"YGR019W"
"YGR020C",30.503592625394,0.227512925154984,0.841817953163892,0.270263807394341,0.786957307125342,0.999436863219939,"YGR020C"
"YGR021W",10.0286007018339,-0.782529584222932,2.10049545086961,-0.372545241123451,0.70948693454002,0.999436863219939,"YGR021W"
"YGR023W",0.662972566691878,0.461178072845138,5.0708567572917,0.0909467758445318,0.927534882421866,0.999436863219939,"YGR023W"
"YGR024C",2.09926156795171,-1.07036687388551,3.08167432370314,-0.347332898110819,0.728341238277542,0.999436863219939,"YGR024C"
"YGR025W",0.365306404817916,0.0866052663325186,1.9132018439483,0.0452671873626204,0.963894341307326,0.999436863219939,"YGR025W"
"YGR026W",17.5583146905492,-0.639724131950789,0.910961236295695,-0.702251760516335,0.482522171176788,0.999436863219939,"YGR026W"
"YGR027C",288.476830786723,-0.0379241058131765,0.241986758893333,-0.156719756017284,0.875465716429887,0.999436863219939,"YGR027C"
"YGR028W",16.2140428817682,1.40188438269738,2.03683387111339,0.688266432809795,0.491285015884192,0.999436863219939,"YGR028W"
"YGR029W",11.7998891160448,-1.61497222506392,1.5051231731773,-1.07298343009013,0.283278550705928,0.999436863219939,"YGR029W"
"YGR030C",4.50847329251151,-2.58392278681978,1.98104222834935,-1.30432494060097,0.19212281512032,0.999436863219939,"YGR030C"
"YGR031W",1.9559738445813,-2.31550921767389,2.47163967371511,-0.936831222729751,0.348845381923415,0.999436863219939,"YGR031W"
"YGR032W",48.0944317408918,2.52619370187052,1.67864359256486,1.50490176298273,0.132349334996154,0.999436863219939,"YGR032W"
"YGR033C",37.496854584633,-0.807360894950597,1.27061369976955,-0.63541019201747,0.525160922566954,0.999436863219939,"YGR033C"
"YGR034W",212.023875116441,-0.158892065087223,0.344854178875105,-0.460751456182204,0.644976933108659,0.999436863219939,"YGR034W"
"YGR035C",3.1050174808752,-1.23845624448107,2.4885509814192,-0.497661592520313,0.61872258328514,0.999436863219939,"YGR035C"
"YGR036C",0.18493164614066,-2.16998610651656,5.06214027534097,-0.42866969078023,0.668163620849054,0.999436863219939,"YGR036C"
"YGR037C",102.245591425284,0.215628964108647,0.357719244762671,0.602788268357513,0.546649552186996,0.999436863219939,"YGR037C"
"YGR038W",17.2661709520509,-0.908368953658924,1.59910575413239,-0.568048080192026,0.570002320927626,0.999436863219939,"YGR038W"
"YGR039W",0.316284681160231,-1.11259290811062,4.9640381074992,-0.224130613830264,0.822655671977999,0.999436863219939,"YGR039W"
"YGR040W",4.78018552952425,0.482306771221643,2.90460741769892,0.166048867149053,0.868118493509526,0.999436863219939,"YGR040W"
"YGR041W",6.34153328114866,0.754529175797378,2.53652079781225,0.297466189296835,0.766110617372174,0.999436863219939,"YGR041W"
"YGR042W",14.9276027559424,-0.268300462878381,1.40767510183329,-0.190598286869576,0.848840332468116,0.999436863219939,"YGR042W"
"YGR043C",227.640145479796,0.121690032208472,1.35994582274748,0.0894815294646245,0.928699232044966,0.999436863219939,"YGR043C"
"YGR044C",81.28470034131,-0.665870960612567,1.09704468493865,-0.606967947390224,0.543872183732653,0.999436863219939,"YGR044C"
"YGR045C",1.01097061406916,-0.551647719906359,1.9433195304768,-0.283868767464613,0.776510952262456,0.999436863219939,"YGR045C"
"YGR046W",5.31765573854438,1.11447853174617,2.5912162011856,0.43009862752334,0.667123898369123,0.999436863219939,"YGR046W"
"YGR047C",21.5827328282063,2.216165328287,1.63009500974598,1.35953138623027,0.173978263784279,0.999436863219939,"YGR047C"
"YGR048W",15.7179570260331,1.88355605473635,1.32923511930245,1.41702248713139,0.15647635301981,0.999436863219939,"YGR048W"
"YGR049W",26.3493556161183,-0.295002094561537,1.32524382728374,-0.222602126860069,0.823845180987483,0.999436863219939,"YGR049W"
"YGR050C",0.538117462073268,0.239258168384387,4.94338120803609,0.0483997001880904,0.96139769824177,0.999436863219939,"YGR050C"
"YGR051C",1.28718745962661,-2.15484162174715,2.24463493894303,-0.959996471747802,0.337056990666082,0.999436863219939,"YGR051C"
"YGR052W",3.19106378942706,-1.86973773959892,3.04298329750988,-0.614442327412364,0.538923072651018,0.999436863219939,"YGR052W"
"YGR053C",2.09136754130135,-1.2085485862756,2.97964778381464,-0.405601156230747,0.685035679171471,0.999436863219939,"YGR053C"
"YGR054W",16.8064918929177,-0.837831726782935,1.25237464461887,-0.668994482108754,0.503498997838849,0.999436863219939,"YGR054W"
"YGR055W",48.0064589456957,0.372594362344617,1.1913686404291,0.312744812731028,0.75447454647853,0.999436863219939,"YGR055W"
"YGR056W",37.1582628097836,0.760247933697835,1.38345879909546,0.549526978465063,0.582643855429058,0.999436863219939,"YGR056W"
"YGR057C",4.99794173925748,1.66470089629089,2.3943149790505,0.695272305797899,0.486884666486357,0.999436863219939,"YGR057C"
"YGR058W",3.01494215004848,-2.13352587186267,2.40221771786707,-0.88814842051745,0.374460919639003,0.999436863219939,"YGR058W"
"YGR059W",0.202564275442693,3.26871492425343,5.0566193548837,0.646422974491148,0.518005465600976,0.999436863219939,"YGR059W"
"YGR060W",135.027505310217,0.89202162444904,0.646364976191728,1.38005872425929,0.16756856456444,0.999436863219939,"YGR060W"
"YGR061C",69.2261368486083,-0.0542339011674953,1.12028837494362,-0.0484106613801333,0.961388962715805,0.999436863219939,"YGR061C"
"YGR062C",12.9283005639574,-1.94920112013863,2.83612160406098,-0.687276990291111,0.491908195842264,0.999436863219939,"YGR062C"
"YGR063C",4.69726620982065,0.451160868767927,0.956734000238568,0.471563536631318,0.63723835860241,0.999436863219939,"YGR063C"
"YGR064W",0.321231375885828,-1.14234124652223,3.42400037232752,-0.333627664224145,0.738660540180864,0.999436863219939,"YGR064W"
"YGR065C",19.3059298660026,0.402023034089334,2.07777722013549,0.193487073683057,0.846577528488476,0.999436863219939,"YGR065C"
"YGR066C",45.9198811804805,-1.27619800442814,1.64241821956738,-0.777023774592745,0.437144743774556,0.999436863219939,"YGR066C"
"YGR067C",0.324960498834679,-1.71501357633462,5.06476575667468,-0.33861656367315,0.734898603032119,0.999436863219939,"YGR067C"
"YGR068C",1.09794629527548,-1.16828634704634,3.69679111346705,-0.31602714656784,0.751981903273178,0.999436863219939,"YGR068C"
"YGR069W",0.322524935437625,0.304614418691846,2.63335667840105,0.115675336041757,0.907909853996016,0.999436863219939,"YGR069W"
"YGR070W",18.4021003206769,4.42234224575365,1.9053799410814,2.32097659390901,0.0202881071305436,0.699177426082664,"YGR070W"
"YGR071C",1.49577052967004,-3.64055385909605,3.27103764999704,-1.11296605194971,0.265723009835067,0.999436863219939,"YGR071C"
"YGR072W",7.14519253446982,0.083501424982023,1.65993033282129,0.0503041744168264,0.959879997279811,0.999436863219939,"YGR072W"
"YGR074W",1.21529821464158,0.0355325620563618,1.35728459830563,0.0261791536577657,0.979114443154897,0.999436863219939,"YGR074W"
"YGR075C",7.14079857544234,0.365069992082736,1.41994380681552,0.257101717920423,0.797100251407456,0.999436863219939,"YGR075C"
"YGR076C",5.55458701090533,2.90108629481153,2.06474993494799,1.40505455198603,0.160005057186999,0.999436863219939,"YGR076C"
"YGR077C",18.0713716526091,1.13638636911275,1.57630791283632,0.720916490908175,0.47096089601253,0.999436863219939,"YGR077C"
"YGR078C",13.4087427360141,0.162200462415239,1.28344663239757,0.126378813361516,0.899432072163872,0.999436863219939,"YGR078C"
"YGR079W",17.0087196481776,1.88307713464345,1.8981793983023,0.992043816473644,0.321176151639684,0.999436863219939,"YGR079W"
"YGR080W",21.0789504907067,1.28979528903644,1.41587911955515,0.91095014484123,0.36232164275714,0.999436863219939,"YGR080W"
"YGR081C",5.65448817965627,-0.659319365789073,1.58473394602365,-0.416044199370758,0.677377660720496,0.999436863219939,"YGR081C"
"YGR082W",29.6411650775514,-0.365858542598419,0.919520722177872,-0.397879605945027,0.690718933735318,0.999436863219939,"YGR082W"
"YGR083C",11.4715476256325,-0.0858809245907488,1.07381515744176,-0.0799773815778034,0.936255245220414,0.999436863219939,"YGR083C"
"YGR084C",13.9067921576423,0.567585714611637,1.66185481358359,0.341537485689081,0.732698989963624,0.999436863219939,"YGR084C"
"YGR085C",140.813889214375,0.0312160807420405,0.340903783827192,0.0915685956652926,0.927040803620048,0.999436863219939,"YGR085C"
"YGR086C",191.629762556943,-0.228977587171948,0.492789343545202,-0.464656125728386,0.642177732427347,0.999436863219939,"YGR086C"
"YGR087C",0.466325487309907,0.461192152284352,5.0708567572907,0.090949552385061,0.92753267620637,0.999436863219939,"YGR087C"
"YGR088W",283.931035980219,-1.00569155519824,1.29085546564086,-0.779089202445253,0.435927170175648,0.999436863219939,"YGR088W"
"YGR089W",21.850585925071,1.84047438122425,1.62490847967847,1.13266341104235,0.257355628505202,0.999436863219939,"YGR089W"
"YGR090W",19.5649453841632,-1.45063916291954,1.53707908097408,-0.943763519311083,0.345290506579124,0.999436863219939,"YGR090W"
"YGR091W",0.395068546971724,0.128316497603157,4.33753034733544,0.0295828472259525,0.976399745257585,0.999436863219939,"YGR091W"
"YGR092W",26.5583318358745,2.66849162366624,1.68936064262796,1.57958671247079,0.114201544193419,0.999436863219939,"YGR092W"
"YGR093W",12.8163743938736,-3.58313750536508,1.6505329548864,-2.170897281849,0.0299389378593138,0.841962016590703,"YGR093W"
"YGR094W",161.751223089879,-0.365228587076379,0.495100291954714,-0.737686066866198,0.460705240874222,0.999436863219939,"YGR094W"
"YGR095C",14.4807803100486,1.0041277802365,1.95575515727479,0.513422028571147,0.607656139646005,0.999436863219939,"YGR095C"
"YGR096W",4.65101681269963,1.72767598418708,2.71712916650047,0.63584610017353,0.524876736655298,0.999436863219939,"YGR096W"
"YGR097W",29.6895255222052,1.71013413036883,1.38733921192001,1.2326719490629,0.217698181419443,0.999436863219939,"YGR097W"
"YGR098C",51.7157151912719,0.0187255570490933,1.48598179137705,0.0126014714027824,0.989945746622708,0.999436863219939,"YGR098C"
"YGR099W",10.3447467792032,2.02811491239919,2.41901374512324,0.838405700045275,0.401802889222613,0.999436863219939,"YGR099W"
"YGR100W",7.80865809715554,1.11155737332196,1.77992765757853,0.624495815090683,0.532302017842266,0.999436863219939,"YGR100W"
"YGR101W",3.00809131513392,1.40456500719423,2.87405102612747,0.488705661251518,0.62505009520772,0.999436863219939,"YGR101W"
"YGR102C",14.9246756785443,-0.918107145595589,1.15976982789314,-0.791628755563885,0.42857717489001,0.999436863219939,"YGR102C"
"YGR103W",94.371676050727,0.895298298858986,0.744656798357827,1.20229654900535,0.229248653511467,0.999436863219939,"YGR103W"
"YGR104C",0.989870482683953,-1.6270074589955,3.35478375653864,-0.484981321321941,0.627689595325502,0.999436863219939,"YGR104C"
"YGR105W",13.5486053282887,-0.0326808840191309,0.805592895308547,-0.0405674928483747,0.967640699761704,0.999436863219939,"YGR105W"
"YGR106C",59.8464167001549,0.190779069049446,0.721817472955219,0.264303755724243,0.791545866502303,0.999436863219939,"YGR106C"
"YGR108W",8.89563809207758,-3.14948489133717,1.75341414263353,-1.79620137351397,0.0724624963717358,0.999436863219939,"YGR108W"
"YGR109C",0.298594280698241,-2.67429416230809,5.05949524145882,-0.528569360120003,0.597104219934518,0.999436863219939,"YGR109C"
"YGR110W",1.30170158705741,1.26696178311733,5.07074779880073,0.249856990209013,0.802697945263945,0.999436863219939,"YGR110W"
"YGR111W",21.4243362290108,-1.03639790536122,1.4276387077343,-0.725952511476808,0.467867883294999,0.999436863219939,"YGR111W"
"YGR112W",9.15868464613211,-0.808037647772168,2.43832771289239,-0.331390093095263,0.740349847111691,0.999436863219939,"YGR112W"
"YGR113W",8.88503440383391,-0.249215507386746,1.35959181446303,-0.183301712128338,0.854561291074672,0.999436863219939,"YGR113W"
"YGR116W",87.1166477211317,0.356642076260948,0.811478173362479,0.439496819468538,0.660301586097203,0.999436863219939,"YGR116W"
"YGR117C",41.286668164616,1.30533004400345,1.69686459431913,0.769259991854103,0.441738982800952,0.999436863219939,"YGR117C"
"YGR118W",216.102129413456,0.181836646924923,0.277275934337446,0.65579671513658,0.51195493025531,0.999436863219939,"YGR118W"
"YGR119C",19.0129932991478,-1.87226486755565,1.48577660645531,-1.26012541819622,0.207624122165505,0.999436863219939,"YGR119C"
"YGR120C",9.98880241961393,-0.362751648810244,2.33179541335853,-0.155567528236865,0.87637392197356,0.999436863219939,"YGR120C"
"YGR121C",12.8657807791924,1.87717699956498,1.98742178692839,0.944528741664954,0.344899521602185,0.999436863219939,"YGR121C"
"YGR122W",2.83408183029116,-0.239777126024351,2.51786103957867,-0.0952304842305652,0.924131757096825,0.999436863219939,"YGR122W"
"YGR123C",18.5318150279638,-0.35668628471455,1.40425349351333,-0.254004199642152,0.799492313637838,0.999436863219939,"YGR123C"
"YGR124W",167.208964574165,-0.0296480382541957,0.550778695698944,-0.0538293120008428,0.957071155769184,0.999436863219939,"YGR124W"
"YGR125W",18.2496917555034,2.28870664531664,1.73498691369634,1.31914922657291,0.187119228708313,0.999436863219939,"YGR125W"
"YGR126W",0.457095962383873,2.48681250558969,5.06128908348803,0.491339748544037,0.623186171016564,0.999436863219939,"YGR126W"
"YGR127W",11.7770998040171,0.693240230616009,1.71313363844783,0.404662085349111,0.685725915306842,0.999436863219939,"YGR127W"
"YGR128C",10.0645172620273,-1.25875778594552,1.10825090471827,-1.13580578241487,0.256037856502108,0.999436863219939,"YGR128C"
"YGR129W",9.73068186490388,1.88761551509868,2.28067812772032,0.827655376774044,0.407865697230828,0.999436863219939,"YGR129W"
"YGR130C",36.0299646676563,-1.37988962230781,0.94175504812444,-1.46523198899325,0.14285763479187,0.999436863219939,"YGR130C"
"YGR131W",0.83704653115407,2.97119980802915,3.01968391647319,0.983943978977554,0.325143058292776,0.999436863219939,"YGR131W"
"YGR132C",28.8950182204613,-1.3151559035718,1.25763547345572,-1.04573696538475,0.295682491036589,0.999436863219939,"YGR132C"
"YGR133W",16.0801479232621,-0.841018529014411,1.791857684346,-0.46935565048592,0.638815443177817,0.999436863219939,"YGR133W"
"YGR134W",25.288419796023,-0.57390104220582,2.06178198990636,-0.278351952347728,0.780742198990553,0.999436863219939,"YGR134W"
"YGR135W",75.0417352296006,0.080861570837096,0.732038096214203,0.110460877999763,0.912043874787457,0.999436863219939,"YGR135W"
"YGR136W",4.5951845541406,-0.644680564230301,1.73409103110702,-0.371768582309516,0.710065157413879,0.999436863219939,"YGR136W"
"YGR137W",9.226287315644,-0.439703537742087,0.907121168899001,-0.484724150221043,0.627872033105464,0.999436863219939,"YGR137W"
"YGR138C",13.432731905228,-0.145504348434674,1.69399546089696,-0.0858941784635183,0.931550539322062,0.999436863219939,"YGR138C"
"YGR139W",1.01598620415741,-0.328262097758785,2.5960349072814,-0.126447489915513,0.899377712284799,0.999436863219939,"YGR139W"
"YGR140W",8.98245550746966,3.21470305741821,2.16964199749482,1.48167442422762,0.138426945492382,0.999436863219939,"YGR140W"
"YGR141W",20.7844712536274,-0.738553967818027,1.75578422365001,-0.420640508024777,0.674017609313577,0.999436863219939,"YGR141W"
"YGR142W",17.2747391600727,-0.176715302120063,1.70126388945297,-0.103872951877492,0.91727017224469,0.999436863219939,"YGR142W"
"YGR143W",33.2533349272573,-0.582454732592673,1.87517760916495,-0.310613101258206,0.756094766175947,0.999436863219939,"YGR143W"
"YGR144W",19.8038456645825,-0.808880850224598,1.5001278106461,-0.539207955804923,0.58974337139439,0.999436863219939,"YGR144W"
"YGR145W",17.4536181658346,0.682429805516825,1.37761832994423,0.495369283845439,0.620339472647803,0.999436863219939,"YGR145W"
"YGR146C",20.7341489246764,0.189746441058425,1.65419946566429,0.114705901553551,0.908678236044963,0.999436863219939,"YGR146C"
"YGR147C",19.1376178309376,-0.180663339606056,1.40569817881972,-0.128522141045774,0.897735777503149,0.999436863219939,"YGR147C"
"YGR148C",156.448127745952,-0.2673517963519,0.267817378099297,-0.998261570064268,0.318152537433772,0.999436863219939,"YGR148C"
"YGR149W",21.8597257477105,-0.735267637905569,2.49071270111246,-0.295203713209142,0.767838265601549,0.999436863219939,"YGR149W"
"YGR150C",17.6197589195364,1.60554602509036,1.414649828675,1.13494236704087,0.256399466906337,0.999436863219939,"YGR150C"
"YGR152C",3.65186949422189,0.568258649261405,2.66664287819422,0.213098894459469,0.831249826934625,0.999436863219939,"YGR152C"
"YGR153W",1.6905926365916,-2.37361631523447,2.96984948843528,-0.799237915752104,0.424152470485495,0.999436863219939,"YGR153W"
"YGR154C",1.41794291052944,-3.62256682833528,3.35423920288432,-1.07999656828894,0.28014370834532,0.999436863219939,"YGR154C"
"YGR155W",84.0858941568455,-0.787378367100891,0.624306930806838,-1.26120394992781,0.207235375906442,0.999436863219939,"YGR155W"
"YGR156W",14.7741410758547,-3.12262777023456,1.47448821718063,-2.11777058226029,0.0341945018796256,0.902069115957202,"YGR156W"
"YGR157W",65.7550664547833,-0.455622068073222,0.853796977096186,-0.533642165872758,0.593589129407995,0.999436863219939,"YGR157W"
"YGR158C",7.17822770426222,-0.386487096363474,1.91500133599699,-0.201820797248824,0.840056822239198,0.999436863219939,"YGR158C"
"YGR159C",50.0962047939011,-0.540934980735311,0.921590858600706,-0.586957841092997,0.557232021455179,0.999436863219939,"YGR159C"
"YGR161C",38.358799942916,1.69268061865173,1.66415546521721,1.01714091864055,0.309086397071606,0.999436863219939,"YGR161C"
"YGR162W",89.760461261027,0.288356654746146,0.756967340642047,0.380936718487176,0.703250205590899,0.999436863219939,"YGR162W"
"YGR163W",39.5225850548204,1.21103946748203,1.61208422696984,0.751225926798105,0.452516699372361,0.999436863219939,"YGR163W"
"YGR164W",0.600524419873766,0.900853806099797,2.23835306751886,0.402462783540384,0.687343472506413,0.999436863219939,"YGR164W"
"YGR165W",21.553993254934,0.640213124774827,1.74507344886297,0.366868870299968,0.713716832728222,0.999436863219939,"YGR165W"
"YGR166W",12.5199416367023,0.297487974203032,1.7775512425826,0.167358311297294,0.867088125254583,0.999436863219939,"YGR166W"
"YGR167W",47.8084983403648,0.307344913599564,0.58936256324378,0.521486997592747,0.602027561015413,0.999436863219939,"YGR167W"
"YGR168C",11.1995597083352,-0.627861251993489,1.51879159044441,-0.413395264988116,0.679317043207061,0.999436863219939,"YGR168C"
"YGR169C",1.47042968965965,1.79931568496071,3.99662566329093,0.450208710184558,0.652559956346004,0.999436863219939,"YGR169C"
"YGR170W",47.9053380703343,0.57592463121585,1.53817354524903,0.374421100268376,0.708091046993685,0.999436863219939,"YGR170W"
"YGR171C",0.749169003985084,1.62078605217942,3.34429539531038,0.484642012919135,0.627930306291854,0.999436863219939,"YGR171C"
"YGR172C",19.8730529280229,-0.203383667308659,1.14118177478412,-0.178221972872931,0.858548654106257,0.999436863219939,"YGR172C"
"YGR173W",26.7622499519559,-1.47239995102971,1.26842149334956,-1.16081283607194,0.245718021774983,0.999436863219939,"YGR173W"
"YGR174C",11.225617940216,0.770253031483699,1.47969267847437,0.520549329390386,0.602680755433078,0.999436863219939,"YGR174C"
"YGR175C",32.7639403540498,1.77803978646039,1.10478160636376,1.60940386427375,0.107528060873596,0.999436863219939,"YGR175C"
"YGR176W",1.45953300252,0.385940335241759,2.07676999175918,0.18583682197509,0.852572727712067,0.999436863219939,"YGR176W"
"YGR177C",0.577593600481902,0.0173198438361568,5.07085675729361,0.00341556558686952,0.997274778250608,0.999436863219939,"YGR177C"
"YGR178C",78.1097863330167,0.53238875377451,0.851282380105756,0.625396186055643,0.53171106469534,0.999436863219939,"YGR178C"
"YGR179C",8.63935631690163,0.721665161432706,2.10594386311344,0.342680151201083,0.731839096623849,0.999436863219939,"YGR179C"
"YGR180C",28.878302902281,0.00966149525770778,1.00051654680468,0.00965650721975904,0.992295341719091,0.999436863219939,"YGR180C"
"YGR181W",5.48892201210928,-0.856140715775461,1.11143020808272,-0.770305422283194,0.441118740695668,0.999436863219939,"YGR181W"
"YGR182C",19.6996044754666,-0.480775813278659,0.618975019073314,-0.776728944567816,0.437318706179179,0.999436863219939,"YGR182C"
"YGR183C",14.2758683250552,-0.0027198946330564,1.09698837404749,-0.00247941974354839,0.998021711293802,0.999436863219939,"YGR183C"
"YGR184C",76.7595661526876,0.453972281362527,1.12847756840854,0.402287377322662,0.687472543207121,0.999436863219939,"YGR184C"
"YGR185C",41.1968281314167,-0.569557599806911,0.914871129266209,-0.622555004291956,0.533576987533074,0.999436863219939,"YGR185C"
"YGR186W",60.2347679017325,-0.00317670128795757,0.772914744084423,-0.00411002806230669,0.996720681297178,0.999436863219939,"YGR186W"
"YGR187C",9.38547672539907,-1.14061956000758,1.65934745988266,-0.687390427613176,0.491836728164431,0.999436863219939,"YGR187C"
"YGR188C",4.57542943617971,-1.10875088326338,2.70555563964096,-0.409805241858013,0.681948820678119,0.999436863219939,"YGR188C"
"YGR189C",75.6573168344722,-0.390408504074989,1.58024820781673,-0.247055179144533,0.804865520509172,0.999436863219939,"YGR189C"
"YGR190C",0.697751101819142,-0.797996243181217,3.52712920789581,-0.226245253900772,0.821010675429085,0.999436863219939,"YGR190C"
"YGR191W",21.1399841316996,0.246781891759868,1.63022689978626,0.151378861305885,0.879676863526781,0.999436863219939,"YGR191W"
"YGR192C",4602.2139519924,-0.0740506291788641,0.140132457785285,-0.528433100719081,0.597198768374945,0.999436863219939,"YGR192C"
"YGR193C",10.7517931814775,-0.501257684618222,1.43693549157442,-0.348837987200807,0.727210942985289,0.999436863219939,"YGR193C"
"YGR194C",44.4690721870864,-0.882067930272057,1.56072621756301,-0.565165062485691,0.571961497892449,0.999436863219939,"YGR194C"
"YGR195W",12.2137800541537,1.75381492666609,1.53691374003916,1.14112775556382,0.253816762580488,0.999436863219939,"YGR195W"
"YGR196C",17.275755439345,0.78386439382003,1.63740786779421,0.47872274784901,0.63213588061883,0.999436863219939,"YGR196C"
"YGR197C",12.9042975889512,-0.367834865363414,2.07793573786791,-0.177019365257578,0.859493178514347,0.999436863219939,"YGR197C"
"YGR198W",27.6914163506239,-0.789996661348794,1.46974654858211,-0.537505369283512,0.590918577088965,0.999436863219939,"YGR198W"
"YGR199W",27.5020655948988,-0.717178724171052,1.46428918587616,-0.489779430927047,0.62428998740142,0.999436863219939,"YGR199W"
"YGR200C",11.9172367624066,-3.19872633227736,1.57541442358621,-2.03040310180473,0.0423155816336628,0.966128493250233,"YGR200C"
"YGR201C",19.169059349818,1.73518864625015,1.61622401645416,1.07360652272511,0.282999072924304,0.999436863219939,"YGR201C"
"YGR202C",12.6348632704561,0.0998159025591024,1.57406102904445,0.0634129812741101,0.949437650494457,0.999436863219939,"YGR202C"
"YGR203W",14.2158393120072,-0.116679513419473,1.11699389188396,-0.104458506234691,0.916805495309388,0.999436863219939,"YGR203W"
"YGR204W",128.766284480225,-0.313830627173888,0.726161871931375,-0.432177231144334,0.665612606426824,0.999436863219939,"YGR204W"
"YGR205W",2.58702455583109,1.69222995767731,3.8503756327581,0.439497368329523,0.660301188485864,0.999436863219939,"YGR205W"
"YGR206W",7.15892013503041,-1.32314684165053,1.52206786580176,-0.869308702574543,0.384678304149018,0.999436863219939,"YGR206W"
"YGR207C",11.0965434122186,-2.16512911262159,1.30786864441897,-1.65546373625576,0.0978304665452125,0.999436863219939,"YGR207C"
"YGR208W",12.0752190935502,-2.02858133075225,1.50432487783625,-1.34849949013012,0.177497784050133,0.999436863219939,"YGR208W"
"YGR209C",193.783906897122,-0.166737397192017,0.362447456943708,-0.460031913585514,0.645493313716852,0.999436863219939,"YGR209C"
"YGR210C",43.5565182742187,0.0428068791693939,1.20722900947827,0.035458789370787,0.97171390701261,0.999436863219939,"YGR210C"
"YGR211W",20.9650963932117,-1.70636779407612,1.53802658058157,-1.10945273353527,0.267234924169331,0.999436863219939,"YGR211W"
"YGR212W",0.379034998788036,3.0391035810743,5.05833423528494,0.600811144482054,0.547965780490377,0.999436863219939,"YGR212W"
"YGR213C",2.47362938142843,-0.439002456518975,3.70441385222007,-0.118507940535823,0.90566520379612,0.999436863219939,"YGR213C"
"YGR214W",406.213908218348,-0.0630017575870126,0.394931351331217,-0.15952584512384,0.873254597579999,0.999436863219939,"YGR214W"
"YGR215W",14.8386224352661,-0.187486943461827,0.852178674047864,-0.22000895958973,0.825864176914611,0.999436863219939,"YGR215W"
"YGR216C",50.0743917829364,4.00993747018363,1.5733464754298,2.54866778094013,0.0108135257246285,0.586093094274864,"YGR216C"
"YGR217W",15.7404833501612,0.40592220044311,2.08738986421278,0.194464008569955,0.845812574751337,0.999436863219939,"YGR217W"
"YGR218W",61.6571218399369,0.201062302839543,0.95238848666124,0.211113747861864,0.832798512747939,0.999436863219939,"YGR218W"
"YGR219W",0.514666800434486,-0.808992742186109,2.41403966344222,-0.335119904795828,0.737534638306133,0.999436863219939,"YGR219W"
"YGR220C",14.7503396449113,1.11359797961492,1.29227401937898,0.861735176065884,0.388833263920182,0.999436863219939,"YGR220C"
"YGR221C",2.37430063162651,-1.20891238154659,2.83092381073591,-0.427038119839874,0.669351562842141,0.999436863219939,"YGR221C"
"YGR222W",15.3496575958004,-1.63968814350771,1.72742091430622,-0.94921170047675,0.342512951861665,0.999436863219939,"YGR222W"
"YGR223C",23.8240993845454,-2.91718700276208,1.52866291853026,-1.90832587577045,0.0563491106243741,0.999436863219939,"YGR223C"
"YGR224W",0.871430119600943,0.615662386167434,4.77187272884979,0.129019029037648,0.897342591677984,0.999436863219939,"YGR224W"
"YGR227W",11.3042248832774,0.127707160202674,1.79269475213835,0.0712375378186068,0.94320870643333,0.999436863219939,"YGR227W"
"YGR229C",8.94500715496898,-1.18594696736782,1.6882183432167,-0.702484351110737,0.482377157507957,0.999436863219939,"YGR229C"
"YGR230W",1.8719715373195,0.690614890674916,2.63049581505784,0.262541718075202,0.792903826609164,0.999436863219939,"YGR230W"
"YGR231C",68.6860475315032,-0.0930746679060595,0.896039663647314,-0.103873379362695,0.917269832995977,0.999436863219939,"YGR231C"
"YGR232W",21.6907637437117,0.386375449851298,1.10721462784542,0.348961655793117,0.727118096405696,0.999436863219939,"YGR232W"
"YGR233C",13.5879633331773,-1.83486937422673,1.79192501029571,-1.02396549168312,0.305851574477515,0.999436863219939,"YGR233C"
"YGR234W",133.952804842852,-0.0541690209512283,0.756638972893934,-0.0715916347053163,0.942926897531668,0.999436863219939,"YGR234W"
"YGR235C",15.1745952827372,0.236950697773703,0.838783364160807,0.282493320561704,0.777565267530953,0.999436863219939,"YGR235C"
"YGR236C",0.413102591573477,0.46120093572244,5.07085675729383,0.090951284525846,0.927531299862314,0.999436863219939,"YGR236C"
"YGR237C",24.8502677561266,0.59786947340167,1.58855544601142,0.376360469445882,0.706648930032435,0.999436863219939,"YGR237C"
"YGR238C",6.11963518166683,-3.99060822659807,2.6433164267667,-1.50969750960893,0.131120627040147,0.999436863219939,"YGR238C"
"YGR239C",1.92847883450174,-1.72243497553966,2.15998491783571,-0.79742916782286,0.42520182500316,0.999436863219939,"YGR239C"
"YGR240C",336.632529840141,0.035540943086957,0.423144900661736,0.0839923700637209,0.933062498140182,0.999436863219939,"YGR240C"
"YGR241C",13.9888183132724,-0.100741750774205,1.95423535111381,-0.0515504699660599,0.958886886065201,0.999436863219939,"YGR241C"
"YGR242W",0.618318674378147,-1.72631208750616,3.90209686587604,-0.442406261772436,0.658195248618197,0.999436863219939,"YGR242W"
"YGR243W",32.0553130118648,-3.12353682551695,1.18596424199208,-2.6337529538583,0.00844469067524319,0.519043771193814,"YGR243W"
"YGR244C",52.831280650631,0.775181411847307,1.08439442902794,0.714851894381443,0.474700564855906,0.999436863219939,"YGR244C"
"YGR245C",31.7826713353514,0.665999136355022,1.03897884495185,0.641013182887171,0.521514117966877,0.999436863219939,"YGR245C"
"YGR246C",15.9958530087425,0.0856428592641308,1.62523431681879,0.0526956995541213,0.957974365525603,0.999436863219939,"YGR246C"
"YGR247W",1.39788638859722,-3.67331570579247,4.22465306388348,-0.869495234341398,0.384576313583727,0.999436863219939,"YGR247W"
"YGR248W",53.2037815132293,0.650835449922289,1.66451178234563,0.391006814625928,0.695792198720448,0.999436863219939,"YGR248W"
"YGR249W",1.13899959767852,1.12759796389628,5.06861957922881,0.22246648150853,0.823950763384115,0.999436863219939,"YGR249W"
"YGR250C",32.1839058800075,0.251651931251175,1.63766723693651,0.153664874997394,0.877873981466233,0.999436863219939,"YGR250C"
"YGR251W",5.86298719610856,2.98146844905812,2.09423458323481,1.42365543617987,0.154546239850126,0.999436863219939,"YGR251W"
"YGR252W",24.3451928148737,0.989461855071619,1.39659449168083,0.708481854228696,0.47864607679871,0.999436863219939,"YGR252W"
"YGR253C",83.572739079253,-0.612891703358105,0.737011189943657,-0.831590770562059,0.405639973413063,0.999436863219939,"YGR253C"
"YGR254W",549.552111449041,-0.0765905051131461,0.462836327589164,-0.165480755393798,0.868565595975865,0.999436863219939,"YGR254W"
"YGR255C",30.1278869035061,-0.292293223821683,1.64855468117558,-0.177302716833905,0.859270616879752,0.999436863219939,"YGR255C"
"YGR256W",93.2861594467654,1.29930557569202,1.98751125698769,0.653734951751301,0.513282581004967,0.999436863219939,"YGR256W"
"YGR257C",59.59304883779,0.350237107940242,1.26816373763914,0.276176567382582,0.782412454099789,0.999436863219939,"YGR257C"
"YGR258C",20.1813137439208,-0.769984579209743,1.6621241911811,-0.463253337683867,0.643182788469346,0.999436863219939,"YGR258C"
"YGR260W",30.556796615623,-0.232153391529513,1.72393851640268,-0.134664542453604,0.89287710878928,0.999436863219939,"YGR260W"
"YGR261C",26.4479683846031,0.925552340464136,1.26043544015018,0.734311580729477,0.46275886141435,0.999436863219939,"YGR261C"
"YGR262C",14.8648443959956,0.887326652427807,1.85505520641734,0.478328973368666,0.632416077780234,0.999436863219939,"YGR262C"
"YGR263C",3.20911016952479,-2.85864437111554,2.82728761319517,-1.01109075630439,0.311972994156041,0.999436863219939,"YGR263C"
"YGR264C",55.2482722976773,0.505936953890271,0.955466534554678,0.529518235953787,0.596445997512715,0.999436863219939,"YGR264C"
"YGR265W",0.356752548934305,0.145669365314022,2.5973015353969,0.0560848878456317,0.955274182740709,0.999436863219939,"YGR265W"
"YGR266W",17.073529926947,-1.63606865447269,1.42855332783538,-1.14526256919771,0.252100406418068,0.999436863219939,"YGR266W"
"YGR267C",42.7676542336235,0.813842011985685,0.993646995394795,0.819045411255261,0.412760505127702,0.999436863219939,"YGR267C"
"YGR268C",25.4231541894111,-0.378737385266271,1.51681100757282,-0.24969319406003,0.802824621879983,0.999436863219939,"YGR268C"
"YGR269W",4.18801578578591,0.422181574586335,1.98255367302914,0.212948370745134,0.831367233139044,0.999436863219939,"YGR269W"
"YGR270W",52.191002881648,0.797452047734341,0.913028590571959,0.873414103313877,0.382437406567998,0.999436863219939,"YGR270W"
"YGR271W",41.9145948005029,-1.54860859035454,1.57414409501312,-0.983778165709559,0.325224597143779,0.999436863219939,"YGR271W"
"YGR274C",11.0972320330483,-1.61885734691665,1.66925950112177,-0.969805680799631,0.332143360691803,0.999436863219939,"YGR274C"
"YGR275W",3.02013097362779,0.472934542595151,2.28230005524364,0.207218389846932,0.835839305977733,0.999436863219939,"YGR275W"
"YGR276C",4.69846771711639,1.54807814769994,1.52457242356158,1.01541791244226,0.309906658053393,0.999436863219939,"YGR276C"
"YGR277C",23.3557180766353,-0.307507347667217,1.76046239410718,-0.174674192812377,0.861335647140424,0.999436863219939,"YGR277C"
"YGR278W",0.714332104963716,-1.91882527931768,2.98335731029513,-0.643176488681425,0.520109587365075,0.999436863219939,"YGR278W"
"YGR279C",237.938038095333,0.442519321811238,0.716457470949505,0.617649113526274,0.536806662260392,0.999436863219939,"YGR279C"
"YGR280C",6.77369339559081,0.577763802767713,1.1254777278734,0.51334983221694,0.607706631682935,0.999436863219939,"YGR280C"
"YGR281W",78.3130869746185,-0.655361937985637,0.958233767181362,-0.683926991962912,0.494021268662968,0.999436863219939,"YGR281W"
"YGR282C",175.245332035392,0.473547821573378,0.489104658941737,0.968193234139256,0.33294787329786,0.999436863219939,"YGR282C"
"YGR283C",13.618840229608,-1.76114364200357,1.61455010127575,-1.09079528756152,0.275362970508928,0.999436863219939,"YGR283C"
"YGR284C",28.4526655409917,0.27549207967795,0.835379014029192,0.329780943800826,0.741565487260576,0.999436863219939,"YGR284C"
"YGR285C",119.374279664725,0.245788848482805,0.451391926945515,0.544513168735675,0.586088388937267,0.999436863219939,"YGR285C"
"YGR286C",15.9785430990405,0.578656917826849,2.34034317666663,0.247253019811836,0.804712414880367,0.999436863219939,"YGR286C"
"YGR287C",15.7954654661691,-3.14813172426138,1.96761672582992,-1.59997202856341,0.109604788768161,0.999436863219939,"YGR287C"
"YGR288W",1.09680441645781,-2.36596334536986,4.29714505731347,-0.550589592348794,0.581915045014674,0.999436863219939,"YGR288W"
"YGR289C",0.390205857844646,4.35760893845425,5.05134490041678,0.862663117320442,0.388322716572292,0.999436863219939,"YGR289C"
"YGR290W",0.18153556523024,1.46375466920008,5.06770641080204,0.28883967431105,0.77270406973543,0.999436863219939,"YGR290W"
"YGR292W",0.324979368666076,3.67741568376768,5.05360972811643,0.727680980845808,0.466808895484189,0.999436863219939,"YGR292W"
"YGR294W",0.178806850462092,-0.645499714298144,5.06978593507754,-0.127322873700045,0.898684857042119,0.999436863219939,"YGR294W"
"YGR295C",23.5717376814066,0.87835273848845,1.10413769812915,0.795510143324271,0.426316812976265,0.999436863219939,"YGR295C"
"YGR296W",0.146150248797539,0.657090938431999,5.07064386011826,0.129587278570314,0.896892968602536,0.999436863219939,"YGR296W"
"YHR001W-A",9.92354018225701,2.06672111296543,1.64248995705331,1.2582853880417,0.20828856367014,0.999436863219939,"YHR001W-A"
"YHR005C-A",63.9546187332796,0.290266823583891,0.498690025023501,0.582058611599886,0.560527202138487,0.999436863219939,"YHR005C-A"
"YHR021W-A",0.304402478773295,-0.919384317195894,4.9830520157265,-0.184502251691197,0.853619460887159,0.999436863219939,"YHR021W-A"
"YHR049C-A",12.4381523977551,0.71552256135032,0.758290520381215,0.943599507205504,0.345374344170187,0.999436863219939,"YHR049C-A"
"YHR139C-A",0.258791584009778,-0.806348773864483,5.07020223828768,-0.159036806811242,0.873639875214325,0.999436863219939,"YHR139C-A"
"YHR214W-A",3.48185951226844,1.33064336401197,2.62898668788755,0.506143058898928,0.612756224696379,0.999436863219939,"YHR214W-A"
"YIL014C-A",7.8974501254014,2.99450254672176,2.22926547392373,1.3432687052077,0.179184981633415,0.999436863219939,"YIL014C-A"
"YJL001W",110.715916524128,-0.110967087935982,0.64325222989771,-0.172509449292741,0.863037033263883,0.999436863219939,"YJL001W"
"YJL002C",47.2334347470434,-0.164079324455461,0.827084535356129,-0.198382773998804,0.842745593965102,0.999436863219939,"YJL002C"
"YJL003W",3.64054810376199,-0.211419761034726,1.47989988189312,-0.142860854049311,0.886400075326606,0.999436863219939,"YJL003W"
"YJL004C",4.42892949163232,-1.12023991000182,1.73099985846109,-0.647163490237227,0.517526137761089,0.999436863219939,"YJL004C"
"YJL005W",137.821078585978,-1.68869146339581,1.06698853938096,-1.58267066708659,0.113496547372474,0.999436863219939,"YJL005W"
"YJL006C",4.68613178243102,-2.76813385454007,2.1854010109064,-1.26664801595931,0.205281175415046,0.999436863219939,"YJL006C"
"YJL007C",0.0903824420187779,-0.814278852576869,5.07018578222507,-0.160601383766163,0.872407364959234,0.999436863219939,"YJL007C"
"YJL008C",40.758895392622,-0.367952575423726,1.06038233994987,-0.346999908958424,0.728591387167766,0.999436863219939,"YJL008C"
"YJL009W",10.9884738143577,0.218029765875419,0.79175936791698,0.275373774798558,0.783029090180477,0.999436863219939,"YJL009W"
"YJL010C",24.1056986464569,4.38261071768534,1.6187313864421,2.7074354364118,0.00678052580664926,0.444236207244427,"YJL010C"
"YJL011C",2.41683233400268,-0.424212858160586,2.11183622047379,-0.200873938067704,0.840797146745741,0.999436863219939,"YJL011C"
"YJL012C",24.3683836777905,-2.51974043333208,1.52158413422142,-1.65599809873241,0.0977222038500422,0.999436863219939,"YJL012C"
"YJL013C",9.82452804318591,-2.52297853745877,1.78487543520064,-1.41353199652006,0.15749936032057,0.999436863219939,"YJL013C"
"YJL014W",67.9755076918774,0.0716165304013588,0.757347964175908,0.0945622537974163,0.924662532542526,0.999436863219939,"YJL014W"
"YJL015C",1.07179132771387,1.42213883246709,1.82919433912957,0.77746732648638,0.436883104137626,0.999436863219939,"YJL015C"
"YJL016W",94.4802943719736,1.51935317293063,1.47176588955282,1.03233345990392,0.301915931566517,0.999436863219939,"YJL016W"
"YJL019W",26.461556070916,0.712751091961887,1.7769326476738,0.401113172688315,0.688336802934604,0.999436863219939,"YJL019W"
"YJL020C",180.971901404491,0.267958338853122,0.60581405872571,0.442311192673136,0.658264032676923,0.999436863219939,"YJL020C"
"YJL023C",1.98259252875488,-0.394421552750904,4.0715238124156,-0.0968732029880719,0.922827089614059,0.999436863219939,"YJL023C"
"YJL024C",2.12661161627063,0.290547259960751,2.30876502005984,0.125845314458732,0.899854371134101,0.999436863219939,"YJL024C"
"YJL025W",0.79132745581382,-0.564370261349003,4.84970424085122,-0.116372098858124,0.90735764701777,0.999436863219939,"YJL025W"
"YJL026W",11.9521497351366,0.612518907052915,1.12857927976836,0.542734496400318,0.587312619244396,0.999436863219939,"YJL026W"
"YJL027C",0.0167674179549849,0.461243004295117,5.07085675729695,0.0909595806727117,0.927524707818916,0.999436863219939,"YJL027C"
"YJL029C",22.870639298505,3.0910677956875,1.43363236018477,2.15610911244297,0.0310751461302563,0.853778899670914,"YJL029C"
"YJL030W",9.55926483238881,-1.86332728294443,1.890928523551,-0.985403340071926,0.324425989666494,0.999436863219939,"YJL030W"
"YJL031C",13.3786535653122,2.61098614291005,1.8260186573797,1.42987922514262,0.152751685550147,0.999436863219939,"YJL031C"
"YJL032W",0.516329987392934,-0.173577056938444,1.77285816431116,-0.097908033723548,0.922005320651084,0.999436863219939,"YJL032W"
"YJL033W",18.969322984392,-1.78531982168334,1.34382168365728,-1.32853922763361,0.184000033415783,0.999436863219939,"YJL033W"
"YJL034W",108.171965002377,-1.4894771948559,0.783270156766233,-1.9016136156716,0.05722168658848,0.999436863219939,"YJL034W"
"YJL035C",10.6677785095717,-4.64308029497542,1.93053521602382,-2.4050741247489,0.0161691857413661,0.660278667054964,"YJL035C"
"YJL036W",11.44053846676,0.108561151656833,1.59192886449723,0.0681947253284583,0.945630625776679,0.999436863219939,"YJL036W"
"YJL037W",1.73288702443131,1.48099274559756,3.83098534333317,0.386582722947464,0.699065150478273,0.999436863219939,"YJL037W"
"YJL038C",0.291262187636781,0.461203916202263,5.07085675729533,0.0909518722923377,0.927530832828202,0.999436863219939,"YJL038C"
"YJL039C",47.5104422043207,0.345062739685821,1.55863299048768,0.221388063637646,0.824790285697732,0.999436863219939,"YJL039C"
"YJL041W",44.172196426929,-1.16391518409878,1.01304626852952,-1.14892598714988,0.250586500879966,0.999436863219939,"YJL041W"
"YJL042W",66.310775077669,0.578835831632007,1.42015594800571,0.407586105205453,0.683577567054481,0.999436863219939,"YJL042W"
"YJL043W",0.136699411597978,0.970401010883103,5.07085675729617,0.191368255371609,0.8482370889701,0.999436863219939,"YJL043W"
"YJL044C",12.4775645079177,-0.0153270865202124,1.70091220669179,-0.00901109796255914,0.992810281360647,0.999436863219939,"YJL044C"
"YJL045W",0.403849694119739,0.630935594422616,5.07085675729484,0.124423864569821,0.900979678970933,0.999436863219939,"YJL045W"
"YJL046W",16.6317040061103,0.965388929919558,2.11476488144321,0.456499414374961,0.648030891860223,0.999436863219939,"YJL046W"
"YJL047C",5.62844147338696,0.982056211841186,2.29295509289465,0.428292823912844,0.668437942832009,0.999436863219939,"YJL047C"
"YJL048C",16.5975547061438,0.906507046822426,1.73848922706604,0.521433801664846,0.602064609595371,0.999436863219939,"YJL048C"
"YJL049W",17.8024629934958,1.85956079618663,1.5456031225191,1.2031295544718,0.228926190149858,0.999436863219939,"YJL049W"
"YJL050W",33.0392407592981,-0.354215157865525,0.972560509903046,-0.364208863365053,0.715702048859065,0.999436863219939,"YJL050W"
"YJL051W",16.3652627958601,0.853304546559685,1.91625002967275,0.445299169391485,0.656103568047469,0.999436863219939,"YJL051W"
"YJL052W",354.518857174072,-0.471749892792427,0.669480549489896,-0.704650632720953,0.481027680528376,0.999436863219939,"YJL052W"
"YJL053W",37.9624405188143,1.51598685374835,1.50770553453506,1.00549266353648,0.314659680375462,0.999436863219939,"YJL053W"
"YJL054W",40.7457817185807,2.28546769683514,1.47420521561888,1.55030498645719,0.121068331065031,0.999436863219939,"YJL054W"
"YJL055W",46.3143455127126,-0.828587270942311,0.920232856954982,-0.900410439249123,0.36790186737668,0.999436863219939,"YJL055W"
"YJL056C",11.732903651328,-2.12521459321946,2.04681400451004,-1.03830371911501,0.299128677770387,0.999436863219939,"YJL056C"
"YJL057C",23.3901778302165,-2.27981089444144,1.87743625636946,-1.21432133139374,0.224625043024694,0.999436863219939,"YJL057C"
"YJL058C",6.56886470278924,2.60051251450081,2.56052124359246,1.01561841012193,0.309811134509175,0.999436863219939,"YJL058C"
"YJL059W",6.01375262123994,1.43407718095469,2.7577128715984,0.520024109733906,0.603046771075769,0.999436863219939,"YJL059W"
"YJL060W",36.8475536656712,-1.78120756346433,1.26541660554921,-1.40760564991263,0.159247873525925,0.999436863219939,"YJL060W"
"YJL061W",16.5439617771806,-1.9654182240826,1.59903818407708,-1.22912526020571,0.219024845633392,0.999436863219939,"YJL061W"
"YJL062W",10.9452683002838,-1.8497165997364,1.64981260192954,-1.12116769963635,0.262216485913727,0.999436863219939,"YJL062W"
"YJL063C",27.9193671468878,0.752892474723708,1.43032545704518,0.526378434373296,0.598625296448038,0.999436863219939,"YJL063C"
"YJL065C",2.25396117262858,-1.07243881717588,1.80605564193823,-0.593801648339559,0.552644786454044,0.999436863219939,"YJL065C"
"YJL066C",9.81404193734992,-3.60854312819196,2.15727522835078,-1.67273191698894,0.0943800830448106,0.999436863219939,"YJL066C"
"YJL067W",0.354945733646459,0.58531910077798,2.42096097926308,0.24177138987021,0.808957308895139,0.999436863219939,"YJL067W"
"YJL068C",26.1324324205017,-0.640192368908303,1.10932664721644,-0.577099964662972,0.563871928215415,0.999436863219939,"YJL068C"
"YJL069C",19.0232545098283,-1.95808690422561,1.66027546809681,-1.17937471332404,0.238248999582117,0.999436863219939,"YJL069C"
"YJL070C",24.5073764387977,-2.18025319755374,1.92139459101708,-1.13472433395351,0.256490838268889,0.999436863219939,"YJL070C"
"YJL071W",5.46659495026649,-3.0878175313198,3.06804105136241,-1.0064459632796,0.314201092974102,0.999436863219939,"YJL071W"
"YJL072C",3.93768318657274,3.64949297823335,2.81748542430422,1.29530145808459,0.195216256412056,0.999436863219939,"YJL072C"
"YJL073W",9.13292602924103,2.25996255315982,1.74650459797738,1.29399175689378,0.195668268113703,0.999436863219939,"YJL073W"
"YJL074C",16.4256801956188,0.286444395593545,1.74726271126648,0.163938939317213,0.869779212635278,0.999436863219939,"YJL074C"
"YJL075C",0.237709431872815,-0.0935928664064489,2.63265549708448,-0.0355507458192299,0.971640582612673,0.999436863219939,"YJL075C"
"YJL076W",57.2863476731007,1.51560868494766,0.911847115404493,1.66213026212771,0.0964866590298399,0.999436863219939,"YJL076W"
"YJL077C",5.52243494096689,1.36460605497794,1.31137496454706,1.04059181536172,0.298065031404273,0.999436863219939,"YJL077C"
"YJL078C",99.248147732334,2.50870521292927,1.53464047295769,1.63471852667503,0.102108066888311,0.999436863219939,"YJL078C"
"YJL079C",35.1024977527789,1.79993204073945,1.67076953759712,1.07730719302441,0.281343049873621,0.999436863219939,"YJL079C"
"YJL080C",100.860051950623,0.823364012535996,0.624316764126957,1.31882412878563,0.187227915659612,0.999436863219939,"YJL080C"
"YJL081C",18.8329441311419,0.738506861280706,1.50618457082085,0.490316310223672,0.623910087243365,0.999436863219939,"YJL081C"
"YJL082W",27.577651718095,-1.47277650493181,1.98904655315806,-0.740443456485945,0.459030958592606,0.999436863219939,"YJL082W"
"YJL083W",16.6827970347277,-1.85627875274327,2.52069505785563,-0.736415437066954,0.461477912901173,0.999436863219939,"YJL083W"
"YJL084C",34.8544310531247,2.30545269622753,1.48132149147076,1.55634864511316,0.119625209868527,0.999436863219939,"YJL084C"
"YJL085W",13.5338910803685,0.288048140230871,2.09018103320309,0.13781013972242,0.890390470487015,0.999436863219939,"YJL085W"
"YJL087C",2.92094310902629,-4.17745759545892,2.76591200519059,-1.51033640535902,0.130957606801129,0.999436863219939,"YJL087C"
"YJL088W",5.14837483977357,3.0198105767238,2.24462021002539,1.34535480133169,0.178510684095943,0.999436863219939,"YJL088W"
"YJL089W",5.09740538584997,-14.4990319861378,3.52346062169826,-4.11499759550297,3.87183450844533e-05,0.00623888576739218,"YJL089W"
"YJL090C",5.32446299280943,0.101608393107527,2.64274490881105,0.0384480517846271,0.969330449498426,0.999436863219939,"YJL090C"
"YJL091C",8.11219479015427,1.7201489357538,1.57136762500375,1.09468268811361,0.273655675558749,0.999436863219939,"YJL091C"
"YJL092W",41.7163307501748,-0.174107893962086,1.20747232651565,-0.144192036652717,0.885348829063665,0.999436863219939,"YJL092W"
"YJL093C",28.4873143040257,1.42415232679647,2.06786086916502,0.688708001603382,0.491007039782538,0.999436863219939,"YJL093C"
"YJL094C",26.3892401653808,0.719949274332197,1.64906512065429,0.43658025708927,0.662415783233423,0.999436863219939,"YJL094C"
"YJL095W",24.643968612042,0.453667341578594,1.42421910907246,0.318537603300416,0.750077175570322,0.999436863219939,"YJL095W"
"YJL096W",23.6788959773406,0.427541749023233,1.20080066312023,0.356047229281405,0.721805195806722,0.999436863219939,"YJL096W"
"YJL097W",16.0380424268426,-0.570706393523116,1.35653826271661,-0.420707921927847,0.673968375703433,0.999436863219939,"YJL097W"
"YJL098W",14.7592885165047,-23.1397703993301,1.97682933074571,-11.7054973028962,1.19456812263759e-31,3.56100757358266e-28,"YJL098W"
"YJL099W",2.24865455383663,-4.90823756663317,3.87012878140405,-1.26823623808521,0.204713599535874,0.999436863219939,"YJL099W"
"YJL100W",9.40689369692139,-2.21280578482179,2.41430359990844,-0.91653998482449,0.35938374560249,0.999436863219939,"YJL100W"
"YJL101C",115.582538168778,-0.27937923300319,1.06652740905011,-0.261952229855974,0.793358271489842,0.999436863219939,"YJL101C"
"YJL102W",12.6550666175109,-4.96830355830191,2.15982353306478,-2.30032846769287,0.0214296180377867,0.725928311030024,"YJL102W"
"YJL103C",6.01819099649429,2.95784096446682,2.82092824751361,1.04853463290812,0.294392354531659,0.999436863219939,"YJL103C"
"YJL104W",17.0628800782644,0.577379409359107,1.08911341082301,0.530137085469181,0.596016888028314,0.999436863219939,"YJL104W"
"YJL105W",5.26041057284055,0.140857135398215,3.08879883470934,0.0456025603918844,0.963627028399588,0.999436863219939,"YJL105W"
"YJL106W",0.406475219446596,0.800662082247414,5.07085675729478,0.157894833273609,0.874539669444746,0.999436863219939,"YJL106W"
"YJL107C",16.3046068634784,-4.56192958153699,1.37608759694479,-3.31514475652963,0.00091595679226595,0.109218687909792,"YJL107C"
"YJL108C",21.2570575123906,-2.60554560949023,1.72366055780431,-1.51163498966949,0.130626745318409,0.999436863219939,"YJL108C"
"YJL109C",47.1264041512787,0.405049044310813,1.10206816895054,0.367535380952456,0.713219705466546,0.999436863219939,"YJL109C"
"YJL110C",13.9664953179464,-0.386523335181119,2.2684360427819,-0.170391991615115,0.864701869815885,0.999436863219939,"YJL110C"
"YJL111W",60.4220647942836,-0.25631133350486,1.02953513628221,-0.248958315721439,0.803393025588117,0.999436863219939,"YJL111W"
"YJL112W",15.8276551134462,-0.601650305189574,1.6228971469957,-0.370726084708046,0.71084155983518,0.999436863219939,"YJL112W"
"YJL115W",14.9474858337021,-0.0856280949279467,1.85634595768934,-0.0461272289107851,0.963208843569416,0.999436863219939,"YJL115W"
"YJL116C",70.1646429899868,-1.35802669332698,2.43651283955928,-0.55736488282681,0.577278153671336,0.999436863219939,"YJL116C"
"YJL117W",25.4279321044541,0.385691323211402,1.21001918652567,0.318748105407186,0.749917532953372,0.999436863219939,"YJL117W"
"YJL118W",3.34843921551307,0.866511227571148,2.75000343807831,0.315094597909544,0.752689830012864,0.999436863219939,"YJL118W"
"YJL120W",0.221128757324542,-1.06899086545826,5.0682960301214,-0.210917211446438,0.83295187344038,0.999436863219939,"YJL120W"
"YJL121C",27.9322761164241,-0.772307715441976,0.901097482698733,-0.857074545507507,0.391403687764607,0.999436863219939,"YJL121C"
"YJL122W",20.3226860729302,1.30541186282276,1.03055700357078,1.26670514905982,0.205260738199969,0.999436863219939,"YJL122W"
"YJL123C",42.7629274959502,-0.063343044584331,0.666534974713004,-0.0950333395657223,0.924288345606003,0.999436863219939,"YJL123C"
"YJL124C",21.0445657203398,-0.676295074405703,0.938759392435003,-0.720413643640352,0.471270352054911,0.999436863219939,"YJL124C"
"YJL125C",13.795536715596,0.544942268717215,1.89364825085951,0.28777375548488,0.773519928026346,0.999436863219939,"YJL125C"
"YJL126W",10.0002131552033,-2.76447642938607,2.41711243214655,-1.14371031840295,0.25274379273688,0.999436863219939,"YJL126W"
"YJL127C",9.64254601294018,1.24354440292682,2.22235794107097,0.559560806990231,0.575779044383513,0.999436863219939,"YJL127C"
"YJL128C",23.9510365757695,0.520938906240011,1.71169290013033,0.304341337280972,0.760867855223289,0.999436863219939,"YJL128C"
"YJL129C",41.9593259874216,2.02881353622324,1.45691359421468,1.39254211387658,0.163758298054199,0.999436863219939,"YJL129C"
"YJL130C",391.39655279704,1.42979979752827,0.609614214302428,2.34541741971087,0.0190057882903312,0.691114032018892,"YJL130C"
"YJL131C",8.4152751213857,-2.19321320842331,1.87255854645194,-1.17123879121373,0.241502806933435,0.999436863219939,"YJL131C"
"YJL132W",8.65171563602492,2.56181439424852,2.68497651200635,0.954129163809407,0.340018265383226,0.999436863219939,"YJL132W"
"YJL133W",21.2948633825673,0.260933438103931,1.84780979613083,0.141212282048891,0.887702243631635,0.999436863219939,"YJL133W"
"YJL134W",16.4952004351852,-1.97965394678733,1.84512284935877,-1.0729117291433,0.283310722958058,0.999436863219939,"YJL134W"
"YJL136C",87.6222981630881,-0.0542060829439605,0.350531279044718,-0.154639788756327,0.877105300394209,0.999436863219939,"YJL136C"
"YJL137C",2.31971524127241,-0.938183782122042,3.01785410083999,-0.310877779631861,0.755893537352653,0.999436863219939,"YJL137C"
"YJL138C",74.3446028394785,-0.358796916556068,0.490294475673742,-0.731798815524128,0.464291372137672,0.999436863219939,"YJL138C"
"YJL139C",1.51760526573181,-3.86861948521056,2.12240936443364,-1.82274897106991,0.0683414195925303,0.999436863219939,"YJL139C"
"YJL140W",48.3026047614083,0.799299912028488,0.743506077569838,1.07504153112106,0.282356134740674,0.999436863219939,"YJL140W"
"YJL141C",50.1118225671066,0.776817159097664,1.7262756891723,0.449996002359348,0.652713323092916,0.999436863219939,"YJL141C"
"YJL142C",4.22182584386045,1.60591228905704,0.813008943637434,1.9752701389386,0.0482375000587467,0.999436863219939,"YJL142C"
"YJL143W",59.9251166431566,0.420406515332687,0.858339628464473,0.489790406257687,0.624282220167553,0.999436863219939,"YJL143W"
"YJL144W",10.6189368770416,1.92697807959298,2.1507460274736,0.895957986195388,0.370275202616501,0.999436863219939,"YJL144W"
"YJL145W",19.4114872247238,-0.899592220034608,1.19324830850365,-0.753901944485225,0.450908102918286,0.999436863219939,"YJL145W"
"YJL146W",2.95381594583584,-1.852924097806,1.89403537610946,-0.978294345067668,0.327928765960751,0.999436863219939,"YJL146W"
"YJL147C",0.77940944276839,-0.757929020840812,4.75894974042676,-0.159263926324392,0.873460940575263,0.999436863219939,"YJL147C"
"YJL148W",36.7603182925425,-0.387379201928282,1.07136013220337,-0.361577018113969,0.717668141161714,0.999436863219939,"YJL148W"
"YJL149W",5.40030095975413,2.12490450815197,2.50645227752143,0.847773774593164,0.396563971050949,0.999436863219939,"YJL149W"
"YJL151C",30.7043663656117,0.33645030371833,0.749726088156729,0.448764300766863,0.653601693905405,0.999436863219939,"YJL151C"
"YJL152W",0.306082228112518,-1.65248601494187,3.19878665931975,-0.516597757505117,0.605436981445247,0.999436863219939,"YJL152W"
"YJL153C",0.0308844109958703,0.128336315613518,5.07085675729695,0.0253086059725197,0.979808809557605,0.999436863219939,"YJL153C"
"YJL154C",50.8903480900871,-0.463582906800584,1.41194160825856,-0.328330083970222,0.742662100076456,0.999436863219939,"YJL154C"
"YJL155C",11.3058800180056,0.171213914773906,1.92738218240098,0.0888323635744218,0.929215136943001,0.999436863219939,"YJL155C"
"YJL156C",3.001050463769,-0.664400227099652,2.62993022427603,-0.252630362952899,0.800553864673796,0.999436863219939,"YJL156C"
"YJL157C",37.3950808725408,-0.611220957851856,2.03877587279831,-0.299798014096042,0.764331230214463,0.999436863219939,"YJL157C"
"YJL158C",198.38562269679,-0.223273329408125,0.592386333983333,-0.376904929434795,0.706244257977159,0.999436863219939,"YJL158C"
"YJL159W",206.892075127885,-0.163140070375984,1.45722811389847,-0.111952321548025,0.910861210720988,0.999436863219939,"YJL159W"
"YJL160C",0.206912366005942,0.128313202158415,5.07085675729556,0.0253040478758955,0.979812445228181,0.999436863219939,"YJL160C"
"YJL161W",6.81132175396962,0.786213551232418,2.00215137824319,0.392684369311921,0.694552616686798,0.999436863219939,"YJL161W"
"YJL162C",2.76663878181769,1.67579232555348,2.90520506944542,0.57682410896845,0.564058281440491,0.999436863219939,"YJL162C"
"YJL163C",30.222174908678,-1.27962922315988,2.29233971333511,-0.558219715741066,0.576694359467678,0.999436863219939,"YJL163C"
"YJL164C",38.6037911991666,-1.02629965456356,1.22487834549775,-0.837878845957155,0.40209875060639,0.999436863219939,"YJL164C"
"YJL165C",18.030413911958,0.0229771927144191,1.43142264116263,0.0160519975398438,0.987192908988594,0.999436863219939,"YJL165C"
"YJL166W",42.4908116797319,0.695994832284688,1.08898360054701,0.639123336600369,0.522742699608321,0.999436863219939,"YJL166W"
"YJL167W",117.96118434626,0.0978879274656072,0.628911165447744,0.155646668152119,0.876311537325045,0.999436863219939,"YJL167W"
"YJL168C",9.18908528366994,0.65121852987711,1.79608300623266,0.362577078908542,0.716920835125457,0.999436863219939,"YJL168C"
"YJL169W",0.475393140906114,0.231415684828978,2.81678228258784,0.0821560424671412,0.934522628255366,0.999436863219939,"YJL169W"
"YJL171C",25.8998716719629,-0.439275380499697,1.33376038739569,-0.329351047347739,0.741890364095385,0.999436863219939,"YJL171C"
"YJL172W",21.3806589283845,-0.149678150233075,1.14207006854035,-0.131058640232446,0.895728919195148,0.999436863219939,"YJL172W"
"YJL173C",18.486144942319,0.00981925567381033,0.99670629539521,0.00985170427755434,0.99213960440941,0.999436863219939,"YJL173C"
"YJL174W",34.3002340821772,-1.05837069164028,1.28887648806231,-0.8211575751773,0.41155651838674,0.999436863219939,"YJL174W"
"YJL176C",13.9788867656594,-0.607903518575716,1.30295107377422,-0.466558975859947,0.640815443711012,0.999436863219939,"YJL176C"
"YJL177W",101.103382570056,-0.152204660285971,0.447466065816857,-0.340147939504906,0.733745121287618,0.999436863219939,"YJL177W"
"YJL178C",9.34895862198314,-3.67772234690502,1.46752761463589,-2.50606687753369,0.0122082526234742,0.602504869681994,"YJL178C"
"YJL179W",5.75437940998971,-0.501445945786326,1.40972544042863,-0.355704686462819,0.72206173500226,0.999436863219939,"YJL179W"
"YJL180C",10.3191303370065,0.719708594620081,1.74187164832236,0.413181186635222,0.679473870812891,0.999436863219939,"YJL180C"
"YJL181W",1.02606124902545,-1.85963962170051,2.42192668628801,-0.767834811940862,0.442585329764453,0.999436863219939,"YJL181W"
"YJL183W",21.9720730611226,-1.21882801734766,1.23136712124499,-0.98981692487887,0.32226361071704,0.999436863219939,"YJL183W"
"YJL184W",7.42838730083307,0.0582942266467474,1.31450737084199,0.0443468237149616,0.96462794843682,0.999436863219939,"YJL184W"
"YJL185C",0.317475238762252,0.425413836488019,5.06194933924333,0.0840415041671695,0.933023432918921,0.999436863219939,"YJL185C"
"YJL186W",18.6264086852734,-0.271503916631445,1.47541605612405,-0.184018545483836,0.853998906169741,0.999436863219939,"YJL186W"
"YJL187C",13.6951219898503,0.502794723939071,1.9864592922696,0.25311101309537,0.800182428702736,0.999436863219939,"YJL187C"
"YJL188C",30.1738485417982,0.499249744286504,0.307028768128281,1.62606829102708,0.103935128585436,0.999436863219939,"YJL188C"
"YJL189W",0.118708455561406,0.23929359449012,5.07085675729692,0.0471899732024138,0.962361818845867,0.999436863219939,"YJL189W"
"YJL190C",212.052975565857,-0.124921497378547,0.421951159174689,-0.296056770226407,0.767186727167332,0.999436863219939,"YJL190C"
"YJL191W",41.0491399487439,0.367361134749679,0.959981919481263,0.382675055951248,0.701960711649278,0.999436863219939,"YJL191W"
"YJL192C",26.657446037218,0.360285542575633,1.08352249930241,0.332513208362164,0.739501767729241,0.999436863219939,"YJL192C"
"YJL193W",3.22564418971122,-1.59288742863076,2.3336503641481,-0.682573299369224,0.494876510789595,0.999436863219939,"YJL193W"
"YJL194W",2.53975526053542,0.8632507805389,3.67721843315202,0.234756459598986,0.814397763573778,0.999436863219939,"YJL194W"
"YJL196C",163.320843955789,-0.310919229654998,0.76495930960817,-0.406451984765382,0.684410529900017,0.999436863219939,"YJL196C"
"YJL197W",34.2162406124802,-0.00551148294646977,1.33574757713258,-0.00412614107696992,0.996707825080562,0.999436863219939,"YJL197W"
"YJL198W",30.1539590590847,-0.340592588372734,2.2210085767156,-0.153350415637025,0.87812194487568,0.999436863219939,"YJL198W"
"YJL199C",7.83868367810388,4.4021780732849,1.87317330076459,2.35011788364057,0.0187674662620191,0.691114032018892,"YJL199C"
"YJL200C",8.4175046708488,-0.41386269500744,1.83710465716177,-0.225279868184993,0.821761560023299,0.999436863219939,"YJL200C"
"YJL201W",15.4738232192762,0.85414628280329,1.79278144842734,0.476436368500223,0.633763529969775,0.999436863219939,"YJL201W"
"YJL202C",0.427451668497677,-2.2743445280635,5.06164591271411,-0.44932904578542,0.653194307752592,0.999436863219939,"YJL202C"
"YJL203W",0.909489957440886,2.91096082620447,4.79243561292229,0.607407393926248,0.543580582778858,0.999436863219939,"YJL203W"
"YJL204C",4.24332099011039,0.738728508978707,2.20784283060829,0.334592888016027,0.737932210533732,0.999436863219939,"YJL204C"
"YJL206C",0.801517299529398,-0.204633008199531,5.07085675729143,-0.0403547207097277,0.967810328459268,0.999436863219939,"YJL206C"
"YJL205C",7.92741855855504,-0.644654889898681,1.15692644104759,-0.557213377641322,0.57738165070079,0.999436863219939,"YJL205C"
"YJL207C",64.5239495406825,0.800707621879657,1.00556361972499,0.79627743702446,0.425870796976838,0.999436863219939,"YJL207C"
"YJL208C",5.11553157198119,0.222414398653057,1.97569270656028,0.112575400979378,0.910367188225819,0.999436863219939,"YJL208C"
"YJL209W",37.1485640321181,-2.39964893463096,1.99003243707914,-1.20583408085198,0.227881471759006,0.999436863219939,"YJL209W"
"YJL210W",28.1776764686042,0.872441842053101,1.29070359720084,0.675942829899267,0.499076943361043,0.999436863219939,"YJL210W"
"YJL211C",1.18973334931487,0.503717239379847,2.19278355808041,0.229715895818194,0.81831254211769,0.999436863219939,"YJL211C"
"YJL212C",17.7661701367061,-8.50526980762703,2.03053478365249,-4.18868461456637,2.8057600936157e-05,0.00491998284651082,"YJL212C"
"YJL213W",13.5149254032533,-3.97485295088126,1.91626822915613,-2.07426752184462,0.0380544723702444,0.91854560433764,"YJL213W"
"YJL214W",1.1454763943941,-0.452996104119917,4.26333148071077,-0.106254018991832,0.915380812522562,0.999436863219939,"YJL214W"
"YJL215C",0.188250673994101,-0.543224830204194,5.06842158712601,-0.107178304106353,0.914647527087925,0.999436863219939,"YJL215C"
"YJL216C",0.150886518629071,0.461223004319022,5.0708567572961,0.090955636570763,0.927527841766095,0.999436863219939,"YJL216C"
"YJL217W",22.7517819464063,-0.117186194855634,1.54943863824725,-0.0756313880155957,0.939712363948161,0.999436863219939,"YJL217W"
"YJL218W",0.814495408738854,4.39429620127187,5.05088908953369,0.870004492947114,0.384297948866637,0.999436863219939,"YJL218W"
"YJL222W",0.185987566435549,-1.35116679869401,5.06744015516626,-0.266636952252213,0.789748701526376,0.999436863219939,"YJL222W"
"YJL225C",0.983937427910216,0.360753706664929,1.5985139879802,0.225680669282575,0.821449793915105,0.999436863219939,"YJL225C"
"YJR001W",55.9485233623358,2.05220262788501,1.29609417041089,1.58337463028201,0.113336101859665,0.999436863219939,"YJR001W"
"YJR002W",25.6450899311286,0.288119521673372,1.30517680752699,0.220751334234396,0.825286058366245,0.999436863219939,"YJR002W"
"YJR003C",9.5039404643438,-0.577826487306432,1.76620109932827,-0.3271578120556,0.743548527719107,0.999436863219939,"YJR003C"
"YJR004C",9.07447617119684,2.38390669416888,2.24408034084486,1.06230897832801,0.288095439799027,0.999436863219939,"YJR004C"
"YJR005W",14.6198105587958,-1.97100265795126,1.71426114807991,-1.14976802697706,0.250239427336151,0.999436863219939,"YJR005W"
"YJR006W",19.0791402015945,0.0949410194809906,2.17703656819641,0.0436102088811698,0.965215113930757,0.999436863219939,"YJR006W"
"YJR007W",62.476380425433,1.14668082206952,0.92570357936507,1.23871274523538,0.215451897004566,0.999436863219939,"YJR007W"
"YJR008W",11.8596643415567,2.64588589036995,2.056528632897,1.286578678286,0.198241179307228,0.999436863219939,"YJR008W"
"YJR009C",885.441615255705,-0.0106486126937784,0.340999013597518,-0.0312276935391577,0.975087954429858,0.999436863219939,"YJR009C"
"YJR010C-A",1.92588263685289,-0.558185346710609,1.9113488067174,-0.292037405600107,0.770258024402266,0.999436863219939,"YJR010C-A"
"YJR010W",11.6279134926972,2.1794846423428,2.16923490283057,1.00472504821809,0.315029263419309,0.999436863219939,"YJR010W"
"YJR011C",9.78681601503135,1.13318991075427,2.34045765144358,0.484174498972596,0.628262033225552,0.999436863219939,"YJR011C"
"YJR012C",12.4374597530644,-1.40127919884863,1.45761578831156,-0.96135017889166,0.336376125588241,0.999436863219939,"YJR012C"
"YJR013W",12.3999428036435,-3.73986109213148,1.96939230492565,-1.89899243679266,0.0575654704149646,0.999436863219939,"YJR013W"
"YJR014W",23.0838240777826,0.604064053121206,0.623786392032607,0.968382864449583,0.332853194109164,0.999436863219939,"YJR014W"
"YJR015W",19.9297119771182,-0.931771730977912,1.61662492182308,-0.576368530757986,0.564366110426318,0.999436863219939,"YJR015W"
"YJR016C",138.708083108087,-0.529326678029994,0.611371670679163,-0.865801775607257,0.386598875307674,0.999436863219939,"YJR016C"
"YJR017C",14.5399049873039,0.15166006638707,0.734279868433261,0.206542590784449,0.83636709923431,0.999436863219939,"YJR017C"
"YJR019C",3.73960490573569,1.34445324235715,3.16236753562687,0.425141362352949,0.67073362697956,0.999436863219939,"YJR019C"
"YJR021C",14.6117880659582,-0.0832579489924758,2.0718455194822,-0.0401854038872956,0.967945314241493,0.999436863219939,"YJR021C"
"YJR024C",1.11540821110575,-2.70724256475688,2.52236110908664,-1.07329698154805,0.283137889080855,0.999436863219939,"YJR024C"
"YJR025C",26.1518584688411,-0.884778031095643,1.34384135434026,-0.65839470428413,0.510284537397936,0.999436863219939,"YJR025C"
"YJR030C",32.9831011692129,0.177676662922491,1.69401448064892,0.104884972916188,0.916467083069673,0.999436863219939,"YJR030C"
"YJR031C",16.6782755860333,-0.86790993505593,1.57097013756531,-0.552467494004067,0.580628099373561,0.999436863219939,"YJR031C"
"YJR032W",8.00466871794869,0.297370060126761,1.77671218798788,0.167370980025488,0.86707815765496,0.999436863219939,"YJR032W"
"YJR033C",14.1277878156429,1.98639669487003,2.25192450968032,0.882088492012559,0.377728954934625,0.999436863219939,"YJR033C"
"YJR034W",8.91376128555869,1.64968425656176,1.75449100424481,0.940263730375659,0.347082298904001,0.999436863219939,"YJR034W"
"YJR035W",7.33798928597686,2.68548407325313,2.35248424441289,1.14155241618775,0.253640112580842,0.999436863219939,"YJR035W"
"YJR036C",1.50219193187183,-1.98639948022573,3.42220382180712,-0.580444527461487,0.561614884959126,0.999436863219939,"YJR036C"
"YJR038C",0.29023893923887,0.578718805660187,5.07085675729439,0.114126435306559,0.909137566786228,0.999436863219939,"YJR038C"
"YJR039W",14.004951784728,4.67677095137728,2.16532249136989,2.15984961594267,0.0307843132469582,0.84970405360354,"YJR039W"
"YJR040W",21.7351034979176,2.77137552176349,1.66257008560264,1.66692252300386,0.0955298116852751,0.999436863219939,"YJR040W"
"YJR041C",8.25298917451673,-1.16575239682922,1.85539361498959,-0.628304628953764,0.529804399837354,0.999436863219939,"YJR041C"
"YJR042W",22.431799973898,-3.26704441014734,1.68458991191361,-1.93937075548324,0.0524562088697841,0.999436863219939,"YJR042W"
"YJR043C",5.8730527318223,1.10940478422197,1.70386196389773,0.651111890357663,0.51497426153112,0.999436863219939,"YJR043C"
"YJR044C",14.9351102194742,-0.547032370153715,1.20343963464102,-0.454557382362506,0.649427700813543,0.999436863219939,"YJR044C"
"YJR045C",183.207487544057,-0.997566609649389,0.574687808959381,-1.73584091066024,0.0825919681649309,0.999436863219939,"YJR045C"
"YJR046W",62.5928659865142,1.96890516344729,1.74703496184184,1.12699814626007,0.259743264746986,0.999436863219939,"YJR046W"
"YJR048W",7.86419660532311,0.994672129879934,1.65976572291333,0.599284655748897,0.548983078392219,0.999436863219939,"YJR048W"
"YJR049C",9.77824513914423,2.02065454348302,1.95376172916738,1.0342379591723,0.301024932499293,0.999436863219939,"YJR049C"
"YJR050W",9.24888936494114,2.92007258345856,1.69818062622357,1.71953003017839,0.0855179043913385,0.999436863219939,"YJR050W"
"YJR051W",15.84811333159,-0.306375309735527,1.94110880111058,-0.157835207155951,0.874586655067626,0.999436863219939,"YJR051W"
"YJR052W",2.51710554298275,-1.30470185936366,2.36496421945669,-0.551679322938504,0.58116807891886,0.999436863219939,"YJR052W"
"YJR053W",1.08450914230275,1.15008925538725,3.30198022303383,0.348302890297312,0.727612723445278,0.999436863219939,"YJR053W"
"YJR054W",7.8544956651012,-1.73536595198788,2.45484261824982,-0.706915359496696,0.479619078357973,0.999436863219939,"YJR054W"
"YJR055W",0.82771315702542,-1.58647050194495,5.06449266961489,-0.313253588353122,0.754088007974195,0.999436863219939,"YJR055W"
"YJR056C",5.19578660092964,0.925026420401392,2.02470988195079,0.456868625301586,0.647765476341413,0.999436863219939,"YJR056C"
"YJR057W",4.90950138286593,-1.17123892122415,2.10480788228437,-0.556458825093811,0.577897234748005,0.999436863219939,"YJR057W"
"YJR058C",48.9928237176221,1.07086659037082,0.901484216524262,1.18789277808948,0.234875655328342,0.999436863219939,"YJR058C"
"YJR059W",67.3855965430958,1.50381533160764,0.851428862129443,1.76622545757559,0.077358031684746,0.999436863219939,"YJR059W"
"YJR060W",19.0479950966661,1.4721579622759,1.58587913547617,0.928291399605228,0.353256434091854,0.999436863219939,"YJR060W"
"YJR061W",35.1653133152187,1.93430311621746,1.68129146800168,1.15048648793567,0.249943556301151,0.999436863219939,"YJR061W"
"YJR062C",14.4276992256794,-0.13325705687015,2.16757024803024,-0.0614776185414273,0.950978838500963,0.999436863219939,"YJR062C"
"YJR063W",6.76159862882136,7.81114051732538,2.04874197560286,3.81265215939498,0.000137483537019601,0.0204919211927716,"YJR063W"
"YJR064W",42.1291454201524,0.785322949691797,0.932776059263157,0.841920139237021,0.399832656644781,0.999436863219939,"YJR064W"
"YJR065C",88.6455452692534,0.524073429457126,0.980056758197027,0.534737835409904,0.592831154685043,0.999436863219939,"YJR065C"
"YJR066W",36.6269606091995,1.39082444121638,1.61460163358625,0.861404084007502,0.389015527520239,0.999436863219939,"YJR066W"
"YJR067C",2.30258243225306,1.49867807524375,2.47747963610806,0.604920441484665,0.545231860192733,0.999436863219939,"YJR067C"
"YJR068W",14.9742841160135,-0.988361993593087,1.17659933955294,-0.840015764388094,0.400899547682154,0.999436863219939,"YJR068W"
"YJR069C",12.5542570762698,-0.528686456735073,1.28887559052849,-0.410192000391823,0.681665108643211,0.999436863219939,"YJR069C"
"YJR070C",22.937533907354,-0.0634455587580459,1.31166026462899,-0.0483704206561381,0.961421032598073,0.999436863219939,"YJR070C"
"YJR071W",0.413196328216463,-1.18661805346475,2.81532391158792,-0.421485445628694,0.673400636851608,0.999436863219939,"YJR071W"
"YJR072C",46.4890719166503,-0.224224373439751,1.11713107397851,-0.200714471795334,0.840921843139302,0.999436863219939,"YJR072C"
"YJR073C",265.92261480454,1.20964704029375,0.619344008949958,1.95311010167774,0.0508065502436872,0.999436863219939,"YJR073C"
"YJR074W",20.2669484750348,1.49069773408104,1.36378259389531,1.09306112334462,0.274366963739106,0.999436863219939,"YJR074W"
"YJR075W",50.5795146831983,0.895762747100927,1.10772855687575,0.808648239264813,0.418717508973076,0.999436863219939,"YJR075W"
"YJR076C",18.4138358429198,-0.692237530799145,1.20573006421943,-0.574123140279567,0.565884475368131,0.999436863219939,"YJR076C"
"YJR077C",30.6165944872296,1.32139535426549,0.851149501671094,1.5524832613673,0.120546634785526,0.999436863219939,"YJR077C"
"YJR078W",0.555717187327,0.4611943807987,5.07085675729142,0.0909499918599644,0.9275323270034,0.999436863219939,"YJR078W"
"YJR079W",1.78730555908243,1.59488762020178,1.24940993738871,1.27651267408287,0.201774349449072,0.999436863219939,"YJR079W"
"YJR080C",9.40738292957241,-1.13975256983712,1.74095924267054,-0.65466930063727,0.512680694845441,0.999436863219939,"YJR080C"
"YJR082C",15.8869186624478,1.93333786995186,1.68218835285894,1.14929928427223,0.250432593129243,0.999436863219939,"YJR082C"
"YJR083C",2.50401537605774,-2.13064579112515,3.72106613385529,-0.572590143383892,0.566922235049548,0.999436863219939,"YJR083C"
"YJR084W",9.26019362313528,-3.01320960282185,2.00757180596618,-1.50092245461262,0.133375619602429,0.999436863219939,"YJR084W"
"YJR085C",96.4646937061378,0.20931733717928,0.629736483132519,0.332388773377184,0.739595714672229,0.999436863219939,"YJR085C"
"YJR086W",12.1130578262199,-0.103866589813098,0.824325505471394,-0.126001912016178,0.899730411069484,0.999436863219939,"YJR086W"
"YJR088C",7.15994353500014,1.83633739427818,1.44771476831371,1.26843866932236,0.204641339663506,0.999436863219939,"YJR088C"
"YJR089W",22.2549864172792,-1.98483723668904,1.63975365408392,-1.21044843031492,0.226106867749221,0.999436863219939,"YJR089W"
"YJR090C",23.0555882427524,-0.549419005066723,1.68316798838436,-0.326419590235968,0.744106917665804,0.999436863219939,"YJR090C"
"YJR091C",105.647587171035,-0.69607092092582,1.21664902272894,-0.572121382520438,0.567239743944613,0.999436863219939,"YJR091C"
"YJR092W",35.8610054550868,0.782045413012534,1.39468271037498,0.56073356842738,0.574979179656882,0.999436863219939,"YJR092W"
"YJR093C",26.0498948719948,3.23092567139655,1.9629492347494,1.64595477773985,0.0997730698360741,0.999436863219939,"YJR093C"
"YJR094C",0.332586980616368,0.461203048272787,5.07085675729261,0.0909517011320645,0.927530968830655,0.999436863219939,"YJR094C"
"YJR094W-A",236.341018986222,0.250912329242252,0.291411821115013,0.861023167427458,0.389225283445136,0.999436863219939,"YJR094W-A"
"YJR095W",0.209717703621729,-0.813655551614636,5.07018707245934,-0.160478408387398,0.872504228799164,0.999436863219939,"YJR095W"
"YJR096W",59.1144398846582,0.371190023389213,1.3112056505835,0.283090622149187,0.777107370130909,0.999436863219939,"YJR096W"
"YJR097W",1.1907201317429,-1.15362718236953,3.70386107632148,-0.311466104855981,0.75544630666433,0.999436863219939,"YJR097W"
"YJR098C",7.76703303357609,4.06240338634708,2.20034273061035,1.84625937124814,0.0648545539739567,0.999436863219939,"YJR098C"
"YJR099W",15.04085709774,1.58837464474094,1.74210895377603,0.911753906836962,0.361898279495345,0.999436863219939,"YJR099W"
"YJR100C",26.4971749084306,0.0540962566105162,1.51908628181792,0.035611049390676,0.971592497771409,0.999436863219939,"YJR100C"
"YJR101W",18.012154029319,-0.0806641832747676,1.68181295423335,-0.0479626364345243,0.961746020123769,0.999436863219939,"YJR101W"
"YJR102C",7.88342435428821,0.193475137041845,1.68115503449876,0.115084648989277,0.908378027385102,0.999436863219939,"YJR102C"
"YJR103W",25.3152583444506,-1.13526297382559,0.829815429827252,-1.36809094290031,0.171283611363186,0.999436863219939,"YJR103W"
"YJR104C",825.7679157561,0.300406016407603,0.277777471684422,1.08146285077031,0.279491277034895,0.999436863219939,"YJR104C"
"YJR105W",126.29181492589,-0.8368208639679,0.603082192657573,-1.38757349189888,0.165266957982686,0.999436863219939,"YJR105W"
"YJR106W",10.9581554855248,2.27609587189781,1.88279401617262,1.20889266289719,0.226704085326184,0.999436863219939,"YJR106W"
"YJR107W",14.4831189874776,1.32119517111823,1.75954600902609,0.750872761690107,0.452729234389637,0.999436863219939,"YJR107W"
"YJR108W",1.73415713147393,-1.38543408141317,2.27241887242002,-0.609673726190166,0.54207796242295,0.999436863219939,"YJR108W"
"YJR109C",197.094817359615,0.332862990395553,0.754678156008131,0.441066152167741,0.659165106777228,0.999436863219939,"YJR109C"
"YJR110W",4.65962762474721,0.603613699322703,2.49105959990381,0.242312026314429,0.808538395758368,0.999436863219939,"YJR110W"
"YJR111C",7.3805166441758,0.9764945442126,2.77588910457049,0.351777217110297,0.725005345953435,0.999436863219939,"YJR111C"
"YJR112W",1.49322778954035,-3.30918828732768,2.49898900353896,-1.32421082391373,0.185433037076879,0.999436863219939,"YJR112W"
"YJR113C",16.2551914718561,1.04648326010411,1.05730287746355,0.989766775831169,0.32228812765488,0.999436863219939,"YJR113C"
"YJR115W",1.16312574766587,-0.439168258890333,4.62088688857401,-0.0950398201644488,0.924283198134757,0.999436863219939,"YJR115W"
"YJR116W",8.41668251777361,1.57427431380977,2.54141368239417,0.619448271926635,0.535621089118554,0.999436863219939,"YJR116W"
"YJR117W",102.195603430516,0.490784682754175,0.826828337099984,0.593575063568275,0.552796363622047,0.999436863219939,"YJR117W"
"YJR118C",15.5861989906691,0.938811633456633,1.35353577231202,0.693599425047347,0.487933454413246,0.999436863219939,"YJR118C"
"YJR119C",4.79431177722485,-5.22710140982683,2.8228033196689,-1.8517412720203,0.0640629844154415,0.999436863219939,"YJR119C"
"YJR120W",4.23089889847216,0.231235067012347,0.498160972957565,0.464177403620184,0.642520649090603,0.999436863219939,"YJR120W"
"YJR121W",130.97429402462,-0.0306457860980859,0.543182130585335,-0.0564189879830212,0.95500803082351,0.999436863219939,"YJR121W"
"YJR122W",21.9439271909287,0.182045026110269,1.94000157442939,0.0938375661699208,0.925238189842049,0.999436863219939,"YJR122W"
"YJR123W",642.097672378359,-0.112574983147626,0.314923863985048,-0.357467299311974,0.720742002546865,0.999436863219939,"YJR123W"
"YJR124C",9.87884062193401,-1.64517871568162,2.36155025050899,-0.696652004473344,0.486020602046708,0.999436863219939,"YJR124C"
"YJR125C",14.9771524053487,-0.19996494592857,1.34633614193161,-0.148525275152813,0.881928240477025,0.999436863219939,"YJR125C"
"YJR126C",37.7702906626287,-0.900292132410917,1.45604412160487,-0.618313771576237,0.536368525630497,0.999436863219939,"YJR126C"
"YJR127C",28.3713842023082,3.6129573601134,1.98578829501969,1.81940711866145,0.068849341468357,0.999436863219939,"YJR127C"
"YJR128W",0.117386277980317,-1.60449264314791,5.06553824063773,-0.316746724025504,0.751435792161159,0.999436863219939,"YJR128W"
"YJR129C",9.9352580356269,-1.65803398729155,2.06830871037599,-0.801637579039226,0.422762633174423,0.999436863219939,"YJR129C"
"YJR130C",14.9727605629164,3.40001793043806,2.29162624910396,1.48367035495753,0.137896394597701,0.999436863219939,"YJR130C"
"YJR131W",2.14133341762042,-2.2893067741895,2.85553910880408,-0.801707378873293,0.42272224645927,0.999436863219939,"YJR131W"
"YJR132W",18.9441293498084,-3.15651884137006,1.78485919040781,-1.76849740211094,0.0769777861228552,0.999436863219939,"YJR132W"
"YJR133W",22.7882212729004,0.242126801582299,1.36831487377038,0.176952546686218,0.859545663528763,0.999436863219939,"YJR133W"
"YJR134C",29.2515228297801,0.751815110637655,1.13152587065139,0.664425913836911,0.506417751765068,0.999436863219939,"YJR134C"
"YJR135C",3.80986324779569,-0.426072403053574,3.07720456394944,-0.138460864137915,0.889876197540279,0.999436863219939,"YJR135C"
"YJR136C",0.978920788443591,2.50679613910154,4.74190430436092,0.528647559756983,0.597049961405306,0.999436863219939,"YJR136C"
"YJR137C",56.3825674697563,1.27687850062549,1.43083823992541,0.892398920434253,0.372179149563772,0.999436863219939,"YJR137C"
"YJR138W",18.1288530813398,-0.445782107699647,1.58307181798967,-0.281593104389757,0.778255528232774,0.999436863219939,"YJR138W"
"YJR139C",118.529764852965,0.716420183269027,0.513210375068344,1.39595810621253,0.16272711116961,0.999436863219939,"YJR139C"
"YJR140C",27.9593538359178,2.92295841137405,1.75674067997288,1.66385309152127,0.096141791137947,0.999436863219939,"YJR140C"
"YJR141W",6.41555856958325,1.07830494494996,2.66929075117829,0.403966838185001,0.6862371051083,0.999436863219939,"YJR141W"
"YJR142W",13.9242517765016,2.4488774811546,1.6919498804697,1.44736998975098,0.147793326218744,0.999436863219939,"YJR142W"
"YJR143C",58.4921232482378,-0.352279806079766,0.979859656446096,-0.359520676009326,0.719205613125461,0.999436863219939,"YJR143C"
"YJR144W",23.6039528712758,0.245238325861167,1.40056712864207,0.175099301451505,0.861001607152334,0.999436863219939,"YJR144W"
"YJR145C",463.796405185983,-0.00682849173418834,0.308123980133959,-0.022161506972679,0.982319123029451,0.999436863219939,"YJR145C"
"YJR146W",1.34900460597467,1.10064488519855,3.23078228417238,0.340674421359376,0.733348696783259,0.999436863219939,"YJR146W"
"YJR147W",25.7354781227532,2.47568673949433,1.8485282519587,1.33927449411233,0.180481328898094,0.999436863219939,"YJR147W"
"YJR148W",39.1805125592618,0.390400578309561,1.59160619880118,0.245287168775552,0.806234086172837,0.999436863219939,"YJR148W"
"YJR149W",5.89416429508543,-4.80027451057119,2.91175046696537,-1.64858718665341,0.0992322355398027,0.999436863219939,"YJR149W"
"YJR150C",0.306913155535786,0.46121501852092,5.07085675729394,0.0909540617288205,0.92752909312135,0.999436863219939,"YJR150C"
"YJR151C",3.33072441894871,-0.397629492773232,4.19187407092444,-0.0948572132763382,0.924428242073948,0.999436863219939,"YJR151C"
"YJR152W",0.14372729218352,0.461225992105764,5.07085675729618,0.0909562257782438,0.927527373587172,0.999436863219939,"YJR152W"
"YJR153W",4.34907602585861,1.69590659698007,4.19352965131531,0.404410303012438,0.685911025048962,0.999436863219939,"YJR153W"
"YJR154W",3.3705342018434,0.953202697661204,3.31768275178779,0.287309778835108,0.773875135741825,0.999436863219939,"YJR154W"
"YJR155W",10.6081778965278,2.42018533638494,2.53108034608509,0.95618668926426,0.338977923570945,0.999436863219939,"YJR155W"
"YJR156C",0.163737482078027,-2.08536483390153,5.06256818755384,-0.411918369618868,0.680399256087784,0.999436863219939,"YJR156C"
"YJR159W",0.115021654806017,-1.11005789802542,5.06919015969763,-0.218981309253476,0.826664607485728,0.999436863219939,"YJR159W"
"YJR160C",0.0953826999460135,0.859437002749173,5.07085675729668,0.169485561096257,0.865414728641173,0.999436863219939,"YJR160C"
"YJR161C",1.72483688201684,-1.52134993966857,3.04718157669964,-0.499264615965655,0.617592979054304,0.999436863219939,"YJR161C"
"YLL001W",15.4585346284067,-0.626606032674788,1.83168114332263,-0.342093401441114,0.732280603108645,0.999436863219939,"YLL001W"
"YLL002W",13.2649390921489,2.42243676936896,2.65105777488262,0.913762345098728,0.360841736390491,0.999436863219939,"YLL002W"
"YLL003W",16.1862194236544,0.452027145368575,2.13421476785179,0.211800214382157,0.832262901263118,0.999436863219939,"YLL003W"
"YLL004W",5.93197027418956,-2.13930144317185,2.78444026952512,-0.768305740505866,0.442305565010714,0.999436863219939,"YLL004W"
"YLL005C",7.54164015990041,2.03309845215779,1.95979479592787,1.03740374062746,0.299547735767373,0.999436863219939,"YLL005C"
"YLL006W",12.1608815642881,1.07048168182944,2.14911399067274,0.498103723895234,0.618410935973563,0.999436863219939,"YLL006W"
"YLL007C",1.55063699475088,2.28811198946064,3.86518157012151,0.591980466622351,0.553863668691869,0.999436863219939,"YLL007C"
"YLL008W",32.2241120774594,-0.11198498430544,1.09706048203349,-0.10207731126899,0.918695309913583,0.999436863219939,"YLL008W"
"YLL009C",23.4451479583949,0.991505781028006,0.878168999908129,1.12906033022315,0.25887238440192,0.999436863219939,"YLL009C"
"YLL010C",15.6001170187423,-2.31756675045611,1.84156415886373,-1.25847733259865,0.208219179871679,0.999436863219939,"YLL010C"
"YLL011W",9.62485363147985,-2.422823354368,1.5014065341603,-1.61370241786181,0.106591989259867,0.999436863219939,"YLL011W"
"YLL012W",9.42405766835108,-0.47256978635488,2.15064848343756,-0.219733624529627,0.826078615998793,0.999436863219939,"YLL012W"
"YLL013C",38.4853792073013,-1.08036447789256,1.12931756529993,-0.956652505095525,0.338742678043167,0.999436863219939,"YLL013C"
"YLL014W",11.2520111829015,-0.435622352622302,0.895857754267491,-0.486262858748702,0.626780809056694,0.999436863219939,"YLL014W"
"YLL015W",42.4214308283778,0.424411298063039,1.68993907517722,0.25113999924437,0.801705871719483,0.999436863219939,"YLL015W"
"YLL018C",116.162409752723,-0.54114721058399,0.530881038529539,-1.01933798969895,0.308042534339667,0.999436863219939,"YLL018C"
"YLL019C",7.20699771259494,1.31943635075403,2.60534255815932,0.506434881901372,0.612551392345,0.999436863219939,"YLL019C"
"YLL021W",75.88204697626,0.539213093976923,0.870252387504789,0.619605417599565,0.535517599105146,0.999436863219939,"YLL021W"
"YLL022C",16.6829231533062,1.19489403395467,1.94343976964104,0.614834610580894,0.538663949776732,0.999436863219939,"YLL022C"
"YLL023C",56.4997780502816,-0.63790881153033,1.16188706109616,-0.549028242838427,0.582986067913047,0.999436863219939,"YLL023C"
"YLL024C",279.326335217732,-0.464196261522506,0.393456410957766,-1.17979081950283,0.238083421750832,0.999436863219939,"YLL024C"
"YLL025W",2.37272612060719,-1.16541603706346,3.37171528331474,-0.345644854068976,0.729609632564103,0.999436863219939,"YLL025W"
"YLL026W",205.455227630037,-0.123316140899992,0.900710426776168,-0.136909862741754,0.891102042910014,0.999436863219939,"YLL026W"
"YLL027W",9.62745931952568,2.73538546154322,1.85796138310113,1.47225097702385,0.140953116134593,0.999436863219939,"YLL027W"
"YLL028W",19.5692723385115,-1.56722271475859,1.49521605719733,-1.04815802854353,0.29456580443896,0.999436863219939,"YLL028W"
"YLL029W",39.496435267333,0.07159563596333,1.0557617113243,0.067814200112944,0.945933539729897,0.999436863219939,"YLL029W"
"YLL030C",0.226637997120597,3.01485784557948,5.05853193039621,0.59599462592368,0.551178816850552,0.999436863219939,"YLL030C"
"YLL031C",26.4787321693016,-0.718000252245052,1.48180936753163,-0.484542929729944,0.628000605005991,0.999436863219939,"YLL031C"
"YLL032C",11.6303327924642,-0.352274624911356,2.08854074597023,-0.168670218951227,0.86605604494505,0.999436863219939,"YLL032C"
"YLL033W",4.47720414716729,3.53769515761061,2.3293354977892,1.5187572425562,0.128823612073809,0.999436863219939,"YLL033W"
"YLL034C",17.85666097647,0.678689212013006,1.43408195417217,0.473256922338711,0.636029891445461,0.999436863219939,"YLL034C"
"YLL035W",24.2282506914455,-2.05870455703782,2.01776496098055,-1.02028957626332,0.307591145458484,0.999436863219939,"YLL035W"
"YLL036C",10.9103117122139,-2.05596368791009,1.74596260180096,-1.17755310783253,0.238974813475128,0.999436863219939,"YLL036C"
"YLL038C",2.8000363693615,2.18511099928064,2.65148558474003,0.824108194989446,0.409878084157588,0.999436863219939,"YLL038C"
"YLL039C",92.7022662773711,-1.03871079598089,0.796657651039718,-1.30383583792268,0.192289560548462,0.999436863219939,"YLL039C"
"YLL040C",105.070430127501,0.894872110951648,0.971911535372366,0.920734118675521,0.357189258477093,0.999436863219939,"YLL040C"
"YLL041C",21.3029402872371,-0.717124398894917,1.82403251526138,-0.393153297923614,0.694206260884271,0.999436863219939,"YLL041C"
"YLL042C",0.417988041054198,-0.86473152231884,2.3162036486828,-0.373340022502167,0.708895392589662,0.999436863219939,"YLL042C"
"YLL043W",26.4524272448431,0.0521734918564517,1.23991799241665,0.0420781795050521,0.966436374994137,0.999436863219939,"YLL043W"
"YLL045C",222.496023736067,0.100066855460768,0.288225710710373,0.347182266336125,0.728454392649821,0.999436863219939,"YLL045C"
"YLL047W",0.3147604325122,0.461209312600121,5.07085675729261,0.090952936490828,0.927529987225457,0.999436863219939,"YLL047W"
"YLL048C",23.3755910001311,2.18862363437435,1.54154647346131,1.41975845169308,0.1556780146522,0.999436863219939,"YLL048C"
"YLL049W",0.260055055398026,2.66527666025256,5.0569599017225,0.527051175419585,0.598158050921962,0.999436863219939,"YLL049W"
"YLL050C",172.403155049769,0.360203365450298,0.325165973588029,1.10775233175738,0.267968791841566,0.999436863219939,"YLL050C"
"YLL051C",30.9647986671889,1.60609991492045,1.1502338292831,1.39632470723059,0.162616736865809,0.999436863219939,"YLL051C"
"YLL052C",0.106351360883474,0.461024271746051,5.07004803959144,0.0909309474281039,0.927547459557607,0.999436863219939,"YLL052C"
"YLL053C",0.196309064473725,-0.872900368166776,5.06721292733967,-0.172264394783397,0.863229674714521,0.999436863219939,"YLL053C"
"YLL054C",3.10226617204959,-1.33193332780888,2.94241848265272,-0.452666177724688,0.650789137740665,0.999436863219939,"YLL054C"
"YLL055W",11.3825290528107,0.172922606124199,2.57104483386136,0.0672577171143659,0.946376537484441,0.999436863219939,"YLL055W"
"YLL056C",3.09039846643942,-1.66123064234319,2.74652332651711,-0.604848546635071,0.545279633671637,0.999436863219939,"YLL056C"
"YLL057C",3.65501854526133,-1.48057187991024,3.40046476990877,-0.435402799350266,0.663270078798657,0.999436863219939,"YLL057C"
"YLL058W",12.6892819779004,-1.03051241536967,2.65490927529446,-0.388153533139235,0.697902417722301,0.999436863219939,"YLL058W"
"YLL059C",0.895019860204687,3.87023648191019,5.0532265270906,0.765894119561364,0.443739305145583,0.999436863219939,"YLL059C"
"YLL060C",75.7085275099943,-0.00896805265275375,0.889725284258897,-0.0100795749108375,0.99195779897778,0.999436863219939,"YLL060C"
"YLL061W",12.4331102965186,0.103468376097347,2.38414774117784,0.0433984749813492,0.965383893346207,0.999436863219939,"YLL061W"
"YLL062C",2.71756572861506,1.58664364333635,3.29616506849753,0.481360493289729,0.630260309897,0.999436863219939,"YLL062C"
"YLL063C",1.98850524165231,-4.62023098793344,3.89449444582139,-1.18634935861591,0.235484361785632,0.999436863219939,"YLL063C"
"YLL065W",0.696040243467796,2.21762949497152,2.61396560781852,0.848377456971301,0.396227793073788,0.999436863219939,"YLL065W"
"YLL066C",4.59531361668188,0.718143184477775,0.730907322272547,0.982536585137654,0.325835568412357,0.999436863219939,"YLL066C"
"YLL067C",3.58018577850891,0.108218501369033,0.711614697371301,0.152074573176737,0.879128118596735,0.999436863219939,"YLL067C"
"YLR001C",24.3553918786609,-0.433266296836567,2.12724140409768,-0.20367518985009,0.838607331414636,0.999436863219939,"YLR001C"
"YLR002C",15.9264701063767,-3.89253967200533,1.41341174926075,-2.75400262806732,0.00588712954262559,0.412930192154515,"YLR002C"
"YLR003C",10.1156790611172,0.117231340314564,1.0873592808443,0.107812884278265,0.914144122290335,0.999436863219939,"YLR003C"
"YLR004C",0.461962276905736,4.457322877552,5.0510320583247,0.882457847442446,0.377529265151469,0.999436863219939,"YLR004C"
"YLR005W",14.187014085637,-1.04906371525239,1.66487326130263,-0.630116261481417,0.528618521088116,0.999436863219939,"YLR005W"
"YLR006C",12.5256735367154,-0.410747888551968,1.81122069729346,-0.226779590784135,0.820595134462586,0.999436863219939,"YLR006C"
"YLR007W",21.371512431706,0.127567786074402,1.19906434944351,0.106389441178538,0.91527337025053,0.999436863219939,"YLR007W"
"YLR008C",13.0981627548498,-0.313265876073454,1.19016667755185,-0.263211768554836,0.792387360540768,0.999436863219939,"YLR008C"
"YLR009W",17.0044110905485,1.87094780096367,1.01644913282559,1.84067036956654,0.065669878613652,0.999436863219939,"YLR009W"
"YLR010C",1.08982141959786,-0.485328461770491,4.65924584982635,-0.104164596034051,0.917038729363774,0.999436863219939,"YLR010C"
"YLR011W",11.9928689638975,0.0646961423829571,1.8784229783559,0.0344417328410148,0.972524905203393,0.999436863219939,"YLR011W"
"YLR014C",1.92531908802834,-3.47469942719638,3.93404315356401,-0.883238767741656,0.377107279560172,0.999436863219939,"YLR014C"
"YLR015W",13.9270369517262,-3.28027015219045,1.72644725402338,-1.90001179853366,0.0574315713085601,0.999436863219939,"YLR015W"
"YLR016C",12.1396838013051,-3.92493647542899,1.67513920808374,-2.34305092764134,0.0191267721038439,0.691114032018892,"YLR016C"
"YLR017W",21.804908674372,-2.52645175550295,1.39482259003273,-1.81130688128851,0.0700933610946334,0.999436863219939,"YLR017W"
"YLR018C",4.76199564805744,-1.09519608021244,2.0261755972396,-0.540523773805443,0.588835870251888,0.999436863219939,"YLR018C"
"YLR019W",18.830395960701,-1.62124410877631,1.75554973562831,-0.923496541210813,0.355748502033337,0.999436863219939,"YLR019W"
"YLR020C",27.7236653390502,-0.161117515105852,1.52685583566163,-0.105522414980348,0.915961284697881,0.999436863219939,"YLR020C"
"YLR021W",9.21924694749915,-1.99980367456279,1.74478454197004,-1.14616081611131,0.251728617597474,0.999436863219939,"YLR021W"
"YLR022C",13.3942009311745,1.49180174362652,1.36184487343389,1.09542707302995,0.273329578743051,0.999436863219939,"YLR022C"
"YLR023C",36.1355925372123,0.526134729891046,1.27855553412126,0.411507138993891,0.68070070758569,0.999436863219939,"YLR023C"
"YLR024C",31.509492455506,0.649136426564077,1.43066588844117,0.453730274698426,0.650022973852384,0.999436863219939,"YLR024C"
"YLR025W",25.3774410895487,2.30252922454722,0.970527010520928,2.37245249188,0.0176704354234418,0.672250780778384,"YLR025W"
"YLR026C",10.4433667904241,-0.934637529283422,1.54029869312023,-0.606789795679239,0.543990420978065,0.999436863219939,"YLR026C"
"YLR027C",83.2794622387289,-0.363221977477909,0.794728784262237,-0.457038910217774,0.647643078310186,0.999436863219939,"YLR027C"
"YLR028C",116.992347435395,0.567016122384967,0.775977507240075,0.730712059427699,0.464955047983761,0.999436863219939,"YLR028C"
"YLR029C",400.045731934559,0.0171623780445475,0.251720557509026,0.0681802798086211,0.94564212487011,0.999436863219939,"YLR029C"
"YLR030W",0.810210919684804,0.965534529709878,3.95434243700554,0.244170692116649,0.807098624500579,0.999436863219939,"YLR030W"
"YLR032W",5.18007070792592,-0.329403030739441,2.10021392454487,-0.156842608693219,0.87536889151387,0.999436863219939,"YLR032W"
"YLR033W",22.4685169894524,0.741966557436974,1.61404440056417,0.459694019060213,0.645735863131453,0.999436863219939,"YLR033W"
"YLR034C",10.2898919749893,-1.36405203173437,1.87450178448537,-0.727687774439147,0.466804735853129,0.999436863219939,"YLR034C"
"YLR035C",6.27005270821938,-1.51216932523843,3.28338615775796,-0.460551775692143,0.645120216901627,0.999436863219939,"YLR035C"
"YLR036C",4.31975469127856,1.19727032496501,2.04232025049476,0.58623045267997,0.557720659924472,0.999436863219939,"YLR036C"
"YLR037C",0.737666460861232,0.461177891106777,5.07085675728887,0.0909467400048084,0.927534910899809,0.999436863219939,"YLR037C"
"YLR038C",17.3884589216034,-1.29045564752716,0.90599861028188,-1.42434616663006,0.154346289479737,0.999436863219939,"YLR038C"
"YLR039C",9.00568438826758,3.78025749924634,2.34793739386953,1.61003334633905,0.107390576667991,0.999436863219939,"YLR039C"
"YLR040C",22.4127316261734,0.701169856967502,1.11344722229256,0.629728866289514,0.528871992936478,0.999436863219939,"YLR040C"
"YLR042C",8.74290459250996,-0.783577590513592,1.87028953995344,-0.418960580046391,0.675244941947879,0.999436863219939,"YLR042C"
"YLR043C",45.3319206617518,0.630042977869026,0.468505769281342,1.3447923572755,0.178692299060119,0.999436863219939,"YLR043C"
"YLR044C",5607.74278935325,-0.0858514664124491,0.167674843663236,-0.512011608520574,0.608642885157209,0.999436863219939,"YLR044C"
"YLR045C",24.0846480207673,1.47595610001301,1.48889541551923,0.991309453054023,0.321534498500106,0.999436863219939,"YLR045C"
"YLR046C",13.3000904037243,1.57085527269944,2.17886426925776,0.720951412560708,0.470939409126022,0.999436863219939,"YLR046C"
"YLR047C",8.68546866304334,-2.14456048688008,2.60922856859933,-0.821913615652042,0.41112606321614,0.999436863219939,"YLR047C"
"YLR048W",557.164912610257,0.166878253227042,0.360417233322572,0.463014078679436,0.643354275715151,0.999436863219939,"YLR048W"
"YLR049C",1.47699387249357,-0.672573969357612,3.65046367145373,-0.184243435872838,0.853822485791824,0.999436863219939,"YLR049C"
"YLR050C",1.15686023942782,-0.18033397322702,4.28479230137099,-0.0420869812451163,0.966429358437346,0.999436863219939,"YLR050C"
"YLR051C",12.7823820496982,-0.718674951577821,1.37547817424116,-0.522490988978657,0.601328518836164,0.999436863219939,"YLR051C"
"YLR052W",11.8704565456475,0.344980799092246,1.54432063657211,0.223386770158037,0.823234500079049,0.999436863219939,"YLR052W"
"YLR053C",5.03640615915025,-1.80176313411608,2.65220324964446,-0.679345798387666,0.496918784209445,0.999436863219939,"YLR053C"
"YLR054C",0.19191432173329,-0.347276900123813,5.06109609363671,-0.0686169346913691,0.945294538703477,0.999436863219939,"YLR054C"
"YLR055C",22.1225582146458,-0.71710974882598,1.74042778643002,-0.412030740038298,0.680316892136193,0.999436863219939,"YLR055C"
"YLR056W",238.244775255851,1.45258857659489,0.754408058660127,1.92546800093144,0.0541708354691626,0.999436863219939,"YLR056W"
"YLR057W",21.575201128588,1.25156027227245,1.50421908905299,0.83203323331071,0.405390186222245,0.999436863219939,"YLR057W"
"YLR058C",108.327662965776,-0.0753201067218729,1.020644202253,-0.0737966340822873,0.941172205337495,0.999436863219939,"YLR058C"
"YLR059C",28.7206028950433,-0.101991697323141,1.25009469751034,-0.0815871769764845,0.934974998587779,0.999436863219939,"YLR059C"
"YLR060W",56.7564796329213,0.123837727717566,0.886302694446043,0.139723966195282,0.888878089869755,0.999436863219939,"YLR060W"
"YLR061W",0.361727791628091,0.751025679291932,2.19116237434291,0.342752179430404,0.731784904283403,0.999436863219939,"YLR061W"
"YLR062C",1.44290064258554,0.0743274548649939,0.486654848384348,0.152731355932762,0.878610132396589,0.999436863219939,"YLR062C"
"YLR063W",2.65588041509892,-3.68521386258232,2.8749943452858,-1.28181603856893,0.199907186581645,0.999436863219939,"YLR063W"
"YLR064W",13.0965837295251,-1.13915195211099,1.17618407833324,-0.968515025067562,0.332787218840556,0.999436863219939,"YLR064W"
"YLR065C",35.2925752781155,-0.171746091060651,1.02690634916492,-0.167246108859211,0.867176405675976,0.999436863219939,"YLR065C"
"YLR066W",12.5731588135611,0.649125918904029,1.33709800486733,0.485473702407055,0.627340362524847,0.999436863219939,"YLR066W"
"YLR067C",1.83684064335108,1.13460707851136,2.4857489882157,0.456444751215928,0.648070191495531,0.999436863219939,"YLR067C"
"YLR068W",3.62265601651617,-0.0817581094809153,1.48437635862988,-0.0550790970265656,0.956075449017357,0.999436863219939,"YLR068W"
"YLR069C",24.4627569302069,0.171588610123294,1.75313436386973,0.0978753332656964,0.922031287127458,0.999436863219939,"YLR069C"
"YLR070C",8.24201573947663,-4.41383063169686,2.44731407679012,-1.80354073617147,0.0713033338571005,0.999436863219939,"YLR070C"
"YLR071C",18.994667900587,-0.874163530987764,2.08339728516631,-0.419585614904928,0.674788198846859,0.999436863219939,"YLR071C"
"YLR072W",28.6813858338894,-0.866236504229736,1.57565784329543,-0.549761807689183,0.582482757455645,0.999436863219939,"YLR072W"
"YLR073C",10.1452980939788,-1.50530324527998,1.46586653927998,-1.02690334006762,0.304465981394633,0.999436863219939,"YLR073C"
"YLR074C",48.8417837721612,0.781575531921958,1.13423008504476,0.689080233567527,0.490772778212632,0.999436863219939,"YLR074C"
"YLR075W",176.744916929724,0.000602799306961104,0.340833693633326,0.00176860245398627,0.99858886014343,0.999436863219939,"YLR075W"
"YLR076C",28.4276886955429,0.111072599392878,0.213140775204007,0.521123183898367,0.602280961467635,0.999436863219939,"YLR076C"
"YLR077W",18.3339453032752,2.50215291702995,1.6656166896791,1.50223813950377,0.133035618220399,0.999436863219939,"YLR077W"
"YLR078C",30.8345434856712,0.932932936365724,1.13566145475477,0.821488598085046,0.41136801604681,0.999436863219939,"YLR078C"
"YLR079W",12.4725293582642,-1.41181081990674,1.61729091815464,-0.87294796752933,0.382691439283452,0.999436863219939,"YLR079W"
"YLR080W",1.81547319750379,-0.10251648247446,3.16146939134269,-0.0324268464389342,0.974131653379616,0.999436863219939,"YLR080W"
"YLR081W",0.112300209978959,1.8059315546265,5.06851639441267,0.356303780849419,0.721613078177036,0.999436863219939,"YLR081W"
"YLR082C",0.30170239927398,-2.15178430863429,5.06009628699141,-0.425245723913622,0.670657555357863,0.999436863219939,"YLR082C"
"YLR083C",25.7939374186518,-0.150119587370751,1.17323199401608,-0.127953881360565,0.898185470286915,0.999436863219939,"YLR083C"
"YLR084C",18.4606312737387,1.45685551841127,1.7697148433588,0.823214838186168,0.410385832302306,0.999436863219939,"YLR084C"
"YLR085C",5.15765924522675,-3.04851011303535,3.15290067641156,-0.966890627365077,0.333598712555442,0.999436863219939,"YLR085C"
"YLR086W",33.3016870236223,1.30058964553901,1.16675489284931,1.11470682789498,0.264976074131429,0.999436863219939,"YLR086W"
"YLR087C",31.8691631263855,0.604161387878029,1.56703462896956,0.385544375796793,0.699834135526934,0.999436863219939,"YLR087C"
"YLR088W",14.4839014965157,-0.146150318680504,1.77365977781269,-0.0824004245395579,0.934328298465766,0.999436863219939,"YLR088W"
"YLR089C",65.0373643528722,1.61649810640138,1.15606637168059,1.3982744814655,0.162030657868651,0.999436863219939,"YLR089C"
"YLR090W",23.2350358755056,-1.77091140667449,1.85510372831629,-0.954615841498948,0.33977200306918,0.999436863219939,"YLR090W"
"YLR091W",3.20440183471628,-0.38685647277433,2.93930065621219,-0.131615141838829,0.895288708263349,0.999436863219939,"YLR091W"
"YLR092W",19.4616962062835,-3.47571236643846,2.04257199607204,-1.70163518011723,0.08882377839384,0.999436863219939,"YLR092W"
"YLR093C",31.3708372020393,0.6465780860539,1.26465815638084,0.511267082564239,0.609164051327598,0.999436863219939,"YLR093C"
"YLR094C",18.0175192360686,-0.89400679575088,1.44096661709257,-0.620421587250031,0.534980263696297,0.999436863219939,"YLR094C"
"YLR095C",32.7128112992412,-0.44240071478767,1.30571049286385,-0.338819912381449,0.73474539971586,0.999436863219939,"YLR095C"
"YLR096W",20.1680514000095,-0.0707191947359697,1.4417861798954,-0.0490497105063804,0.960879680331023,0.999436863219939,"YLR096W"
"YLR097C",18.1025150823128,1.29784405055056,1.81655508241532,0.714453452644513,0.474946829243182,0.999436863219939,"YLR097C"
"YLR098C",1.1726375575703,1.0978407424973,4.63004277155472,0.237112440783924,0.812569561197009,0.999436863219939,"YLR098C"
"YLR099C",30.1390299053193,1.01692580039434,1.49874444397793,0.678518478904411,0.497443011391481,0.999436863219939,"YLR099C"
"YLR100W",32.0617043042475,2.22123854003017,1.24773685980996,1.7802139309794,0.0750409563699776,0.999436863219939,"YLR100W"
"YLR101C",3.6929941563511,0.151566549375522,0.914214300907391,0.1657888628794,0.868323110964459,0.999436863219939,"YLR101C"
"YLR102C",7.3543643935614,-0.607097073244894,1.91505927963971,-0.317012157116677,0.751234377625037,0.999436863219939,"YLR102C"
"YLR103C",1.87056205553352,-1.86468663491011,2.72102193665331,-0.685289085615959,0.493161517700612,0.999436863219939,"YLR103C"
"YLR104W",10.6113295376964,0.862141216831918,1.41006279367743,0.611420442194253,0.540921272799461,0.999436863219939,"YLR104W"
"YLR105C",12.3975925126357,-1.64609679401766,1.79400507320415,-0.917554146643342,0.358852333006612,0.999436863219939,"YLR105C"
"YLR106C",142.053325453758,-0.0364816925925117,0.719020656373304,-0.0507380313335128,0.959534271041438,0.999436863219939,"YLR106C"
"YLR107W",8.62864774113008,-0.306341126136582,2.64159566690291,-0.115968211931445,0.907677734980797,0.999436863219939,"YLR107W"
"YLR108C",60.6828550501999,-1.00215372166277,1.13638697854845,-0.881877160316334,0.377843239407166,0.999436863219939,"YLR108C"
"YLR109W",1807.73111617648,-0.132860329585053,0.172483004026014,-0.770280702932414,0.441133400646103,0.999436863219939,"YLR109W"
"YLR110C",2312.23627331766,0.0790392319207455,0.203708479788996,0.38800167770441,0.698014792050461,0.999436863219939,"YLR110C"
"YLR112W",5.19349148673718,-0.450152859444491,2.28519568584227,-0.196986569786287,0.843838047626875,0.999436863219939,"YLR112W"
"YLR113W",50.7841704892986,1.18206026749668,1.01713374212024,1.16214831791211,0.245175223612549,0.999436863219939,"YLR113W"
"YLR114C",17.090835904979,0.422229176848955,1.45585044388544,0.29002235677594,0.771799134072591,0.999436863219939,"YLR114C"
"YLR115W",20.0803176534567,-0.0492730349739261,1.73299092300732,-0.0284323676020304,0.977317309017214,0.999436863219939,"YLR115W"
"YLR116W",17.6099485124606,-0.786666111314254,1.83892746655024,-0.427785285512108,0.66880745079724,0.999436863219939,"YLR116W"
"YLR117C",16.3609157465755,2.25079560520981,2.01228930548568,1.11852485578189,0.263342896870266,0.999436863219939,"YLR117C"
"YLR118C",38.1147672135489,1.56884655611989,1.21379790992258,1.29251051043576,0.196180408446583,0.999436863219939,"YLR118C"
"YLR119W",8.71164412009689,-1.04422597272448,1.45137390936426,-0.719474124474156,0.471848839735293,0.999436863219939,"YLR119W"
"YLR120C",59.8452198399913,0.891246947836415,1.41622901041472,0.629309907707248,0.529146186249517,0.999436863219939,"YLR120C"
"YLR121C",26.8172734680807,0.791235934820477,1.63812430091341,0.483013367410086,0.629086244873929,0.999436863219939,"YLR121C"
"YLR124W",0.240311738689238,-1.16802936747564,5.06880522397686,-0.230434849212698,0.817753883924926,0.999436863219939,"YLR124W"
"YLR125W",0.179106712332719,-0.318182782731425,5.07082826222469,-0.0627476945140774,0.949967417464278,0.999436863219939,"YLR125W"
"YLR126C",9.09459096515538,-1.97970130567412,2.06514020985679,-0.958628037081998,0.337746163044617,0.999436863219939,"YLR126C"
"YLR127C",8.47933269713705,-5.96367517928011,2.15634861595766,-2.76563591580092,0.00568119246988253,0.408087584402887,"YLR127C"
"YLR128W",3.11521913900873,3.83926366641144,2.59450952377594,1.47976472286135,0.138936046152176,0.999436863219939,"YLR128W"
"YLR129W",29.3168465834442,0.415477419193653,1.16684705207692,0.356068448263315,0.721789305389943,0.999436863219939,"YLR129W"
"YLR130C",26.4501223185918,0.069965684107118,1.52878101271655,0.045765667891697,0.963497023177626,0.999436863219939,"YLR130C"
"YLR131C",13.2086285217485,-3.77368996001862,1.50258067910859,-2.51147243704569,0.0120228674391037,0.602504869681994,"YLR131C"
"YLR132C",7.88858238886362,-2.02272292910338,2.46394970622918,-0.82092703596574,0.411687830151058,0.999436863219939,"YLR132C"
"YLR133W",6.47510377076243,-0.668621446725849,2.47483202959219,-0.270168414959469,0.787030690657277,0.999436863219939,"YLR133W"
"YLR134W",20.770221836257,-4.73909574345062,1.88827179384655,-2.50975297035854,0.0120815645602882,0.602504869681994,"YLR134W"
"YLR135W",2.14916915811407,2.71706382634483,2.81466886800369,0.965322726673675,0.33438319206222,0.999436863219939,"YLR135W"
"YLR136C",19.7677665737295,2.10720436732562,1.27618999922887,1.65116821836787,0.0987042307284657,0.999436863219939,"YLR136C"
"YLR137W",23.8119280806122,0.193299316233073,1.98828046255865,0.0972193409697958,0.92255220892663,0.999436863219939,"YLR137W"
"YLR138W",54.3279549959157,1.07963737273771,1.07926096747687,1.00034876204383,0.317141756886154,0.999436863219939,"YLR138W"
"YLR139C",2.76241981227723,-3.27639381823401,2.80199042194175,-1.1693094282469,0.2422789858973,0.999436863219939,"YLR139C"
"YLR140W",0.573763751389858,1.8893562047824,2.43986919110078,0.774367827453074,0.438713303571561,0.999436863219939,"YLR140W"
"YLR141W",4.88852351218319,-0.271865573986674,1.58017053393415,-0.172048249317629,0.863399597032492,0.999436863219939,"YLR141W"
"YLR142W",1.19633280865038,-1.00175435619872,2.14460292337663,-0.467104817063982,0.64042488796045,0.999436863219939,"YLR142W"
"YLR143W",14.2731138122122,-0.272644693514759,1.8921044235975,-0.144096007659225,0.88542465724878,0.999436863219939,"YLR143W"
"YLR144C",11.5669527966016,-1.11742264571848,2.05142840017612,-0.544704677785755,0.585956647094235,0.999436863219939,"YLR144C"
"YLR145W",2.22272704569407,1.05149603719823,2.18862488473887,0.480436846227163,0.630916799519624,0.999436863219939,"YLR145W"
"YLR146C",15.8464622604345,-0.333695573187302,1.79098209433412,-0.186319882394675,0.852193916560706,0.999436863219939,"YLR146C"
"YLR147C",8.59033958572095,-1.3922870818079,1.50345895287942,-0.92605593198364,0.354416913900455,0.999436863219939,"YLR147C"
"YLR148W",7.25851071613954,0.101463733577299,1.67974890210937,0.0604041076912654,0.951833787168924,0.999436863219939,"YLR148W"
"YLR149C",13.6347129538821,-1.48566051771791,1.75082473060883,-0.848548967663535,0.396132313785659,0.999436863219939,"YLR149C"
"YLR150W",284.727473430341,0.184095739990181,0.324714021815925,0.56694730631171,0.570749982577719,0.999436863219939,"YLR150W"
"YLR151C",14.5132269324885,0.774489792364451,2.45091313851696,0.31600050617587,0.752002123932839,0.999436863219939,"YLR151C"
"YLR152C",24.4288723018421,2.67544299866645,1.92483130081034,1.3899623294468,0.164540316755318,0.999436863219939,"YLR152C"
"YLR153C",61.4899012066686,-1.05704085941337,0.838697918743671,-1.26033561761637,0.207548316360782,0.999436863219939,"YLR153C"
"YLR154C",5.28478011298869,-1.81583100926065,1.43058996429658,-1.26928823393047,0.204338281293041,0.999436863219939,"YLR154C"
"YLR155C",0.175861983302163,0.461243349373427,4.33971972935588,0.106284133109648,0.915356920223756,0.999436863219939,"YLR155C"
"YLR158C",0.197243347876569,0.13489282678164,2.45335466236555,0.054983011160553,0.956151998446735,0.999436863219939,"YLR158C"
"YLR160C",7.62721302523786,0.319889772127142,0.610246674487431,0.524197485215022,0.600141189834581,0.999436863219939,"YLR160C"
"YLR161W",0.111257479733962,0.350259903494308,5.07085675729682,0.0690731212216345,0.944931416072622,0.999436863219939,"YLR161W"
"YLR162W",2.17767022014732,0.599068387071805,0.888798454377989,0.674020509510284,0.500298274582018,0.999436863219939,"YLR162W"
"YLR163C",41.1015931623579,1.77066300842174,1.25576955551706,1.41002224543712,0.158533114443682,0.999436863219939,"YLR163C"
"YLR164W",10.0644879896793,2.62031384391587,2.19040532945114,1.19626893191154,0.231591628589134,0.999436863219939,"YLR164W"
"YLR165C",0.849257574048992,-0.93786015429521,3.23897997604165,-0.289554168668053,0.772157333601863,0.999436863219939,"YLR165C"
"YLR166C",16.7172409439353,2.02070202853754,1.7258266616904,1.170860361236,0.241654910424426,0.999436863219939,"YLR166C"
"YLR167W",697.575950887763,-0.203488749191401,0.211715230588968,-0.961143648594946,0.33647994551756,0.999436863219939,"YLR167W"
"YLR168C",3.4842825184201,-2.5539570897323,2.25467714777763,-1.13273738204588,0.257324554341479,0.999436863219939,"YLR168C"
"YLR169W",5.5693788212962,-1.07266323200503,1.32431693097372,-0.809974717469131,0.417954706718008,0.999436863219939,"YLR169W"
"YLR172C",40.8743166427857,-0.710653661801715,1.09540130049986,-0.648761017060526,0.516492858242675,0.999436863219939,"YLR172C"
"YLR173W",2.5285596244409,2.85243522460517,4.0173774812437,0.710024198105005,0.477689130566218,0.999436863219939,"YLR173W"
"YLR174W",3.51387995233989,-0.254106439373635,2.95826240850028,-0.0858971937862863,0.931548142301601,0.999436863219939,"YLR174W"
"YLR175W",112.156431065909,-0.556143243883305,0.799137789814495,-0.695929101303548,0.486473231430793,0.999436863219939,"YLR175W"
"YLR176C",2.76701249605958,-1.90475217920238,2.30985841562035,-0.824618585416989,0.409588166448379,0.999436863219939,"YLR176C"
"YLR177W",40.3566851478783,0.0243331063738834,1.5034789744486,0.0161845338627416,0.987087174038668,0.999436863219939,"YLR177W"
"YLR178C",182.088587024608,-1.43931745861125,1.28244718457375,-1.12232104052663,0.261725963203841,0.999436863219939,"YLR178C"
"YLR179C",165.117406080512,0.79953064147176,0.419121473883901,1.90763463886185,0.0564384548830255,0.999436863219939,"YLR179C"
"YLR180W",264.896479200839,-0.398343811338166,0.692137324552039,-0.575527134873098,0.564934844492821,0.999436863219939,"YLR180W"
"YLR181C",14.2189923863544,-0.902392619621865,1.6377850009669,-0.550983565662843,0.581644940522764,0.999436863219939,"YLR181C"
"YLR182W",8.95771775356374,2.41674433010013,1.9192781420172,1.25919442169027,0.20796011594146,0.999436863219939,"YLR182W"
"YLR183C",0.541293685237766,-2.73236042859961,3.59278475842643,-0.760513254291452,0.446947849627444,0.999436863219939,"YLR183C"
"YLR185W",172.37532385389,0.098374539456394,0.348546231128211,0.28224244209431,0.77775761653723,0.999436863219939,"YLR185W"
"YLR186W",16.9342518888489,-0.449188517480545,1.33266978432424,-0.337059129548971,0.736072326360003,0.999436863219939,"YLR186W"
"YLR187W",15.3011177537701,-0.895679584609938,1.51061570892174,-0.592923520733983,0.553232336230256,0.999436863219939,"YLR187W"
"YLR188W",13.6981996978627,0.660249868656411,1.04992703521838,0.628853097890828,0.529445234227251,0.999436863219939,"YLR188W"
"YLR189C",16.1639848191453,-0.277851602817974,1.67196292212609,-0.166182873520098,0.868013036988039,0.999436863219939,"YLR189C"
"YLR190W",13.9521680336099,1.49343221078409,1.5478967654974,0.96481383259703,0.33463806627709,0.999436863219939,"YLR190W"
"YLR191W",8.73259237221268,-1.61707809035533,2.14871403917257,-0.752579478178507,0.45170265339582,0.999436863219939,"YLR191W"
"YLR192C",43.8061030344882,0.751329418524968,0.600144742373095,1.25191368927779,0.210601316024088,0.999436863219939,"YLR192C"
"YLR193C",4.19017182222168,-0.0745440270777835,2.15003863221263,-0.0346710175161221,0.972342071698774,0.999436863219939,"YLR193C"
"YLR194C",9.8563571049282,-4.03041302299685,2.06042332769228,-1.95610919796321,0.0504522918590779,0.999436863219939,"YLR194C"
"YLR195C",12.9209383070661,-0.745562180781884,1.56141988799441,-0.477489870927372,0.633013331918543,0.999436863219939,"YLR195C"
"YLR196W",40.3717546471725,1.03923424694975,1.05090734729327,0.988892360136614,0.322715808845067,0.999436863219939,"YLR196W"
"YLR197W",63.7020585374891,0.582984199820917,0.86445842227896,0.674392411244029,0.500061866107906,0.999436863219939,"YLR197W"
"YLR198C",1.53430472085846,0.696620160424625,1.09987940309895,0.633360492488425,0.526498258295852,0.999436863219939,"YLR198C"
"YLR199C",14.1430618549366,-3.26126594640583,1.68194911499845,-1.9389801494731,0.0525037553304574,0.999436863219939,"YLR199C"
"YLR200W",5.89314993651592,-0.025544504693665,1.34554738380937,-0.0189844705589975,0.984853493877112,0.999436863219939,"YLR200W"
"YLR201C",16.2678233907704,1.43225263754221,1.49081940591234,0.96071504828964,0.336695462742355,0.999436863219939,"YLR201C"
"YLR202C",3.53379922803837,1.83190238544559,1.05365368249532,1.73861906988944,0.0821017899071403,0.999436863219939,"YLR202C"
"YLR203C",48.6897427712049,-0.0184282806670283,1.20552200542558,-0.0152865568476476,0.987803567313277,0.999436863219939,"YLR203C"
"YLR204W",22.0068841749285,1.21044030209348,0.734031403534186,1.64903067670607,0.0991413502111528,0.999436863219939,"YLR204W"
"YLR205C",10.6083197218841,1.188545700613,1.22336061496398,0.971541576600449,0.331278659621084,0.999436863219939,"YLR205C"
"YLR206W",73.2265181918571,0.207267337679502,0.95792813291171,0.216370446339742,0.828699001042297,0.999436863219939,"YLR206W"
"YLR207W",12.768094024922,-1.66577296692417,2.0900556918791,-0.796999320829832,0.425451425763835,0.999436863219939,"YLR207W"
"YLR208W",75.8044027301417,0.395290513644317,0.732269097789138,0.539815915812609,0.589323989823889,0.999436863219939,"YLR208W"
"YLR209C",29.956757366431,1.95638442399641,1.42759646102162,1.3704043666488,0.170560709757758,0.999436863219939,"YLR209C"
"YLR210W",1.1614777071414,-3.05567998696579,4.39628526828155,-0.695059533331925,0.487017993409172,0.999436863219939,"YLR210W"
"YLR211C",2.41090600444298,-2.45421555142038,2.10623116099034,-1.1652166186101,0.243931320344375,0.999436863219939,"YLR211C"
"YLR212C",12.3502955148953,-0.836208043587599,2.2469483471283,-0.372152766509435,0.709779111196993,0.999436863219939,"YLR212C"
"YLR213C",0.282868302088099,0.630937911224859,5.07085675729327,0.12442432145562,0.900979317239718,0.999436863219939,"YLR213C"
"YLR214W",73.0041805977829,-0.796475525852357,1.19886564845687,-0.664357617450751,0.506461452166669,0.999436863219939,"YLR214W"
"YLR215C",1.36920591837003,0.0842936701279388,3.53490824686925,0.0238460701780859,0.980975391796049,0.999436863219939,"YLR215C"
"YLR216C",50.1225256816515,-0.167091067501654,0.955378894927778,-0.17489507920759,0.861162076905202,0.999436863219939,"YLR216C"
"YLR218C",12.4872757937629,0.107584529469385,1.24445759702083,0.0864509403349193,0.931107953936247,0.999436863219939,"YLR218C"
"YLR219W",21.9426205057076,-0.691984274002253,1.40329969249717,-0.493112253713152,0.62193327306943,0.999436863219939,"YLR219W"
"YLR220W",25.9667573794769,1.03036717279781,1.55650291190493,0.661975743776024,0.507986767139108,0.999436863219939,"YLR220W"
"YLR221C",9.00708771284734,2.64921009208683,1.60426946842881,1.65134981636309,0.0986671656255358,0.999436863219939,"YLR221C"
"YLR222C",41.6898762526035,-0.0925734215038666,1.31705991157607,-0.0702879350363703,0.943964485203068,0.999436863219939,"YLR222C"
"YLR223C",20.0494420404631,2.1257326577367,1.05518389993336,2.01456130810085,0.0439506350049578,0.977742693030629,"YLR223C"
"YLR224W",21.4869200206914,-0.220559786863894,1.82428948878801,-0.120901747348457,0.90376885814135,0.999436863219939,"YLR224W"
"YLR225C",13.213544216647,-1.04002222187367,1.45797097092231,-0.713335342483363,0.475638272575873,0.999436863219939,"YLR225C"
"YLR226W",11.2636328754315,2.6784347494757,1.43831654363587,1.86220116936497,0.0625747396796819,0.999436863219939,"YLR226W"
"YLR227C",4.82629336594798,-2.07049876034933,2.01140681752583,-1.02937841430616,0.303301888420051,0.999436863219939,"YLR227C"
"YLR228C",4.38568809511117,1.91183024003004,2.73255744569208,0.699648691025351,0.484146726638594,0.999436863219939,"YLR228C"
"YLR229C",34.6525901571483,0.933421887871794,0.720724855456578,1.29511543941477,0.195280409564367,0.999436863219939,"YLR229C"
"YLR230W",5.35522464442835,-0.280657826789093,1.08630822915554,-0.258359293666832,0.796129629298946,0.999436863219939,"YLR230W"
"YLR231C",15.4919812512905,-0.51925128959293,1.68316070653511,-0.30849774925048,0.757703612624619,0.999436863219939,"YLR231C"
"YLR233C",0.451951544491341,0.0031641569872609,5.0502135959397,0.000626539239806578,0.999500094046528,0.999835496762651,"YLR233C"
"YLR234W",0.417606589278845,-1.36350029304444,5.06376107020561,-0.269266316901692,0.787724750449566,0.999436863219939,"YLR234W"
"YLR236C",0.458920181566375,0.350232598046238,5.07085675729198,0.0690677364416965,0.944935702269064,0.999436863219939,"YLR236C"
"YLR237W",16.7275761535251,-21.581235446915,2.30791155669934,-9.35098027663568,8.68391046199073e-21,5.17734741743887e-18,"YLR237W"
"YLR238W",1.13646973032894,-0.0348910440047421,3.93445454021409,-0.00886807653973897,0.99292439138597,0.999436863219939,"YLR238W"
"YLR239C",12.1305501317374,-0.934761017163187,1.76874207923996,-0.528489160819231,0.597159868252585,0.999436863219939,"YLR239C"
"YLR240W",14.5042137091748,0.646114897106919,1.9975215493228,0.32345828625777,0.746348193714479,0.999436863219939,"YLR240W"
"YLR241W",22.0831277917634,-1.03624474227085,1.53591886782831,-0.674674140656944,0.49988281735041,0.999436863219939,"YLR241W"
"YLR242C",22.4390037507814,2.64940076861366,1.7232335409925,1.53745891406439,0.124180968873464,0.999436863219939,"YLR242C"
"YLR243W",5.90015747192226,0.554483753195641,1.80762018802693,0.306747931268059,0.759035243480396,0.999436863219939,"YLR243W"
"YLR244C",52.2836516908545,0.71163395192915,1.05661636539882,0.67350267820293,0.500627545485346,0.999436863219939,"YLR244C"
"YLR245C",4.83913653580622,-2.00659290250404,2.47646289422616,-0.810265684651438,0.417787493164119,0.999436863219939,"YLR245C"
"YLR246W",17.7877450510536,-0.0113961433730399,2.09603782668719,-0.00543699318206082,0.995661928455733,0.999436863219939,"YLR246W"
"YLR247C",38.0781263200659,2.0039445246362,1.07374784811806,1.86630830334001,0.0619982437606605,0.999436863219939,"YLR247C"
"YLR248W",44.1812623647676,0.273009953431967,1.14501628344308,0.238433249709798,0.811545081380852,0.999436863219939,"YLR248W"
"YLR249W",862.757221619296,-0.550050196756237,0.378009123763607,-1.45512412843299,0.145634900483875,0.999436863219939,"YLR249W"
"YLR250W",39.4276901322673,0.343223189755195,0.848407075438968,0.404550126574098,0.685808224789339,0.999436863219939,"YLR250W"
"YLR251W",20.7496169431149,1.4917583106968,1.84417038471295,0.808904818699276,0.418569896972707,0.999436863219939,"YLR251W"
"YLR252W",9.94938687047411,0.598482551534185,1.5768768416163,0.379536648480893,0.704289394848993,0.999436863219939,"YLR252W"
"YLR253W",7.87470074466844,0.0752641262792091,2.01734382997143,0.0373085267672369,0.970239006850431,0.999436863219939,"YLR253W"
"YLR254C",0.984845447320346,1.6587639467488,2.11604315618313,0.783898920918437,0.433099423007882,0.999436863219939,"YLR254C"
"YLR256W",76.9173788879672,0.432158199579696,1.08180111218027,0.399480269260144,0.689539359180704,0.999436863219939,"YLR256W"
"YLR257W",56.4538971104868,0.619990986749883,0.926421439382206,0.669232123085721,0.503347417863646,0.999436863219939,"YLR257W"
"YLR258W",86.6899326091174,-0.288005247892744,1.30671126757846,-0.220404656360286,0.825556019324286,0.999436863219939,"YLR258W"
"YLR259C",135.236019660637,-0.459159628758447,0.721011656073392,-0.636826915197206,0.524237592240023,0.999436863219939,"YLR259C"
"YLR260W",17.1234092942155,1.2532405312842,1.74914900852552,0.716485859795703,0.473691395621507,0.999436863219939,"YLR260W"
"YLR261C",0.518659281822082,0.771128809043267,1.4460757628617,0.533256160463714,0.59385627025081,0.999436863219939,"YLR261C"
"YLR262C",10.4667746505033,1.02474121285223,1.51767441822137,0.675204905972634,0.499545590140095,0.999436863219939,"YLR262C"
"YLR263W",2.90820471786858,4.88841713912274,2.86148244824535,1.70835125762183,0.0875711856820651,0.999436863219939,"YLR263W"
"YLR264W",26.742334621748,-0.556538467035426,0.487981071811297,-1.14049191492132,0.254081419166087,0.999436863219939,"YLR264W"
"YLR265C",6.43064303046824,0.829033538815508,2.10739404776278,0.393392749540891,0.69402942392206,0.999436863219939,"YLR265C"
"YLR266C",16.5825655512662,0.398738077683106,2.43783268376596,0.163562528445199,0.870075545327003,0.999436863219939,"YLR266C"
"YLR267W",3.69190747067841,-0.0936608096186778,3.78461870782006,-0.0247477531686743,0.980256165208894,0.999436863219939,"YLR267W"
"YLR268W",13.7310868636844,-2.36511367895884,1.62553604824095,-1.45497461069425,0.145676290485874,0.999436863219939,"YLR268W"
"YLR269C",2.90884411645246,-1.5195533397531,1.23697956932931,-1.22843851057055,0.21928239875341,0.999436863219939,"YLR269C"
"YLR270W",35.0957348355085,0.708920723681266,1.23918055114395,0.572088323228464,0.567262139428845,0.999436863219939,"YLR270W"
"YLR271W",8.80377704046573,-2.27527296617906,1.80902945466185,-1.25773129913154,0.208488948831244,0.999436863219939,"YLR271W"
"YLR272C",13.0093878974158,1.59174886042599,1.80740958864755,0.880679659123127,0.378491229328017,0.999436863219939,"YLR272C"
"YLR273C",1.75410766443382,-3.07955607217592,4.03563889741238,-0.763090095635293,0.445409666398086,0.999436863219939,"YLR273C"
"YLR274W",6.6273446337746,-3.73961278429797,2.49902105389312,-1.4964310838727,0.134541354390746,0.999436863219939,"YLR274W"
"YLR275W",2.31990601973484,-3.16113515452346,2.63162208634896,-1.20121166748115,0.229669104646786,0.999436863219939,"YLR275W"
"YLR276C",18.8690001439696,0.484194829771925,1.10206117889434,0.439353857158548,0.660405155543013,0.999436863219939,"YLR276C"
"YLR277C",16.9114796772323,-0.333174105192846,2.12312773272275,-0.156926076588701,0.875303108321456,0.999436863219939,"YLR277C"
"YLR278C",29.0590791353823,-0.155927421709585,1.65048017680665,-0.0944739742414071,0.92473265550881,0.999436863219939,"YLR278C"
"YLR279W",0.484657319707197,0.0760718367206241,5.07085675729088,0.0150017719611677,0.988030766721482,0.999436863219939,"YLR279W"
"YLR281C",0.41601797357553,1.18299507560866,3.62261455198502,0.326558362374057,0.744001940336599,0.999436863219939,"YLR281C"
"YLR282C",0.231903136548442,2.1541440383233,5.06591381056394,0.425223191486455,0.670673979493767,0.999436863219939,"YLR282C"
"YLR283W",9.7187738341163,-0.156569578846124,2.12832744021336,-0.0735646103545176,0.941356831653605,0.999436863219939,"YLR283W"
"YLR284C",3.51077186957737,5.07063421893364,3.51961052577293,1.44068049058357,0.149674969032048,0.999436863219939,"YLR284C"
"YLR285W",13.7047718085043,0.546997722962934,1.19210198815983,0.458851447607513,0.64634084674413,0.999436863219939,"YLR285W"
"YLR286C",27.5615103484545,1.35097845197979,1.79699982043687,0.751796653853503,0.452173354597954,0.999436863219939,"YLR286C"
"YLR287C",12.4093665370991,-0.0287459892134589,1.6617580244753,-0.0172985409368102,0.986198449593752,0.999436863219939,"YLR287C"
"YLR287C-A",79.2328637967555,0.383323577860625,0.333550027944488,1.14922364187126,0.250463774620117,0.999436863219939,"YLR287C-A"
"YLR288C",6.23512331096665,-4.83842586069073,2.94326612624108,-1.64389683201023,0.100197514670127,0.999436863219939,"YLR288C"
"YLR289W",11.2978342332412,-0.675394009569217,2.14200405814107,-0.315309397758731,0.752526750293609,0.999436863219939,"YLR289W"
"YLR290C",8.51888474154085,-1.49112101519949,1.71753240542511,-0.86817635026247,0.38529779893574,0.999436863219939,"YLR290C"
"YLR291C",29.0781601331427,1.54636919259687,1.21004236840198,1.27794632070533,0.201268354002766,0.999436863219939,"YLR291C"
"YLR292C",16.2639503963028,0.507610773956371,1.03877398345593,0.488663349333781,0.625080055447562,0.999436863219939,"YLR292C"
"YLR293C",91.2607281481798,-0.130382956801279,0.480801514146706,-0.271178340676972,0.786253870683654,0.999436863219939,"YLR293C"
"YLR294C",6.47027457792374,0.596756422930097,1.01698627751288,0.586789061096784,0.557345384390865,0.999436863219939,"YLR294C"
"YLR295C",15.3834599475246,0.786344841893902,1.16294855628521,0.676164768978013,0.498936038178418,0.999436863219939,"YLR295C"
"YLR297W",4.11313994874335,1.27300717773145,2.18149052429338,0.583549258433655,0.559523607176795,0.999436863219939,"YLR297W"
"YLR298C",7.37142532107908,1.59901803808937,1.89369317742066,0.844391296940375,0.398450784041864,0.999436863219939,"YLR298C"
"YLR299W",12.1354447438879,-1.96580076767787,2.1017391562444,-0.935320999200754,0.349622896462865,0.999436863219939,"YLR299W"
"YLR300W",112.038256083723,0.227991241026841,0.854257652278317,0.266888146004645,0.789555283830148,0.999436863219939,"YLR300W"
"YLR301W",25.7039783919619,-0.83709000006702,0.883876189571148,-0.947067032627241,0.343604622469306,0.999436863219939,"YLR301W"
"YLR304C",291.070927621223,0.389482096134875,0.803422155149314,0.484778884473868,0.627833202593121,0.999436863219939,"YLR304C"
"YLR305C",40.5078448232206,-0.677923457497963,1.37788271340773,-0.492003746691436,0.622716694894499,0.999436863219939,"YLR305C"
"YLR306W",2.50761488771653,-0.488775875157294,3.04671587500689,-0.160427127178765,0.872544621959965,0.999436863219939,"YLR306W"
"YLR309C",22.7476078675928,-0.444194876909998,0.977534292602394,-0.454403370062303,0.649538527202237,0.999436863219939,"YLR309C"
"YLR310C",55.7921447993783,0.797812282767762,1.0778789834951,0.740168697028306,0.459197638977826,0.999436863219939,"YLR310C"
"YLR311C",0.378447212065178,2.10470825539663,5.06628781769015,0.415434008318188,0.677824215126281,0.999436863219939,"YLR311C"
"YLR312C",4.5692212313359,4.03203343301734,2.79117342994097,1.44456571195671,0.148579909657753,0.999436863219939,"YLR312C"
"YLR312W-A",5.1148664257558,2.95936522126009,1.89939068899438,1.55806029712977,0.119218955204782,0.999436863219939,"YLR312W-A"
"YLR313C",0.786934513537052,-1.24266599220108,5.06826483691879,-0.245185686262708,0.806312658902679,0.999436863219939,"YLR313C"
"YLR314C",31.557698581062,-0.556649934826333,1.02673145735843,-0.542157280598452,0.587710161435605,0.999436863219939,"YLR314C"
"YLR315W",0.256836991819061,-0.352748600956327,5.07040819494233,-0.0695700597258006,0.944535868058846,0.999436863219939,"YLR315W"
"YLR316C",3.77933609250717,-1.2592525262446,2.63699573799735,-0.477533015355167,0.632982616851062,0.999436863219939,"YLR316C"
"YLR318W",2.93052574060445,-1.79586808982431,2.00246486618575,-0.896828763465416,0.369810297038667,0.999436863219939,"YLR318W"
"YLR319C",3.05162422761293,2.0435342289494,3.44417877493939,0.593329894434809,0.55296039603305,0.999436863219939,"YLR319C"
"YLR320W",34.5516654911834,-0.489403203985331,1.70781882778022,-0.286566230576954,0.774444474484868,0.999436863219939,"YLR320W"
"YLR321C",13.4311622249172,0.3523478113705,1.8528807236926,0.190162165791389,0.849182057437857,0.999436863219939,"YLR321C"
"YLR323C",1.15757938937456,0.434221824640691,3.22430544814947,0.134671429746181,0.892871663129219,0.999436863219939,"YLR323C"
"YLR324W",25.2463793626997,-1.58416818329212,1.61100230331337,-0.983343214366569,0.325438548140441,0.999436863219939,"YLR324W"
"YLR325C",137.690612206131,-0.153870531752416,0.287543130851967,-0.53512157044583,0.592565795040994,0.999436863219939,"YLR325C"
"YLR326W",7.98139519105362,-0.423528024450138,2.13404624346423,-0.198462439952856,0.842683268804897,0.999436863219939,"YLR326W"
"YLR327C",28.7951935699232,-0.125373628840082,1.47262147556386,-0.085136357794916,0.932152985882916,0.999436863219939,"YLR327C"
"YLR328W",19.3121739956347,0.105662290313803,1.69986486763792,0.0621592294337067,0.950436029871903,0.999436863219939,"YLR328W"
"YLR329W",0.750697435164593,1.69856736439848,5.06938554532973,0.335063756585513,0.737576992192604,0.999436863219939,"YLR329W"
"YLR330W",57.7487931832675,0.643406996731981,0.741331866258947,0.86790683905019,0.385445334688068,0.999436863219939,"YLR330W"
"YLR332W",7.63340821700977,-2.28587688424545,1.6455832612946,-1.38909828387968,0.164802865549376,0.999436863219939,"YLR332W"
"YLR333C",80.4667681969582,-0.0774331960748804,0.447073100112705,-0.17320030226681,0.862493986057471,0.999436863219939,"YLR333C"
"YLR335W",37.4431888180971,-0.115778542023959,0.82608273166115,-0.14015368871244,0.888538561708233,0.999436863219939,"YLR335W"
"YLR336C",4.34970842272108,-4.76973279441072,1.90987694760325,-2.49740319678521,0.0125106617836659,0.602504869681994,"YLR336C"
"YLR337C",26.3723944348214,1.46772951649281,1.2062690476891,1.21675137010653,0.223698827530905,0.999436863219939,"YLR337C"
"YLR338W",1.38657836764235,-0.356583774043062,2.32544244574496,-0.153340184658421,0.878130012600342,0.999436863219939,"YLR338W"
"YLR339C",0.261185780923315,0.837241979031725,2.31761553714452,0.361251452457586,0.717911481898317,0.999436863219939,"YLR339C"
"YLR340W",322.619152399958,-0.138675312925249,0.252803155505727,-0.548550561593395,0.583313921587827,0.999436863219939,"YLR340W"
"YLR341W",0.0258143960038058,0.461243048325923,5.07085675729695,0.0909595893558214,0.927524700919398,0.999436863219939,"YLR341W"
"YLR342W",505.414854527198,0.513367690480796,0.565872524641954,0.907214378018477,0.364293441852185,0.999436863219939,"YLR342W"
"YLR343W",13.9559572495431,-1.20187872632486,2.0272787921312,-0.592853203510985,0.553279398287793,0.999436863219939,"YLR343W"
"YLR344W",102.423190330943,-0.129875282620014,0.40884629705328,-0.317662856570005,0.750740689026427,0.999436863219939,"YLR344W"
"YLR345W",17.2937206394044,-4.85430048921527,1.83848359790468,-2.64038281045734,0.00828124274039498,0.514299679356613,"YLR345W"
"YLR346C",1.1773843115745,-0.162342894381449,3.62582677116457,-0.0447740348966827,0.964287421481776,0.999436863219939,"YLR346C"
"YLR347C",27.4369139548404,-0.845342773463768,1.74601589531926,-0.484155256392553,0.628275688507014,0.999436863219939,"YLR347C"
"YLR348C",56.4665335393054,1.08249198733049,1.05819466589512,1.02296110745826,0.306326235070573,0.999436863219939,"YLR348C"
"YLR349W",0.48952803089334,0.0173247439019714,4.67583096625002,0.00370516899071433,0.997043709631274,0.999436863219939,"YLR349W"
"YLR350W",32.5449219132884,0.128706684002555,1.39584747314354,0.0922068395572613,0.926533704016849,0.999436863219939,"YLR350W"
"YLR351C",58.2242084865138,-0.61700167060554,1.03177102127603,-0.598002519825061,0.549838251734161,0.999436863219939,"YLR351C"
"YLR352W",19.5019999359428,-4.25073250863091,2.33906527571191,-1.8172782746891,0.0691745148028252,0.999436863219939,"YLR352W"
"YLR353W",16.39081415629,0.693159377578799,1.49199032987254,0.464587044366445,0.642227211856328,0.999436863219939,"YLR353W"
"YLR354C",270.926699300545,0.0229627048319433,0.373745418266011,0.0614394283105291,0.951009252403358,0.999436863219939,"YLR354C"
"YLR355C",226.76197397343,0.367338424201416,0.596576461472343,0.615744079635374,0.538063439887656,0.999436863219939,"YLR355C"
"YLR356W",11.8813815711191,0.262773607073495,1.96385871563715,0.133804741135994,0.893556978028287,0.999436863219939,"YLR356W"
"YLR357W",13.0823841700479,0.70882204533866,1.62335610987791,0.436639897447989,0.662372523296083,0.999436863219939,"YLR357W"
"YLR358C",0.716074638527861,2.82390854634282,3.09366343955656,0.912804059496398,0.361345602911771,0.999436863219939,"YLR358C"
"YLR359W",36.8885895961719,-0.122798391071184,1.1781598033757,-0.104228977019363,0.916987638867735,0.999436863219939,"YLR359W"
"YLR360W",41.0904864703788,2.03490329564627,1.40748981402139,1.44576768895562,0.14824237159042,0.999436863219939,"YLR360W"
"YLR361C",14.3468801609383,-2.39989794191794,1.88660609037621,-1.27207155439606,0.203347696909821,0.999436863219939,"YLR361C"
"YLR362W",3.22050590473973,2.71530130231704,3.02446432092311,0.89777924756219,0.369303250479921,0.999436863219939,"YLR362W"
"YLR363C",3.0768443178506,1.54972110095443,2.05116854048824,0.755530845156951,0.449930532026095,0.999436863219939,"YLR363C"
"YLR364W",0.998328999017107,-1.97309684905351,2.57960740510158,-0.764882611652999,0.444341449031334,0.999436863219939,"YLR364W"
"YLR366W",0.666440329438094,0.502531644773798,1.39477575017348,0.360295656639638,0.718626047027054,0.999436863219939,"YLR366W"
"YLR367W",49.8118677137785,0.272987849031021,0.605142070407363,0.451113651455855,0.65190763916458,0.999436863219939,"YLR367W"
"YLR368W",7.25741640970417,5.47193211919626,2.55840926254497,2.13880249704579,0.0324516671597781,0.871517295525211,"YLR368W"
"YLR369W",30.0406511292151,2.19804334911711,1.56847988439828,1.40138446847876,0.161099134213966,0.999436863219939,"YLR369W"
"YLR370C",23.2472364194986,0.694136256640415,1.0986227378354,0.631824039986704,0.527501863066986,0.999436863219939,"YLR370C"
"YLR371W",63.7780922202257,0.987901830224309,1.39341880623223,0.708976960699684,0.478338774242277,0.999436863219939,"YLR371W"
"YLR372W",74.346086477527,0.427016685055341,0.901851324906065,0.473489003411752,0.63586434456373,0.999436863219939,"YLR372W"
"YLR373C",35.5030523962751,1.5874843368411,1.57153631394599,1.01014804605759,0.31242436615418,0.999436863219939,"YLR373C"
"YLR375W",58.6638349630777,0.935642739482,0.848261289209048,1.10301242245114,0.270021770529538,0.999436863219939,"YLR375W"
"YLR376C",7.44182147770364,0.657616531329992,2.34241683626793,0.280742744479989,0.778907721279387,0.999436863219939,"YLR376C"
"YLR377C",0.322932843012626,0.461212054859392,5.07085675729406,0.0909534772789572,0.927529557520005,0.999436863219939,"YLR377C"
"YLR378C",84.6508004106195,-0.494197489109446,0.608562434724163,-0.812073603152067,0.416749398801158,0.999436863219939,"YLR378C"
"YLR379W",4.3977998147787,-0.979388179706092,0.916808106519247,-1.06825863857644,0.285403860377753,0.999436863219939,"YLR379W"
"YLR380W",19.5586597518515,2.01932116501027,1.51532900122848,1.33259586754639,0.182664462036796,0.999436863219939,"YLR380W"
"YLR381W",0.458548341425417,0.696265272233689,3.58088300297283,0.194439547914761,0.845831726017212,0.999436863219939,"YLR381W"
"YLR382C",7.93280343827112,-0.731754535978395,2.11363855250447,-0.346206088600783,0.72918783930006,0.999436863219939,"YLR382C"
"YLR383W",22.0755378976298,2.27440445911651,1.72230738340994,1.32055664454826,0.18664923706972,0.999436863219939,"YLR383W"
"YLR384C",70.3879599224554,1.10585544440731,1.03012692418466,1.07351377625877,0.283040660961231,0.999436863219939,"YLR384C"
"YLR385C",0.206552333265485,-1.87534091994687,5.06374502943965,-0.370346632589911,0.711124232188159,0.999436863219939,"YLR385C"
"YLR386W",15.3345105225637,0.15381888768757,2.04605318240396,0.0751783428751565,0.94007281546545,0.999436863219939,"YLR386W"
"YLR387C",50.8049422200184,-0.282760343197979,1.07302939075282,-0.263515935010502,0.792152943093741,0.999436863219939,"YLR387C"
"YLR388W",63.9726726748825,-0.93993141460279,0.404378782028171,-2.32438361352329,0.0201049430226284,0.699177426082664,"YLR388W"
"YLR389C",28.9165001221013,0.865705861850824,1.30321580895025,0.664284346387847,0.50650833788981,0.999436863219939,"YLR389C"
"YLR390W",6.95248442961183,1.55861293314427,1.49779983912391,1.0406016160717,0.298060480878799,0.999436863219939,"YLR390W"
"YLR392C",1.19194111732846,0.312983593541965,4.01258300666521,0.0780005280942662,0.937827632915522,0.999436863219939,"YLR392C"
"YLR393W",0.69275215231023,-0.993437320398675,4.95332334606229,-0.200559755742258,0.841042828861704,0.999436863219939,"YLR393W"
"YLR394W",14.6155311244907,-2.73252404133897,2.12286292272203,-1.28718817032011,0.198028709464245,0.999436863219939,"YLR394W"
"YLR395C",11.4881117615091,1.81919198017405,1.17151728522326,1.55285116414425,0.120458696116491,0.999436863219939,"YLR395C"
"YLR396C",9.90352793822636,-1.73098407095233,1.76144020304467,-0.982709528237351,0.325750419873404,0.999436863219939,"YLR396C"
"YLR397C",10.9697103884524,-0.142414007928521,1.94459929464826,-0.0732356575056151,0.941618591973925,0.999436863219939,"YLR397C"
"YLR398C",106.406997807975,0.16339041441024,0.84263738611281,0.193903590207385,0.846251372475381,0.999436863219939,"YLR398C"
"YLR399C",46.7478914851036,-0.432737282175926,0.909857634732166,-0.475609881872685,0.634352333966313,0.999436863219939,"YLR399C"
"YLR400W",0.381442490246569,0.835471242132397,5.06663167949184,0.16489677856674,0.869025228022838,0.999436863219939,"YLR400W"
"YLR401C",16.4348713369015,1.65312572090336,1.40649431660377,1.17535186697031,0.239853971804561,0.999436863219939,"YLR401C"
"YLR402W",1.2153581214404,1.29001409917424,2.95431560913461,0.436654125641003,0.662362203089674,0.999436863219939,"YLR402W"
"YLR403W",25.8348964141925,0.719930894368176,1.30762112638576,0.550565358605098,0.581931661360492,0.999436863219939,"YLR403W"
"YLR404W",2.1827386449381,0.915620679493653,3.01553853448393,0.30363421625131,0.761406580733189,0.999436863219939,"YLR404W"
"YLR405W",11.7207927708835,-1.34065956311865,0.885665605655097,-1.51373109055873,0.130094056154589,0.999436863219939,"YLR405W"
"YLR406C",101.726453498475,0.0923082927217075,0.448766387399979,0.205693419367958,0.837030399231638,0.999436863219939,"YLR406C"
"YLR407W",0.569166838923699,-2.7841449359227,2.60622599127805,-1.06826689060737,0.285400139069365,0.999436863219939,"YLR407W"
"YLR408C",6.84022952739317,-1.5448146882284,2.10352942892915,-0.734391764138438,0.462710004833715,0.999436863219939,"YLR408C"
"YLR409C",13.9673793341046,-0.189044797831193,1.38367300181015,-0.13662534253677,0.891326943892117,0.999436863219939,"YLR409C"
"YLR410W",30.4289139675755,-0.171780306631803,1.39905097453686,-0.12278345089511,0.902278579364652,0.999436863219939,"YLR410W"
"YLR411W",0.965065622257446,0.958585386054863,3.97934333487278,0.2408903443074,0.809640105941366,0.999436863219939,"YLR411W"
"YLR412W",24.0520859708147,-0.821693784366738,1.30420014656019,-0.630036568032864,0.528670659288042,0.999436863219939,"YLR412W"
"YLR413W",96.3123209416345,1.13640971480662,1.50419579844621,0.755493211708542,0.44995310385624,0.999436863219939,"YLR413W"
"YLR414C",27.4729896010818,-2.2229407492317,1.41099255556531,-1.57544470412963,0.11515383252879,0.999436863219939,"YLR414C"
"YLR415C",0.289683965789364,-0.318087842288336,2.97647453522094,-0.106867315182565,0.914894243364657,0.999436863219939,"YLR415C"
"YLR416C",0.0645796325443232,0.46123774669657,5.07085675729693,0.0909585438462349,0.927525531671602,0.999436863219939,"YLR416C"
"YLR417W",15.376326424894,-3.7565513896868,1.50666295899825,-2.49329245618706,0.0126564551653374,0.602504869681994,"YLR417W"
"YLR418C",18.4489922508553,1.48310101502851,1.64767585026608,0.900116982833126,0.368057999158008,0.999436863219939,"YLR418C"
"YLR419W",18.4122299848746,-1.07566513993396,1.86941779675514,-0.575401144570815,0.565020030236902,0.999436863219939,"YLR419W"
"YLR420W",33.6138346322163,0.354392668556497,0.833441194613501,0.425216165035906,0.670679101183639,0.999436863219939,"YLR420W"
"YLR421C",29.7125043913984,0.356601020565483,0.645615360937811,0.552342837765647,0.58071348628007,0.999436863219939,"YLR421C"
"YLR422W",49.5073890593882,-0.774533751229482,1.66178252907571,-0.466086107945953,0.641153866639636,0.999436863219939,"YLR422W"
"YLR423C",1.5889111544995,2.14691650388638,4.18504875883899,0.512996771985513,0.607953578721331,0.999436863219939,"YLR423C"
"YLR424W",0.639067349302897,0.0921181399206987,3.89996087972278,0.0236202728082869,0.981155501299208,0.999436863219939,"YLR424W"
"YLR425W",31.2264189005775,2.35834332690721,2.07158585685552,1.13842413004642,0.254943422908802,0.999436863219939,"YLR425W"
"YLR426W",29.2428875403647,1.32793647272996,1.55059864948081,0.85640244377524,0.391775213425168,0.999436863219939,"YLR426W"
"YLR427W",12.7810496545116,-0.744001406932122,1.69352457767062,-0.439321292848002,0.660428747758729,0.999436863219939,"YLR427W"
"YLR429W",78.9818084870921,1.68693459526029,0.916226626450957,1.8411761310569,0.0655957519974164,0.999436863219939,"YLR429W"
"YLR430W",42.0320524521022,-0.786453054058635,1.05964847236191,-0.74218297347767,0.457976483149515,0.999436863219939,"YLR430W"
"YLR431C",3.22950733814004,3.52026946306783,2.07865684181492,1.69353083792042,0.0903544701365557,0.999436863219939,"YLR431C"
"YLR432W",57.869469788905,-0.27919465364365,0.834655138303519,-0.334503007087608,0.738000022132884,0.999436863219939,"YLR432W"
"YLR433C",2.26426523768505,-2.57461106017956,1.98670104704184,-1.29592273785384,0.195002104678596,0.999436863219939,"YLR433C"
"YLR435W",9.53965534340604,-2.02522526345738,1.52391453686531,-1.32896249393569,0.183860344102635,0.999436863219939,"YLR435W"
"YLR436C",17.7293796105819,-2.15306647752837,1.45087958148421,-1.48397324285579,0.13781601922249,0.999436863219939,"YLR436C"
"YLR437C",5.30833344484647,0.358621211235964,1.92983592873562,0.185829896674648,0.852578158710904,0.999436863219939,"YLR437C"
"YLR438W",14.3852516281533,-2.13552084760807,1.60134649756363,-1.33357824234615,0.182342117476675,0.999436863219939,"YLR438W"
"YLR439W",10.0663373280434,-0.0108028996800317,1.66997095766704,-0.00646891470203972,0.994838588832257,0.999436863219939,"YLR439W"
"YLR440C",5.41488427134349,-3.21694844998356,1.62315059152022,-1.9819161985276,0.0474886206532607,0.999436863219939,"YLR440C"
"YLR441C",305.83398229068,-0.311095522969504,0.346367546746408,-0.898165910437538,0.36909710452023,0.999436863219939,"YLR441C"
"YLR442C",17.5932307743276,0.999883981268422,1.83033209414486,0.546285553570853,0.584869665036874,0.999436863219939,"YLR442C"
"YLR443W",9.67805585402293,-5.87900752641344,2.78144878722024,-2.11364938783894,0.034545224285952,0.903327312249324,"YLR443W"
"YLR445W",0.023161676378763,0.461243253866113,5.07085675729695,0.0909596298894433,0.92752466871176,0.999436863219939,"YLR445W"
"YLR446W",0.875985777555428,0.461244094351139,3.26366069961135,0.141327220199718,0.887611446813691,0.999436863219939,"YLR446W"
"YLR447C",98.4058382931457,-0.660793117727474,0.649675816361083,-1.01711207510949,0.309100116613516,0.999436863219939,"YLR447C"
"YLR448W",145.497292675487,-0.489819738472352,0.4198541235734,-1.16664267651696,0.24335470124181,0.999436863219939,"YLR448W"
"YLR449W",47.2002333355641,-0.883034273533309,0.777274266511331,-1.13606523665921,0.255929262706853,0.999436863219939,"YLR449W"
"YLR450W",21.519652888886,-0.504545932380006,1.41444348684295,-0.356709855906761,0.721309026371936,0.999436863219939,"YLR450W"
"YLR451W",13.2570488336353,0.405099871259429,1.7332134836689,0.233727625059727,0.815196439978808,0.999436863219939,"YLR451W"
"YLR452C",24.3950990312922,-0.154159110539067,1.87015553673294,-0.0824311708363975,0.934303849644018,0.999436863219939,"YLR452C"
"YLR453C",1.55337409829247,-0.922091720522717,3.48544811563827,-0.264554711454616,0.791352512293485,0.999436863219939,"YLR453C"
"YLR454W",72.7112538153216,-0.0875391923353633,1.09332013652555,-0.0800673008854962,0.936183729338733,0.999436863219939,"YLR454W"
"YLR455W",7.55128871371614,-0.349849455053236,1.49735034968431,-0.233645689618996,0.815260054104591,0.999436863219939,"YLR455W"
"YLR456W",1.64054598795163,-3.1542797268855,2.60925656730764,-1.20888063152036,0.226708708230546,0.999436863219939,"YLR456W"
"YLR457C",2.57491928261521,-4.51279404868225,2.7771327230859,-1.62498321062154,0.104166136301849,0.999436863219939,"YLR457C"
"YLR459W",16.5493444601459,-0.419473836535165,1.48080734115104,-0.283273741882659,0.77696700420178,0.999436863219939,"YLR459W"
"YLR460C",22.1453685149371,-0.617072911328978,1.54424999386438,-0.399593921826606,0.689455633995248,0.999436863219939,"YLR460C"
"YLR461W",1.10653271930462,2.50378136067305,3.13700612203138,0.798143600386636,0.424787162189485,0.999436863219939,"YLR461W"
"YLR466W",1.38814135687337,1.38890664391962,0.85596511162857,1.62262062442834,0.104670528853351,0.999436863219939,"YLR466W"
"YLR467W",1.4522963606024,0.733496462335489,0.857298227898557,0.855590783307069,0.392224169767047,0.999436863219939,"YLR467W"
"YML001W",30.5600255371483,-0.254769904406777,0.963942834703485,-0.264299806207021,0.791548909594842,0.999436863219939,"YML001W"
"YML002W",12.0067708490531,2.02337406375629,2.62062303031196,0.772096574117119,0.440057231145568,0.999436863219939,"YML002W"
"YML003W",0.138542339366712,-1.77000267909435,5.06440284793109,-0.349498792304296,0.726714877326501,0.999436863219939,"YML003W"
"YML004C",129.312674612513,-0.99990516214091,0.731988140038474,-1.36601279098368,0.171934948690788,0.999436863219939,"YML004C"
"YML005W",13.3598156025455,0.390571713407526,0.742706175636472,0.525876485506291,0.598974027794082,0.999436863219939,"YML005W"
"YML006C",18.5043756375165,-5.27591550381591,2.09497116676251,-2.51837141604632,0.0117898922955804,0.602504869681994,"YML006C"
"YML007W",33.8816081343961,0.411471814918182,1.00559996413183,0.409180419246951,0.682407262883312,0.999436863219939,"YML007W"
"YML008C",63.2648669643153,0.088718241816418,0.850298675089048,0.10433773968556,0.916901329402408,0.999436863219939,"YML008C"
"YML009C",6.31339307129183,-1.98948734739202,1.14842833726161,-1.73235654576052,0.0832100998586765,0.999436863219939,"YML009C"
"YML009C-A",5.90312751665742,0.824495968822457,0.85527947326812,0.964007666022855,0.335042082481723,0.999436863219939,"YML009C-A"
"YML010W",24.9535545107338,-0.286834805879081,1.24109599262675,-0.231114118152941,0.817226147306788,0.999436863219939,"YML010W"
"YML011C",4.54319467581918,-0.080240966931571,1.51350583406198,-0.0530166221534928,0.957718663775455,0.999436863219939,"YML011C"
"YML012W",59.5018976510541,1.07242888564719,0.677934385407933,1.58190661033055,0.113670891674309,0.999436863219939,"YML012W"
"YML013W",3.62358443944645,2.22554259232314,1.8606413593906,1.19611583451635,0.231651359211579,0.999436863219939,"YML013W"
"YML014W",12.4047045036284,0.107915529615726,1.6472890329571,0.0655109865097585,0.947767159158096,0.999436863219939,"YML014W"
"YML015C",1.53969565893779,-1.61193338407068,3.20882983363697,-0.50234305576861,0.615426227596859,0.999436863219939,"YML015C"
"YML016C",10.0041021654706,0.369223089681393,1.6461737338285,0.224291690539061,0.822530341505379,0.999436863219939,"YML016C"
"YML017W",22.6654081097999,-0.147800721526752,1.58917706986309,-0.0930045646452002,0.925899934880544,0.999436863219939,"YML017W"
"YML018C",10.819233191739,0.883989635717611,1.6200239494853,0.54566454773614,0.585296545802008,0.999436863219939,"YML018C"
"YML019W",12.7479522848492,1.69944190692487,1.70502221207989,0.996727136388323,0.318896974119401,0.999436863219939,"YML019W"
"YML020W",3.70758118163676,1.01070344254889,2.48938445889555,0.406005363670224,0.684738659399462,0.999436863219939,"YML020W"
"YML021C",17.5173192188505,3.04186292609241,1.91625275333504,1.58740172495426,0.112421688883647,0.999436863219939,"YML021C"
"YML022W",18.5812288636665,-0.542626124321895,0.86042159274977,-0.630651449120132,0.528268450732745,0.999436863219939,"YML022W"
"YML023C",8.45655242692062,-4.93360183922162,2.21449380858882,-2.2278688791483,0.0258892600017182,0.777648017126951,"YML023C"
"YML024W",112.739935560865,0.0264772952546497,0.364158504032165,0.0727081613129404,0.942038353952808,0.999436863219939,"YML024W"
"YML025C",15.660910501338,-0.652341766558405,1.68010234766981,-0.388275016378115,0.697812523849186,0.999436863219939,"YML025C"
"YML026C",156.122960118421,-0.420960518288065,0.407718275953414,-1.03247890299665,0.301847825773184,0.999436863219939,"YML026C"
"YML027W",3.41098869626522,-0.60381814913785,2.98963189903384,-0.201970734033506,0.83993960353387,0.999436863219939,"YML027W"
"YML028W",486.38949949812,-0.0602744301178235,0.371079460680392,-0.162429981997137,0.870967262111486,0.999436863219939,"YML028W"
"YML029W",24.586151696902,-5.67707208784998,1.80958007914098,-3.13723175519535,0.00170551257053025,0.173607655445573,"YML029W"
"YML030W",10.7976402982655,0.801973536451341,1.40449242763296,0.571005952522603,0.567995607862565,0.999436863219939,"YML030W"
"YML031W",33.2719265656193,0.932105557187696,1.39017778165172,0.670493781076135,0.50254306953184,0.999436863219939,"YML031W"
"YML032C",16.1494896474211,0.221335549036056,1.5876479433447,0.139410975817327,0.889125399608139,0.999436863219939,"YML032C"
"YML034W",15.9357411624311,1.26681378574009,1.52968456850644,0.828153602266505,0.407583516291822,0.999436863219939,"YML034W"
"YML035C",24.9891482846269,-0.243651541158201,1.207413512155,-0.201796268391373,0.84007599893123,0.999436863219939,"YML035C"
"YML034C-A",1.00098521409952,3.38028826616308,2.19466031723973,1.54023300991496,0.123503566264285,0.999436863219939,"YML034C-A"
"YML036W",7.08405781415238,1.52472831195165,1.09769335873153,1.38902936764925,0.164823820002988,0.999436863219939,"YML036W"
"YML037C",1.48781586174936,6.07119542482888,3.90666566440321,1.5540606610257,0.120169947679445,0.999436863219939,"YML037C"
"YML038C",21.271054324942,0.0075314399739616,1.5899113344413,0.00473701885810392,0.996220419924111,0.999436863219939,"YML038C"
"YML041C",9.9630837362491,1.45399185965485,2.08605338119666,0.697006065501913,0.485798997917562,0.999436863219939,"YML041C"
"YML042W",8.14135279232082,1.65326866354485,1.61767346559263,1.02200394499219,0.306779033262563,0.999436863219939,"YML042W"
"YML043C",11.8795290287479,0.179982403444376,2.1717980304533,0.0828725327680721,0.933952894570153,0.999436863219939,"YML043C"
"YML046W",0.7182028301121,0.748481701447918,3.71211390168222,0.201632202370926,0.84020426839546,0.999436863219939,"YML046W"
"YML047C",0.0846512270584598,0.461236802574989,5.07085675729675,0.0909583576604267,0.927525679613123,0.999436863219939,"YML047C"
"YML048W",79.1029348868568,-0.333010162339977,0.847436876551606,-0.392961613489212,0.694347833392768,0.999436863219939,"YML048W"
"YML047W-A",5.35721279881832,-0.730231626967693,1.56841785286699,-0.465584873082685,0.641512672716704,0.999436863219939,"YML047W-A"
"YML049C",40.9794336665446,-0.174548389288195,1.27541761185774,-0.136855871884937,0.891144719686734,0.999436863219939,"YML049C"
"YML050W",0.189519821565442,2.92538638071691,5.05928998812423,0.578220736028914,0.563115100742029,0.999436863219939,"YML050W"
"YML051W",64.296498128719,0.529379459566272,1.2209880813817,0.43356644314432,0.664603307207057,0.999436863219939,"YML051W"
"YML052W",58.2689227166693,-2.44832335271956,1.16507881306292,-2.10142294690183,0.0356038553580983,0.917167301567517,"YML052W"
"YML053C",19.394765862017,3.01957226184961,1.32161738229746,2.28475525692653,0.0223271825654318,0.739525902528359,"YML053C"
"YML054C",0.283408264913803,0.0173409144049014,5.07085675729667,0.00341972081541228,0.997271462877269,0.999436863219939,"YML054C"
"YML055W",20.7006808129169,0.783224921567618,1.02935957500468,0.760885642477319,0.446725374871192,0.999436863219939,"YML055W"
"YML056C",134.323467584592,0.450385146463557,0.949741024513104,0.47421890266818,0.635343815166409,0.999436863219939,"YML056C"
"YML057W",22.9523003397333,-2.01535560443321,1.41380852228104,-1.42547988123713,0.154018531679073,0.999436863219939,"YML057W"
"YML057C-A",0.491726348451164,0.474311404078793,3.85990301687507,0.122881689515295,0.902200785377226,0.999436863219939,"YML057C-A"
"YML058W",21.9737462626483,1.31912244269335,0.651146547006314,2.02584571592692,0.0427805974870952,0.966128493250233,"YML058W"
"YML059C",28.53527907246,1.26910653593021,1.63922878635314,0.774209522487489,0.438806897967143,0.999436863219939,"YML059C"
"YML060W",0.587913567672804,-3.07953235157195,4.14949787047574,-0.742145784308808,0.457999012574321,0.999436863219939,"YML060W"
"YML061C",6.01019081017654,-0.705363626825616,2.39441877765484,-0.294586575000247,0.768309718905585,0.999436863219939,"YML061C"
"YML062C",6.90956829456674,-1.87728227093026,1.6748036577219,-1.12089692560367,0.262331739704199,0.999436863219939,"YML062C"
"YML063W",335.554685836005,0.0313823288829741,0.350048381279781,0.0896514040951708,0.928564234273885,0.999436863219939,"YML063W"
"YML064C",12.1782086789286,0.988819987416379,1.81172268168379,0.545789925474345,0.585210349211408,0.999436863219939,"YML064C"
"YML065W",32.8891589858764,2.15939965559499,1.43685248895264,1.50286802034148,0.132873081094271,0.999436863219939,"YML065W"
"YML066C",19.384997051197,-3.0747801513956,2.60546819808557,-1.18012576536335,0.237950198436993,0.999436863219939,"YML066C"
"YML067C",19.125686814581,3.3833847731838,1.5393741980934,2.19789624730251,0.0279565003964713,0.803888887284849,"YML067C"
"YML068W",2.36882414415989,-2.82910261873363,3.43256749392307,-0.824194316278472,0.409829156020022,0.999436863219939,"YML068W"
"YML069W",27.9068397919885,-0.929934028538509,1.22582508504616,-0.758618859968499,0.448080587338202,0.999436863219939,"YML069W"
"YML070W",274.920354825042,-0.223522290406501,0.721532827768847,-0.309788109153239,0.756722094615513,0.999436863219939,"YML070W"
"YML071C",34.7419739902749,3.65668737835348,1.26189701847993,2.89777004367463,0.00375826037918928,0.335423679033506,"YML071C"
"YML072C",149.076767932856,-0.173939491252301,0.596208361806465,-0.291742790599713,0.770483289551613,0.999436863219939,"YML072C"
"YML073C",192.935284724199,-0.126652332773492,0.385175336986094,-0.328817347872053,0.742293749858691,0.999436863219939,"YML073C"
"YML074C",79.8183815261955,0.767145118028129,0.366198459191281,2.09488898375571,0.0361808623729434,0.917167301567517,"YML074C"
"YML075C",19.2721920187924,1.38631334493392,1.64409095676062,0.843209640703455,0.3991112075703,0.999436863219939,"YML075C"
"YML076C",2.84397432104759,0.0599185154471212,2.85390204426783,0.0209952950443656,0.983249408860475,0.999436863219939,"YML076C"
"YML077W",8.78895622432113,-3.17345628543956,1.69374774453383,-1.87362982219822,0.0609814646699657,0.999436863219939,"YML077W"
"YML078W",63.5919618894676,-0.128676327187503,0.69047476765984,-0.18635920270282,0.852163083467533,0.999436863219939,"YML078W"
"YML079W",19.2190198226473,-0.150355340217078,1.34573987815127,-0.111726896600279,0.911039952443659,0.999436863219939,"YML079W"
"YML080W",15.1967414340325,0.817690720874737,1.40174086277825,0.58333943354842,0.559664821434714,0.999436863219939,"YML080W"
"YML081W",36.7327819350112,0.45957732315655,1.49610398849819,0.307182740430951,0.75870428199498,0.999436863219939,"YML081W"
"YML082W",2.80145354667956,-0.0522879145006171,2.57262154549439,-0.0203247596181384,0.983784304545769,0.999436863219939,"YML082W"
"YML083C",0.400259126614012,0.160067362354815,5.05134471735945,0.0316880694767726,0.974720809288367,0.999436863219939,"YML083C"
"YML085C",94.0979105325816,-0.556415594540449,0.863064084585111,-0.644697890317064,0.519122983746473,0.999436863219939,"YML085C"
"YML086C",35.9412567006118,0.383954174815131,1.05943645778383,0.362413594505044,0.717042982072778,0.999436863219939,"YML086C"
"YML087C",1.17299787085278,-1.36489593384065,5.06183901634875,-0.269644279368091,0.787433931630481,0.999436863219939,"YML087C"
"YML088W",9.58047832478984,-3.75950524299907,1.81102280554046,-2.07590165706231,0.0379030474368412,0.91854560433764,"YML088W"
"YML090W",1.25836516071274,-0.337291417987224,1.74294331036651,-0.193518295162622,0.846553079390848,0.999436863219939,"YML090W"
"YML091C",11.5633419839975,-0.362962814337305,1.671475353361,-0.217151161461914,0.828090543994416,0.999436863219939,"YML091C"
"YML092C",46.4931389809589,-0.0836885665408992,0.937616050904841,-0.0892567554279131,0.92887786101111,0.999436863219939,"YML092C"
"YML093W",24.1946191224426,-1.11417245694153,1.0743710168503,-1.03704627122939,0.299714293259846,0.999436863219939,"YML093W"
"YML094W",2.3382292057868,1.07825817043716,1.70965263143966,0.630688451331302,0.52824425166701,0.999436863219939,"YML094W"
"YML095C",0.717551132449323,-0.813819871599452,2.39194019040567,-0.340234206049036,0.733680160389752,0.999436863219939,"YML095C"
"YML096W",20.2485317896144,0.856405547280683,2.32830659378208,0.36782335692721,0.713004951798587,0.999436863219939,"YML096W"
"YML097C",7.72922165642513,-0.336823881269391,1.67362452782019,-0.20125414970351,0.840499852224716,0.999436863219939,"YML097C"
"YML098W",11.9818544829746,-3.12903395372159,1.50160258012541,-2.08379633541936,0.0371786968245754,0.91854560433764,"YML098W"
"YML099C",16.8654756687297,0.841475485613908,2.11156001871424,0.398508911968459,0.690255090350903,0.999436863219939,"YML099C"
"YML100W",242.244018078329,0.346022173462307,1.2838668212364,0.269515628676406,0.787532917082112,0.999436863219939,"YML100W"
"YML099W-A",1.25415290181143,0.501564795801672,1.95231255959101,0.256908041357243,0.797249762779849,0.999436863219939,"YML099W-A"
"YML101C",7.9655304065228,-0.39108989129035,1.30975325783226,-0.29859814354471,0.765246682096595,0.999436863219939,"YML101C"
"YML102W",12.4959535028975,0.366776435607604,2.49881622579197,0.146780076030345,0.883305611362162,0.999436863219939,"YML102W"
"YML103C",38.5183887665305,-0.929224114603195,1.20141607218269,-0.773440722259537,0.439261597635574,0.999436863219939,"YML103C"
"YML104C",24.6356985429453,1.61956422321,1.63084108883497,0.993085245581455,0.320668413590409,0.999436863219939,"YML104C"
"YML105C",9.41984714449817,0.246608047910567,1.46852284653305,0.167929323328384,0.866638881021394,0.999436863219939,"YML105C"
"YML106W",78.6832463226927,0.234414915055131,0.680578224184975,0.344434933009875,0.73051922145174,0.999436863219939,"YML106W"
"YML107C",5.96283808869506,0.516404310226578,1.33482161410318,0.386871402718133,0.698851413166136,0.999436863219939,"YML107C"
"YML108W",4.86380836112896,-0.307400975758484,1.48742784745002,-0.206666142687512,0.836270600750147,0.999436863219939,"YML108W"
"YML109W",3.67856496760468,-1.16727129153429,2.275499149653,-0.512973732252237,0.60796969535639,0.999436863219939,"YML109W"
"YML110C",37.5046708690881,0.863325131655292,1.02307232797316,0.843855422583518,0.398750200740893,0.999436863219939,"YML110C"
"YML111W",9.17787086353331,-2.43224866406178,1.75862985452362,-1.38303615044715,0.166653781606114,0.999436863219939,"YML111W"
"YML112W",11.6173150441911,-5.72983137657174,1.99823205157586,-2.86745044052969,0.00413793606892389,0.337950340314031,"YML112W"
"YML113W",5.12988810836815,0.198913839811037,2.73808216740714,0.072647140461603,0.942086913132683,0.999436863219939,"YML113W"
"YML114C",8.11171193073621,0.176276690825725,1.79742704422801,0.0980716805123153,0.921875374775982,0.999436863219939,"YML114C"
"YML115C",22.1715966633598,-1.60391909031225,1.69131776734732,-0.948325099681211,0.342963976841303,0.999436863219939,"YML115C"
"YML116W",51.511362898443,1.01555178163013,1.26443076559281,0.803169148730739,0.421876974649741,0.999436863219939,"YML116W"
"YML117W",49.0479365187299,-2.16073397029666,1.2109469047439,-1.78433419486186,0.0743693769653057,0.999436863219939,"YML117W"
"YML116W-A",5.67927358378163,-1.53922642133383,1.1852750477833,-1.29862382930654,0.19407305605156,0.999436863219939,"YML116W-A"
"YML118W",1.28022362286611,-1.41828387551057,4.51802850510933,-0.313916539903781,0.753584427894184,0.999436863219939,"YML118W"
"YML119W",6.16998193855054,-0.764586184308713,2.03966799874776,-0.374858155728347,0.707765960489767,0.999436863219939,"YML119W"
"YML120C",6.80762638720065,1.94463007266513,2.18280775473023,0.890884718753193,0.372991019131526,0.999436863219939,"YML120C"
"YML121W",15.9295028083441,2.21019297493852,1.78950752751172,1.23508448048372,0.216799064656537,0.999436863219939,"YML121W"
"YML122C",1.03596202410402,0.461186636080634,4.58960184008326,0.100485107891683,0.919959205175557,0.999436863219939,"YML122C"
"YML123C",52.4419281892975,-0.812893738034662,2.44135353491447,-0.33296846458706,0.739158087795311,0.999436863219939,"YML123C"
"YML124C",26.1860372480457,1.4008769000013,1.03126348470066,1.35840832220286,0.174334155006018,0.999436863219939,"YML124C"
"YML125C",51.589806563433,0.112234831845041,1.09753975108271,0.102260379848951,0.918550002695565,0.999436863219939,"YML125C"
"YML126C",22.7109271965914,-0.769687800135584,1.09605842885771,-0.702232453919211,0.482534209359803,0.999436863219939,"YML126C"
"YML127W",8.92625789571801,1.11765122162342,2.09777966917327,0.532778174012852,0.594187144164325,0.999436863219939,"YML127W"
"YML128C",245.288256419034,-0.192010373966874,1.235704113157,-0.155385396813418,0.87651749599257,0.999436863219939,"YML128C"
"YML129C",33.7460931555913,1.25989683314089,1.06888674602205,1.17870002395455,0.238517646108727,0.999436863219939,"YML129C"
"YML130C",31.0926088876436,0.24256072953561,1.01853632047878,0.238146372062206,0.811767569440794,0.999436863219939,"YML130C"
"YML131W",188.953929742592,0.372331757487881,0.799590004529018,0.465653341561211,0.64146365501253,0.999436863219939,"YML131W"
"YML132W",0.45660129384927,0.542818733290231,2.30757263805887,0.235233649566433,0.814027390069768,0.999436863219939,"YML132W"
"YML133C",0.261575056545966,1.84253927663521,3.76650433076837,0.489190802618651,0.624706620396145,0.999436863219939,"YML133C"
"YMR001C",35.3457597790265,-0.416498016722858,1.28187096339981,-0.324914151747545,0.745246045962293,0.999436863219939,"YMR001C"
"YMR002W",26.4872130348818,0.608491619592189,0.698960027006961,0.870567122697747,0.383990554432164,0.999436863219939,"YMR002W"
"YMR003W",5.88445511822427,-3.61883410377387,2.17021827698901,-1.66749775455521,0.0954154705372524,0.999436863219939,"YMR003W"
"YMR004W",11.0749666058444,1.30950290009785,1.59169589439169,0.822709227756294,0.410673366517173,0.999436863219939,"YMR004W"
"YMR005W",15.9231847682296,1.40371818127636,1.11502283838537,1.25891428673249,0.208061292914818,0.999436863219939,"YMR005W"
"YMR006C",1.82636406166114,0.356640956272514,2.90892746158022,0.122602217134275,0.902422098672352,0.999436863219939,"YMR006C"
"YMR007W",2.69306650365466,-0.913303487922719,1.67964920487123,-0.543746566410419,0.58661588329016,0.999436863219939,"YMR007W"
"YMR008C",25.7370589122093,-2.18538114013204,1.71633265624661,-1.27328529943092,0.20291682130649,0.999436863219939,"YMR008C"
"YMR009W",10.5673428188379,0.117280176568993,2.0911444729967,0.0560842056029372,0.955274726236173,0.999436863219939,"YMR009W"
"YMR010W",14.9024044820615,-0.947408599210394,1.51260270078282,-0.626343321164293,0.531089777216592,0.999436863219939,"YMR010W"
"YMR011W",0.767469881314059,-0.326670047553228,4.51289601497331,-0.0723859017511974,0.942294804133995,0.999436863219939,"YMR011W"
"YMR012W",82.3343260444465,0.0498612265010574,0.63857767816318,0.0780816934354477,0.937763069252352,0.999436863219939,"YMR012W"
"YMR013C",0.973100935425927,-0.0348795002874813,3.74784485025002,-0.00930654861157192,0.992574555737194,0.999436863219939,"YMR013C"
"YMR014W",13.4622374770099,2.55256854141804,1.4106511561262,1.80949665006314,0.0703738801192688,0.999436863219939,"YMR014W"
"YMR015C",8.10212390467902,2.289005070264,1.72753678892973,1.325010896979,0.185167537099163,0.999436863219939,"YMR015C"
"YMR016C",50.3984636348323,-0.448676539669701,1.15874540675818,-0.38720890460741,0.698601558425584,0.999436863219939,"YMR016C"
"YMR017W",0.217124649444747,2.10905710846266,5.06455086758484,0.416435171371557,0.677091596351344,0.999436863219939,"YMR017W"
"YMR018W",1.31582114412957,-0.68339959223628,2.07620420031804,-0.32915817824258,0.742036132062792,0.999436863219939,"YMR018W"
"YMR019W",2.56657752072198,-4.29116258551016,2.54888887084336,-1.68354243866675,0.0922701310700737,0.999436863219939,"YMR019W"
"YMR020W",16.7727641566046,1.41717818519475,2.03227745879965,0.697334991862671,0.485593174383638,0.999436863219939,"YMR020W"
"YMR021C",1.88760631390754,-3.68264034650021,2.72198556244158,-1.35292427605565,0.176079823051537,0.999436863219939,"YMR021C"
"YMR022W",23.0572055609457,-0.338326653599785,1.39855121874474,-0.241912236795623,0.808848168118195,0.999436863219939,"YMR022W"
"YMR023C",1.53104889572084,1.29688019584458,3.97031307551696,0.326644315240987,0.743936921727882,0.999436863219939,"YMR023C"
"YMR024W",15.5185782974267,-1.42289763201787,1.73883020485816,-0.818307404623176,0.413181679073193,0.999436863219939,"YMR024W"
"YMR025W",0.732460671845773,1.3254825733609,3.1589657657935,0.419593839133599,0.674782189804518,0.999436863219939,"YMR025W"
"YMR026C",11.1773152411593,-0.97443162589585,2.08243262033484,-0.467929486111858,0.639835016509475,0.999436863219939,"YMR026C"
"YMR027W",43.5414050017254,-0.321147413044294,1.10872701492797,-0.289654178819805,0.772080814144232,0.999436863219939,"YMR027W"
"YMR028W",9.45151980018463,-0.0352996577266321,1.54443883473702,-0.0228559765091913,0.98176515686889,0.999436863219939,"YMR028W"
"YMR029C",23.918943402239,0.289553589348192,1.75528668473362,0.164960853327577,0.868974794381982,0.999436863219939,"YMR029C"
"YMR030W",5.79589750887124,-2.85534121997594,2.56061351521765,-1.11510042534991,0.264807389261442,0.999436863219939,"YMR030W"
"YMR031C",31.1300461567719,1.10339143057885,1.24702135306342,0.884821601384989,0.37625285697159,0.999436863219939,"YMR031C"
"YMR031W-A",0.441727455207304,0.46121130176733,4.64511353367694,0.099289564920978,0.920908363462748,0.999436863219939,"YMR031W-A"
"YMR032W",14.7457518063795,-0.481659488423158,1.81078190249143,-0.265995307198757,0.790242823188023,0.999436863219939,"YMR032W"
"YMR033W",19.1370037257002,1.11155561719226,1.35076786761445,0.822906469603357,0.410561183356941,0.999436863219939,"YMR033W"
"YMR034C",5.35438732917747,-0.351261647637273,1.81519943865585,-0.193511324517256,0.846558537991516,0.999436863219939,"YMR034C"
"YMR035W",8.50123345602603,-1.26161033456292,1.80245264609734,-0.699940904020173,0.483964211113776,0.999436863219939,"YMR035W"
"YMR036C",7.81227327986628,-3.64593798582661,2.85934788832246,-1.27509422715458,0.202275892434406,0.999436863219939,"YMR036C"
"YMR037C",49.6786702973691,1.14046074005529,1.21014788887757,0.942414353268083,0.345980541497543,0.999436863219939,"YMR037C"
"YMR038C",44.363371332708,-0.283228673631401,0.897164535801865,-0.315693122419577,0.752235447461676,0.999436863219939,"YMR038C"
"YMR039C",25.4660765019501,-1.94961068802994,1.03220632464894,-1.8887800253433,0.0589213103622703,0.999436863219939,"YMR039C"
"YMR040W",7.30870545096878,-1.68562629755503,2.61838972433135,-0.643764479325356,0.519728170640338,0.999436863219939,"YMR040W"
"YMR041C",9.71626483678746,-0.529246639589388,1.90334574697948,-0.278061219528442,0.780965364544524,0.999436863219939,"YMR041C"
"YMR042W",5.32941731439556,1.507641899386,2.04872657932803,0.735892194985091,0.461796307550932,0.999436863219939,"YMR042W"
"YMR043W",9.92342279032221,1.74261487868989,1.3004751413543,1.33998322864915,0.180250797525903,0.999436863219939,"YMR043W"
"YMR044W",20.2524204874664,1.67882523794328,1.24535242328003,1.34807240630051,0.177635095468195,0.999436863219939,"YMR044W"
"YMR047C",11.9493556033644,0.187154572075354,1.53691944236482,0.12177253206413,0.90307916826455,0.999436863219939,"YMR047C"
"YMR048W",3.92816086679911,-1.24337719429085,1.94261794715548,-0.640052356209051,0.5221385619003,0.999436863219939,"YMR048W"
"YMR049C",41.2294053732597,0.48855273826501,1.04505676714526,0.467489186831038,0.640149926643308,0.999436863219939,"YMR049C"
"YMR052C-A",0.501059150080207,0.28454821050593,2.35052193422367,0.121057458074694,0.903645524824774,0.999436863219939,"YMR052C-A"
"YMR052W",0.756929154153099,1.79321009691076,3.50728737455144,0.511281199801912,0.609154167452963,0.999436863219939,"YMR052W"
"YMR053C",6.43478574850182,-0.827173267248607,2.93735324748798,-0.281604967994913,0.77824643041152,0.999436863219939,"YMR053C"
"YMR054W",39.5077522352995,0.604001081980139,1.50588351721146,0.401094158397195,0.688350801536117,0.999436863219939,"YMR054W"
"YMR055C",2.55880930800679,-1.76677223952882,2.81673680019571,-0.62724079843245,0.530501403525003,0.999436863219939,"YMR055C"
"YMR056C",10.3660648366072,-5.5681934999026,2.7048980876608,-2.0585594427027,0.0395364613656049,0.933948881682106,"YMR056C"
"YMR058W",243.989542146987,0.641875681979832,0.670045508338146,0.957958338638548,0.338083766924616,0.999436863219939,"YMR058W"
"YMR059W",5.96443624178846,-5.28608847645581,1.87065736318169,-2.82579192774513,0.00471638896143973,0.362169092468282,"YMR059W"
"YMR060C",3.0868422318574,-4.07873910313014,1.68680211502885,-2.41803058390188,0.0156047651685779,0.650598670874556,"YMR060C"
"YMR061W",12.6376460228953,-1.40777948014378,1.52072450620274,-0.925729462767072,0.354586592433427,0.999436863219939,"YMR061W"
"YMR062C",28.3455051981521,0.382763040675661,1.42576786022832,0.26846098257143,0.788344504247771,0.999436863219939,"YMR062C"
"YMR063W",4.94014362212564,-3.12470326305847,3.33271906577284,-0.937583757103711,0.348458361919976,0.999436863219939,"YMR063W"
"YMR064W",21.8501157531052,2.93554823107105,1.78265075772355,1.64673210293852,0.0996131225782063,0.999436863219939,"YMR064W"
"YMR065W",4.18602593411898,-1.2193667809569,2.97393758970101,-0.410017609374073,0.681793030000283,0.999436863219939,"YMR065W"
"YMR066W",3.04286806653573,-0.098955200792208,2.38935000403076,-0.0414151131585048,0.966964964576085,0.999436863219939,"YMR066W"
"YMR067C",9.91242598269251,0.445800708662872,1.95682731303603,0.227818114400299,0.819787643709092,0.999436863219939,"YMR067C"
"YMR068W",0.794584221021894,-1.53839526658145,5.06088242720732,-0.303977673599179,0.761144900689148,0.999436863219939,"YMR068W"
"YMR069W",1.81863382167231,-3.54249087043563,3.73639674732202,-0.94810350987877,0.343076761621114,0.999436863219939,"YMR069W"
"YMR070W",23.8793935973688,0.76511173111113,1.21016370748825,0.632238205770649,0.527231235573938,0.999436863219939,"YMR070W"
"YMR071C",23.6037930181401,-0.543737658612938,1.30000955542284,-0.418256663072052,0.675759471224306,0.999436863219939,"YMR071C"
"YMR072W",33.8065740944276,0.765227857533898,0.64749832371537,1.18182214456246,0.237276279164981,0.999436863219939,"YMR072W"
"YMR073C",23.2197188103693,0.495107765642246,1.10079545022442,0.449772721663511,0.652874328891721,0.999436863219939,"YMR073C"
"YMR074C",15.853884232859,0.268283435569363,0.789233954303137,0.339928907146736,0.733910066777344,0.999436863219939,"YMR074C"
"YMR075W",3.27187750439922,-0.941983213149867,2.85621791872354,-0.329800890532486,0.741550414443525,0.999436863219939,"YMR075W"
"YMR076C",1.35380740014473,-2.01403171070438,2.47221140485729,-0.814668076826804,0.415262331146331,0.999436863219939,"YMR076C"
"YMR077C",8.21831980371075,1.68965980215136,1.809723035609,0.933656570041266,0.35048107441801,0.999436863219939,"YMR077C"
"YMR078C",11.5915447099771,-3.44712840475717,1.9153843404219,-1.79970585120158,0.0719070967116326,0.999436863219939,"YMR078C"
"YMR079W",35.3199895371066,-0.462364205501779,0.996950298582996,-0.463778591730155,0.642806382917747,0.999436863219939,"YMR079W"
"YMR080C",41.5681056144196,-1.28347340210478,1.48591350507823,-0.863760506730986,0.387719467182273,0.999436863219939,"YMR080C"
"YMR081C",7.38601909663082,3.74880449721026,2.66625830601192,1.40601699721194,0.159719077599879,0.999436863219939,"YMR081C"
"YMR083W",120.975217737052,1.04744321613034,0.777577191847788,1.34706010813056,0.177960874623534,0.999436863219939,"YMR083W"
"YMR085W",0.0938554597683182,2.19570989581617,5.06560906286823,0.433454273428065,0.6646847789363,0.999436863219939,"YMR085W"
"YMR086C-A",0.850655998527123,-1.09356950281304,2.01623179602662,-0.542382827692795,0.587554806994793,0.999436863219939,"YMR086C-A"
"YMR086W",31.3870173849225,1.52996402472288,1.28124075832411,1.19412687645381,0.232428341367481,0.999436863219939,"YMR086W"
"YMR087W",9.65442243521307,1.37148455509048,1.99083490285796,0.68889919155106,0.490886708229656,0.999436863219939,"YMR087W"
"YMR088C",40.8822751366016,1.74504154501959,2.00322435415682,0.871116378651503,0.383690612013647,0.999436863219939,"YMR088C"
"YMR089C",54.8817765142573,0.475526224857673,0.993291912454617,0.478737638850351,0.632125285700937,0.999436863219939,"YMR089C"
"YMR090W",98.7377573509137,-0.316590428227052,0.895788692172508,-0.353420880385577,0.723772934280433,0.999436863219939,"YMR090W"
"YMR091C",16.954170080315,-1.87296119665997,1.18100172382998,-1.58590894396493,0.112759966635196,0.999436863219939,"YMR091C"
"YMR092C",44.1215182234991,0.522117703611151,1.29546120229057,0.403036156303229,0.68692162616861,0.999436863219939,"YMR092C"
"YMR093W",13.8873789911656,0.94707724709205,1.76827070503456,0.53559516899509,0.592238368289985,0.999436863219939,"YMR093W"
"YMR094W",1.25794170731647,-2.30477944129257,3.99000527101528,-0.577638194624767,0.563508414503069,0.999436863219939,"YMR094W"
"YMR095C",1.33663490647364,-2.46756041276066,3.68968530860416,-0.668772593425905,0.503640551925262,0.999436863219939,"YMR095C"
"YMR096W",46.1378711358868,-0.905888594634581,2.76417083495282,-0.327725256044112,0.74311940552973,0.999436863219939,"YMR096W"
"YMR097C",13.733240203198,-1.47006813338765,1.74990512337841,-0.840084478722767,0.400861022027367,0.999436863219939,"YMR097C"
"YMR098C",9.32453163318738,-2.3429377794011,2.38320273875831,-0.983104685681005,0.32555591840091,0.999436863219939,"YMR098C"
"YMR099C",29.641496488319,-0.48810632003894,0.996441357328875,-0.489849519441254,0.624240386526699,0.999436863219939,"YMR099C"
"YMR100W",17.1975572288093,-1.9045199833285,1.77701962162698,-1.07174955197444,0.283832537660731,0.999436863219939,"YMR100W"
"YMR101C",0.420908584170019,3.63611278135852,5.05381132554886,0.71947932899209,0.4718456340934,0.999436863219939,"YMR101C"
"YMR102C",18.0621423229189,1.59594075541187,1.61067179558976,0.990854101860961,0.32175682701314,0.999436863219939,"YMR102C"
"YMR103C",6.54253406601905,-0.173276106619017,1.86405557674681,-0.0929565130892838,0.925938109102619,0.999436863219939,"YMR103C"
"YMR104C",19.499576225646,3.03235941115206,2.09542299250286,1.44713474176882,0.147859189371462,0.999436863219939,"YMR104C"
"YMR105C",190.046555820292,0.0994486138025112,1.1648324450863,0.0853758960973512,0.931962555311788,0.999436863219939,"YMR105C"
"YMR106C",1.9864769871458,1.734509270029,2.10063098634546,0.825708694817734,0.408969358815921,0.999436863219939,"YMR106C"
"YMR107W",0.0931900244817704,-0.204579987279108,5.07085675729686,-0.0403442647013686,0.967818664358381,0.999436863219939,"YMR107W"
"YMR108W",59.2526070722758,-0.148837388857554,1.07433836609481,-0.138538651838875,0.889814724366006,0.999436863219939,"YMR108W"
"YMR109W",74.388944839302,1.22318256433628,0.747932403738513,1.63541859962511,0.101961325962503,0.999436863219939,"YMR109W"
"YMR110C",20.1623000131433,1.93620215528812,1.69394467749471,1.14301380736453,0.253032858406165,0.999436863219939,"YMR110C"
"YMR111C",7.08014547309456,0.624779549212857,2.61625843903969,0.238806510813276,0.811255621385449,0.999436863219939,"YMR111C"
"YMR112C",1.50240089446264,-3.12868269763059,2.39988593794403,-1.30367974917629,0.192342796885412,0.999436863219939,"YMR112C"
"YMR113W",12.1456111523785,1.18476063138426,1.85988649829564,0.637006953096303,0.524120314562475,0.999436863219939,"YMR113W"
"YMR114C",11.3551362777553,1.9591209051186,1.61525200918853,1.21288869722738,0.225172377575384,0.999436863219939,"YMR114C"
"YMR115W",17.3190817331629,0.0869694950274834,1.40814022840055,0.0617619561414479,0.950752400221814,0.999436863219939,"YMR115W"
"YMR116C",291.143879978535,-0.323448940189676,0.440895182308314,-0.733618676657462,0.463181174859121,0.999436863219939,"YMR116C"
"YMR117C",2.40947234926994,-0.777755332468667,3.1586593906233,-0.246229566498207,0.805504529230698,0.999436863219939,"YMR117C"
"YMR118C",4.44711254966932,-3.82127379669128,3.01057203133696,-1.26928495877719,0.204339448984967,0.999436863219939,"YMR118C"
"YMR119W",7.860597469344,-0.370928205913346,2.43582190881823,-0.152280511383242,0.878965695311602,0.999436863219939,"YMR119W"
"YMR119W-A",1.40040118362819,0.22125186406788,1.1575546486742,0.191137294745686,0.848418029258532,0.999436863219939,"YMR119W-A"
"YMR120C",36.7345737529099,-0.198396576668799,1.63452587154903,-0.121378670183287,0.903391110684456,0.999436863219939,"YMR120C"
"YMR121C",34.6318437722009,1.19270585797363,1.15326466294457,1.03419960421606,0.301042859144405,0.999436863219939,"YMR121C"
"YMR123W",16.6711135154584,-0.196563481184952,1.11648240830158,-0.176056048642959,0.860249909609626,0.999436863219939,"YMR123W"
"YMR124W",29.0483477019991,-0.277479141307618,1.41826681036987,-0.195646643691292,0.844886749334143,0.999436863219939,"YMR124W"
"YMR125W",26.4896470598268,1.44268792772043,1.26763884593774,1.13809065755886,0.255082628799793,0.999436863219939,"YMR125W"
"YMR126C",3.28272851484762,-3.66799080602684,2.78423728983209,-1.3174131455757,0.187700176938812,0.999436863219939,"YMR126C"
"YMR127C",7.27731280447714,0.229323984829144,2.88463536960317,0.079498430632046,0.936636179838184,0.999436863219939,"YMR127C"
"YMR128W",23.3460100521343,0.669088255305409,1.12738147614042,0.593488778612922,0.552854090554395,0.999436863219939,"YMR128W"
"YMR129W",81.3296228134062,1.80359743638404,1.27539251870336,1.41415086723081,0.157317610478225,0.999436863219939,"YMR129W"
"YMR130W",12.3123855243177,0.366583780007738,1.43714008452009,0.255078669056922,0.798662338967608,0.999436863219939,"YMR130W"
"YMR131C",54.8219295976386,-1.42327177288308,1.02079870076942,-1.39427271195614,0.163235267965102,0.999436863219939,"YMR131C"
"YMR132C",1.27983306455464,-0.591254175410583,3.20263101974872,-0.184615140415699,0.853530909742989,0.999436863219939,"YMR132C"
"YMR133W",5.84721213795873,1.21108239604102,2.27626601862948,0.532047830143423,0.594692868791603,0.999436863219939,"YMR133W"
"YMR134W",9.29371706417448,1.56011960826438,2.02831125940717,0.769171694447121,0.441791391515293,0.999436863219939,"YMR134W"
"YMR135C",20.7011954474778,1.8445783621674,1.72193447995156,1.07122447668235,0.28406850846908,0.999436863219939,"YMR135C"
"YMR135W-A",0.107044064375192,0.461233920001353,5.07085675729687,0.0909577892015282,0.927526131305323,0.999436863219939,"YMR135W-A"
"YMR136W",11.002375253148,-1.17332570827512,2.03597019620011,-0.576298076693359,0.564413722650586,0.999436863219939,"YMR136W"
"YMR137C",19.3991830967181,-1.70102207409739,2.4883431559494,-0.683596259635817,0.494230147223545,0.999436863219939,"YMR137C"
"YMR138W",9.76468434432196,-1.1804676848914,2.29787347701436,-0.513721793954116,0.607446512448629,0.999436863219939,"YMR138W"
"YMR139W",21.0579062160072,1.3473927521942,1.60193517639775,0.841103168246834,0.400290140362341,0.999436863219939,"YMR139W"
"YMR140W",13.9541990491845,-0.0586313475613488,1.90548151248786,-0.0307698328097646,0.975453098953554,0.999436863219939,"YMR140W"
"YMR141C",4.94195301317865,1.31900030908808,1.68601635084415,0.782317626058425,0.434027930681323,0.999436863219939,"YMR141C"
"YMR142C",402.39051281736,-0.0747777992047451,0.229934976603775,-0.325212807156358,0.745020016367506,0.999436863219939,"YMR142C"
"YMR143W",175.676623487588,0.0157451865011507,0.295373231293991,0.0533060712108986,0.957488042954641,0.999436863219939,"YMR143W"
"YMR144W",2.21423097420978,2.35344746846977,3.09482460352784,0.76044615445639,0.446987943581159,0.999436863219939,"YMR144W"
"YMR145C",28.1540588930458,0.745305854372017,1.51730342964505,0.491204224422249,0.623282011407122,0.999436863219939,"YMR145C"
"YMR146C",110.980595586228,-0.380686197907241,0.636684345451501,-0.597919833630084,0.549893425220718,0.999436863219939,"YMR146C"
"YMR147W",1.66866481482546,-3.17477766009189,3.4636885766945,-0.916588656801727,0.359358230589627,0.999436863219939,"YMR147W"
"YMR148W",5.57051615677678,0.567743535376003,1.63542840689953,0.347152790657673,0.728476535429399,0.999436863219939,"YMR148W"
"YMR151W",0.273560289745316,0.350247113279966,5.0708567572927,0.0690705989232007,0.944933423780575,0.999436863219939,"YMR151W"
"YMR152W",32.024399631395,-0.323850824046601,1.75358621559327,-0.184679157013695,0.853480695246693,0.999436863219939,"YMR152W"
"YMR153C-A",0.770186233574007,0.477663768348448,1.56604479082862,0.305012839444847,0.76035637352482,0.999436863219939,"YMR153C-A"
"YMR153W",14.7048055764404,-1.35473784707879,1.95768987545299,-0.692008404428879,0.488932051067936,0.999436863219939,"YMR153W"
"YMR154C",0.847571431542644,1.47812620558669,2.70578247931201,0.546284195750476,0.584870598247657,0.999436863219939,"YMR154C"
"YMR155W",2.85414877014994,-1.85534185860027,3.56303833572785,-0.520719027913931,0.602562517125422,0.999436863219939,"YMR155W"
"YMR156C",3.00924940439142,-2.41016665601505,2.20611098060203,-1.09249565285122,0.274615300185013,0.999436863219939,"YMR156C"
"YMR157C",13.0275401433598,-2.21064749480462,2.05071646005228,-1.07798788270723,0.281039163741409,0.999436863219939,"YMR157C"
"YMR158W",9.6039681465477,-0.855765019403732,1.83496484990148,-0.466365892212964,0.640953621135494,0.999436863219939,"YMR158W"
"YMR160W",13.4416559275443,-5.55334485142702,1.96835106728695,-2.82131828194724,0.00478267250910261,0.362169092468282,"YMR160W"
"YMR161W",13.3680349823931,-0.0551038935903909,1.6055049352229,-0.0343218462811766,0.972620504317564,0.999436863219939,"YMR161W"
"YMR162C",17.6874737193556,-0.159832717714906,1.97262854896489,-0.0810252481638147,0.935421873384343,0.999436863219939,"YMR162C"
"YMR163C",5.30392731635293,-0.651919272510883,2.09770098453322,-0.310777978995871,0.755969411515625,0.999436863219939,"YMR163C"
"YMR164C",1.93146948473248,1.76499267284633,3.01957990741759,0.58451596810226,0.558873225239541,0.999436863219939,"YMR164C"
"YMR165C",29.6631576691015,2.17267197964433,1.58605061211716,1.36986295585115,0.170729685278062,0.999436863219939,"YMR165C"
"YMR166C",3.49376117229232,4.75297329553643,3.07776507532689,1.54429372587237,0.122517191835455,0.999436863219939,"YMR166C"
"YMR167W",7.80289578265964,-0.499762725782455,1.79741250101068,-0.278045649232683,0.780977316761381,0.999436863219939,"YMR167W"
"YMR168C",9.79310110118209,-3.98762811179832,2.30557005308675,-1.7295627632132,0.0837084237960306,0.999436863219939,"YMR168C"
"YMR169C",222.807415596093,-3.02214397240812,1.2553592056318,-2.4073938031841,0.0160668342763136,0.660278667054964,"YMR169C"
"YMR170C",10.6760106167931,-0.074782324255151,1.44006319301231,-0.0519298907284216,0.958584557044018,0.999436863219939,"YMR170C"
"YMR171C",18.2974757158716,-1.8796072044772,1.99377071963614,-0.942739897805417,0.345813960425881,0.999436863219939,"YMR171C"
"YMR172W",3.48411011440403,-4.35898343599974,3.14472302311619,-1.38612634688581,0.165708326566106,0.999436863219939,"YMR172W"
"YMR173W",19.9613865573767,-0.646831200730536,1.2009940270887,-0.538579864796251,0.590176784092132,0.999436863219939,"YMR173W"
"YMR173W-A",24.3801952456234,0.317988748207166,0.426883543294825,0.74490748870951,0.456327647668869,0.999436863219939,"YMR173W-A"
"YMR174C",16.8924178608494,-1.21262779601674,1.17842487813184,-1.02902426664577,0.303468271841707,0.999436863219939,"YMR174C"
"YMR175W",34.7725233314414,-0.654448466896741,1.87457787040702,-0.349117781249943,0.727000887931685,0.999436863219939,"YMR175W"
"YMR176W",24.9672149918919,1.83435760014172,1.88954028618506,0.970795708116521,0.331650020262505,0.999436863219939,"YMR176W"
"YMR177W",8.91249405534653,-0.350175768158995,2.2972367769079,-0.152433467755263,0.878845062049574,0.999436863219939,"YMR177W"
"YMR178W",20.9264902172508,-1.73670145132503,1.34889877616719,-1.2874957572871,0.19792154744896,0.999436863219939,"YMR178W"
"YMR179W",9.38601820645014,2.45868142550439,1.87624794318311,1.31042458137658,0.1900522424027,0.999436863219939,"YMR179W"
"YMR180C",13.7265778113078,-0.533873896268403,2.16786150391841,-0.24626752922335,0.805475143939944,0.999436863219939,"YMR180C"
"YMR181C",11.4776753996235,1.74106001989512,1.66826696546254,1.04363393625816,0.296654785635889,0.999436863219939,"YMR181C"
"YMR182C",52.4706937942591,2.96036560516135,1.55232224297101,1.90705610163484,0.0565133230204836,0.999436863219939,"YMR182C"
"YMR183C",23.9858314546162,0.451944209908368,0.976018480450853,0.463048824341524,0.643329370821483,0.999436863219939,"YMR183C"
"YMR184W",5.71176086401434,-0.801224079253943,1.76575979617678,-0.453755987076359,0.650004465173693,0.999436863219939,"YMR184W"
"YMR185W",7.32253428787458,-4.09117467271793,1.98957290300493,-2.05630799783153,0.0397528378832901,0.933948881682106,"YMR185W"
"YMR186W",774.11414123769,-0.16228325663764,0.238245777529632,-0.681159004454782,0.495770885002632,0.999436863219939,"YMR186W"
"YMR187C",1.25079988089296,-1.06270340893762,4.56411001628904,-0.232839130771364,0.815886325910969,0.999436863219939,"YMR187C"
"YMR188C",9.99804748814501,-0.321950188803632,1.41195089418195,-0.228017978621106,0.819632263734214,0.999436863219939,"YMR188C"
"YMR189W",36.2561152029286,0.120961823932492,1.47962023472817,0.0817519395135299,0.934843974791755,0.999436863219939,"YMR189W"
"YMR190C",48.3438130060606,-0.882455706451136,1.49445566289079,-0.59048637464705,0.554864617898033,0.999436863219939,"YMR190C"
"YMR191W",18.6235543356694,-4.06301762403326,2.03017139655875,-2.00131753945518,0.0453581807626325,0.983365358933873,"YMR191W"
"YMR192W",12.3500555944734,-0.465079770315906,1.50387602015821,-0.309254063554374,0.757128271285055,0.999436863219939,"YMR192W"
"YMR193W",10.763231342314,1.23086240428224,1.33365787878494,0.922922155570846,0.356047773750032,0.999436863219939,"YMR193W"
"YMR194W",79.9692864871768,-0.0815640612313066,0.35620584362027,-0.228980132392935,0.818884357970662,0.999436863219939,"YMR194W"
"YMR195W",39.8823674909143,1.29359071654495,1.01313834054243,1.2768154799594,0.201667399068316,0.999436863219939,"YMR195W"
"YMR196W",56.5872406487508,0.60448963061055,1.32042758753098,0.457798395246242,0.647097288834402,0.999436863219939,"YMR196W"
"YMR197C",23.9043511317871,-1.24398563710693,1.50098686386634,-0.82877849703667,0.407229757991544,0.999436863219939,"YMR197C"
"YMR198W",11.0719463779803,1.69720117172165,2.19001822749821,0.774971253851373,0.4383566459538,0.999436863219939,"YMR198W"
"YMR199W",43.0939084414791,1.53054166298459,1.96913867586955,0.777264537912096,0.437002712610294,0.999436863219939,"YMR199W"
"YMR200W",53.4535181884658,-0.0237386432630565,1.02946457312461,-0.0230592133841045,0.981603040032053,0.999436863219939,"YMR200W"
"YMR201C",12.2826738395706,0.886804525232497,1.47136972349857,0.602706791549226,0.546703762695506,0.999436863219939,"YMR201C"
"YMR202W",98.9251729688375,1.23608616397158,0.848344425221719,1.45705697735742,0.145100652942189,0.999436863219939,"YMR202W"
"YMR203W",45.8774124621397,-1.29672376639219,1.03087825766728,-1.25788254505093,0.208434237182779,0.999436863219939,"YMR203W"
"YMR204C",2.43482760359561,-1.87839046179799,2.52165893972035,-0.744902663960693,0.456330564580908,0.999436863219939,"YMR204C"
"YMR205C",580.905258223792,0.308268217688697,0.447080224088388,0.68951432221648,0.49049966345948,0.999436863219939,"YMR205C"
"YMR206W",1.11918269479893,-3.27948050112657,5.05764833159417,-0.648420033603419,0.516713316368874,0.999436863219939,"YMR206W"
"YMR207C",18.9337450410098,-2.10608766736933,1.85369276782291,-1.13615789192664,0.255890489878223,0.999436863219939,"YMR207C"
"YMR208W",15.906799508619,0.517050771543909,1.38429887273496,0.373510938806424,0.708768205475833,0.999436863219939,"YMR208W"
"YMR209C",18.1937864315823,-0.400957075374668,2.13225777509672,-0.188043434549784,0.850842602619411,0.999436863219939,"YMR209C"
"YMR210W",24.8958811544837,0.691880113511517,1.81849355008103,0.380468830082289,0.703597429955466,0.999436863219939,"YMR210W"
"YMR211W",3.64627826341943,-4.46550389809047,2.77912365663275,-1.60680288098479,0.108097616074246,0.999436863219939,"YMR211W"
"YMR212C",5.27058986983909,-1.236378165414,2.13145315500938,-0.580063494479455,0.561871800455544,0.999436863219939,"YMR212C"
"YMR213W",14.0688445646627,-1.19550793418388,1.90891355611514,-0.626276622298641,0.531133517281664,0.999436863219939,"YMR213W"
"YMR214W",21.9721635124743,-0.414046296582671,1.34829612990141,-0.307088544868068,0.758775976605152,0.999436863219939,"YMR214W"
"YMR215W",24.0196188080816,-0.211292422051542,1.44141026925194,-0.146587287851916,0.883457788109944,0.999436863219939,"YMR215W"
"YMR216C",39.6641990242658,0.714482237097237,1.17795865626048,0.606542711240321,0.544154429241013,0.999436863219939,"YMR216C"
"YMR217W",86.9069876645026,0.221902501581907,0.752658151093911,0.294825082621366,0.768127504481735,0.999436863219939,"YMR217W"
"YMR218C",10.9579429291648,-0.484506828564751,1.8366825124457,-0.263794545481673,0.791938237824464,0.999436863219939,"YMR218C"
"YMR219W",33.2048801400501,0.116021045222853,1.11046788954183,0.104479423777595,0.916788896351006,0.999436863219939,"YMR219W"
"YMR220W",56.9843029376761,-0.893443835206716,1.14343108780794,-0.781370949883413,0.43458435183268,0.999436863219939,"YMR220W"
"YMR221C",10.2268638818851,-5.42082825684394,1.88672690381873,-2.87313879177331,0.0040641552688569,0.337950340314031,"YMR221C"
"YMR222C",12.8151811848156,0.697360036995458,1.79827623414604,0.387793612434977,0.698168772890621,0.999436863219939,"YMR222C"
"YMR223W",7.89432418182663,-5.44091344765032,2.08106469048322,-2.61448549510825,0.00893619547931968,0.532940645322,"YMR223W"
"YMR224C",8.78175767213953,-0.260508643107249,2.14130066503831,-0.121659067949053,0.903169031409292,0.999436863219939,"YMR224C"
"YMR225C",5.21946663906057,0.534930568450616,1.25395513487743,0.426594663215684,0.669674585515907,0.999436863219939,"YMR225C"
"YMR226C",137.832863436685,-0.0911878718300489,0.516359902608069,-0.176597507609461,0.859824551955019,0.999436863219939,"YMR226C"
"YMR227C",16.5410555551926,-4.21559250447053,1.94844654066769,-2.16356590570145,0.0304976805449323,0.845707773994821,"YMR227C"
"YMR228W",4.0457563011732,-4.77971072400821,3.12386998078893,-1.53006071104185,0.126001702090094,0.999436863219939,"YMR228W"
"YMR229C",95.3447391003286,0.420046131791836,0.821527981931255,0.511298630150598,0.609141964074666,0.999436863219939,"YMR229C"
"YMR230W",237.59366722101,0.0484788427475129,0.348635339732282,0.139053151595991,0.88940814808336,0.999436863219939,"YMR230W"
"YMR231W",11.6059299052474,-0.113249853671988,1.87888770974904,-0.0602749451626965,0.951936656519304,0.999436863219939,"YMR231W"
"YMR232W",0.243437040387209,-0.520134944788943,5.07063088720709,-0.102577954569956,0.918297940230841,0.999436863219939,"YMR232W"
"YMR233W",1.73306409023594,2.01490906131887,2.00187878868176,1.00650902178033,0.314170774020318,0.999436863219939,"YMR233W"
"YMR234W",23.9039518450308,0.572926093993145,1.4560188695435,0.393488096876638,0.693959013777365,0.999436863219939,"YMR234W"
"YMR235C",42.4073555486558,-0.424955905979686,0.874298035419796,-0.486053826914574,0.626929002761694,0.999436863219939,"YMR235C"
"YMR236W",20.5102199183396,0.0511463667792247,1.24461858753883,0.0410940084707912,0.96722095111829,0.999436863219939,"YMR236W"
"YMR237W",51.8828789635585,0.696268800189349,1.24575079244237,0.558914996814308,0.576219733966979,0.999436863219939,"YMR237W"
"YMR238W",42.3927708491021,0.027051919426807,1.52637647961264,0.0177229666390511,0.985859858795702,0.999436863219939,"YMR238W"
"YMR239C",3.68358961740169,0.40989019631586,2.43386837635052,0.168410995556987,0.866259958446708,0.999436863219939,"YMR239C"
"YMR240C",6.45216344218937,-4.94329260776383,2.25038246881198,-2.196645537491,0.0280457713108434,0.803888887284849,"YMR240C"
"YMR241W",35.4419660713751,0.769536840799833,1.17596066615065,0.654389949383947,0.512860607969984,0.999436863219939,"YMR241W"
"YMR242C",245.170755534658,0.392320783551386,0.314580758737633,1.24712263116699,0.212352535966145,0.999436863219939,"YMR242C"
"YMR243C",59.2570368725885,1.18868310448129,1.22613299768513,0.969456907795038,0.332317270621116,0.999436863219939,"YMR243C"
"YMR244C-A",1.13222448399215,1.25677816665693,1.96632177238878,0.639151833796834,0.522724162660244,0.999436863219939,"YMR244C-A"
"YMR244W",0.0985022932862468,2.20128220422681,5.06556885044119,0.434557750416339,0.663883467749849,0.999436863219939,"YMR244W"
"YMR245W",1.3398418880376,-0.803591246811452,2.81552602833531,-0.285414248962414,0.775326792250389,0.999436863219939,"YMR245W"
"YMR246W",58.2248810364998,-0.0257560689068136,1.03178211306357,-0.024962701505203,0.980084714218014,0.999436863219939,"YMR246W"
"YMR247C",33.9583957924782,0.245116695235656,1.2789458953675,0.191655249939422,0.848012261444257,0.999436863219939,"YMR247C"
"YMR250W",80.0469842380888,0.685795835278125,1.43430287926048,0.478138784488613,0.632551428929708,0.999436863219939,"YMR250W"
"YMR251W",20.0074900335635,3.93554000321665,2.69577338534247,1.4598927434387,0.144319553890809,0.999436863219939,"YMR251W"
"YMR251W-A",91.5796161698977,0.146727793502013,0.681969086214008,0.215153144721825,0.829647920488133,0.999436863219939,"YMR251W-A"
"YMR252C",2.34532288224238,-0.797205542145845,2.84909482413346,-0.279810112107557,0.779623193141206,0.999436863219939,"YMR252C"
"YMR253C",5.84163235835914,-3.97987892734507,3.20551146765353,-1.24157376053887,0.214393867997397,0.999436863219939,"YMR253C"
"YMR254C",0.161100332995408,0.63094887186907,5.07085675729592,0.124426482953056,0.900977605912798,0.999436863219939,"YMR254C"
"YMR255W",6.31898611556724,1.05928823615818,1.31304140257526,0.806743971728999,0.419814004856322,0.999436863219939,"YMR255W"
"YMR256C",7.19714245960381,-0.637512300648476,1.38324781725645,-0.460880756647732,0.644884158611123,0.999436863219939,"YMR256C"
"YMR257C",1.41746666455225,-0.599545397917077,2.99487962383393,-0.20019014892811,0.841331871252201,0.999436863219939,"YMR257C"
"YMR258C",2.16627667935455,-0.922812953338174,2.89388038906861,-0.31888427622096,0.749814268124128,0.999436863219939,"YMR258C"
"YMR259C",17.2017945130313,0.741787557486685,1.66669052008806,0.445066164681548,0.656271939658953,0.999436863219939,"YMR259C"
"YMR260C",70.735485034048,-0.251808961915866,0.473051267558837,-0.532307974176491,0.594512710216379,0.999436863219939,"YMR260C"
"YMR261C",36.1644025241943,-0.505211327351252,1.41035926406801,-0.358214633833107,0.720182696701643,0.999436863219939,"YMR261C"
"YMR262W",3.15007161073877,9.52266558174457,3.64241841507398,2.61437992470482,0.00893895748611205,0.532940645322,"YMR262W"
"YMR263W",9.22257661239468,1.33206290088777,1.62996891084537,0.817232090762337,0.413795806727635,0.999436863219939,"YMR263W"
"YMR264W",18.1405704448861,0.0939342828504454,1.11462595690306,0.084274264625451,0.932838373451481,0.999436863219939,"YMR264W"
"YMR265C",16.5483560249018,-4.94994395666962,2.32090274356167,-2.13276664453135,0.0329438737723528,0.876836497458784,"YMR265C"
"YMR266W",36.7287155335401,-1.59551733992467,1.08941589434892,-1.46456220090144,0.143040401094305,0.999436863219939,"YMR266W"
"YMR267W",20.6172181872826,0.948389473810454,1.47491243824562,0.643014086272502,0.5202149597009,0.999436863219939,"YMR267W"
"YMR268C",0.639578866808008,3.08311964135738,4.93152623670742,0.625185691684743,0.53184919164375,0.999436863219939,"YMR268C"
"YMR269W",6.88717264846746,-0.396199485595046,1.75694730712176,-0.225504478130367,0.821586842039792,0.999436863219939,"YMR269W"
"YMR270C",13.4442946594268,-0.419534803888819,1.78516923835522,-0.235011221835394,0.814200023355677,0.999436863219939,"YMR270C"
"YMR271C",19.7372915412383,-23.0441264465895,2.15912671404853,-10.6728920987597,1.36316214688933e-26,2.03179317993854e-23,"YMR271C"
"YMR272C",59.2141298391226,0.543562207436633,0.960607361524214,0.565852635747193,0.57149396164013,0.999436863219939,"YMR272C"
"YMR273C",32.3007317859696,-1.95626229585911,1.53921759161682,-1.27094590557805,0.203747893671442,0.999436863219939,"YMR273C"
"YMR274C",0.111083253155058,0.461234834755899,5.07085675729689,0.0909579695960033,0.927525987965534,0.999436863219939,"YMR274C"
"YMR275C",43.098401517903,-1.2171040034547,1.32173658762163,-0.920837037313756,0.357135514889301,0.999436863219939,"YMR275C"
"YMR276W",187.125635063418,0.0150699958293447,0.593842769505517,0.025377080606527,0.9797541922464,0.999436863219939,"YMR276W"
"YMR277W",21.8294651384296,1.02753387303693,1.41385804846273,0.726758866743482,0.467373685039346,0.999436863219939,"YMR277W"
"YMR278W",24.0166100983834,3.54951453640639,1.73508841377939,2.04572545595806,0.040783389752007,0.950822938831133,"YMR278W"
"YMR279C",3.52930937595577,-0.674088540088777,2.52234326725437,-0.267246948042301,0.789279030884904,0.999436863219939,"YMR279C"
"YMR280C",0.350018988067191,0.859413861462734,5.07085675729248,0.169480997511278,0.86541831793275,0.999436863219939,"YMR280C"
"YMR281W",21.1901743910012,1.66210807016386,1.58881406449799,1.04613126690129,0.295500431192385,0.999436863219939,"YMR281W"
"YMR282C",3.79262566924763,-1.75360243230758,1.84429424887412,-0.95082573368002,0.341692846947618,0.999436863219939,"YMR282C"
"YMR283C",1.44679046599994,-4.23601689182543,3.45989524449991,-1.22431940636333,0.220831758909329,0.999436863219939,"YMR283C"
"YMR284W",13.4415949433573,2.4766995542026,2.04868988876332,1.20891871814609,0.226694074156837,0.999436863219939,"YMR284W"
"YMR285C",18.3551025095395,2.18772224970592,1.96670278634739,1.11238071400154,0.265974493237176,0.999436863219939,"YMR285C"
"YMR286W",16.3132704071457,2.05762736777452,1.01935679784575,2.01855461416748,0.0435335323216343,0.977183729840931,"YMR286W"
"YMR287C",13.5491033333675,0.604570593391841,2.02189209001326,0.299012294661026,0.764930664693915,0.999436863219939,"YMR287C"
"YMR288W",17.17653095428,0.76123901783289,2.23424980271908,0.340713476580132,0.73331929224499,0.999436863219939,"YMR288W"
"YMR289W",9.54818035203623,1.59628793935124,1.62871815123249,0.980088505886234,0.327042432364664,0.999436863219939,"YMR289W"
"YMR290C",31.3253462038007,0.438480828595666,0.948697848221265,0.462192287478868,0.64394343355176,0.999436863219939,"YMR290C"
"YMR291W",91.5695302238175,1.75898571935643,1.17211728990721,1.50069087326208,0.133435534761552,0.999436863219939,"YMR291W"
"YMR292W",13.2074659490854,-0.345084685756237,0.959440637680827,-0.359672784540772,0.719091846633565,0.999436863219939,"YMR292W"
"YMR293C",8.76694848003028,1.53821965726934,2.55233507108567,0.602671520168013,0.546727231297505,0.999436863219939,"YMR293C"
"YMR294W",3.19344310927759,-0.468756227508377,2.30153647268956,-0.203670996775728,0.838610608326538,0.999436863219939,"YMR294W"
"YMR294W-A",6.47917838714765,0.584262430670931,0.881182911641304,0.663043305711269,0.507302819100419,0.999436863219939,"YMR294W-A"
"YMR295C",17.3501988260924,0.662708396594555,0.916637749601266,0.722977421432655,0.469693755938897,0.999436863219939,"YMR295C"
"YMR296C",35.5193667430893,1.85625555219581,1.43871620957423,1.29021661106129,0.196975460272835,0.999436863219939,"YMR296C"
"YMR297W",108.313767247853,0.0109622569083386,0.751460625605082,0.0145879325340722,0.988360926672712,0.999436863219939,"YMR297W"
"YMR298W",35.7035255356112,0.262550467447015,0.824589662727182,0.318401356838111,0.750180509182806,0.999436863219939,"YMR298W"
"YMR299C",12.1760512070838,1.80289275418405,2.19847010452143,0.820066986799671,0.412177920873545,0.999436863219939,"YMR299C"
"YMR300C",41.506464433951,-2.02477508230569,1.1019424613571,-1.83745989769019,0.0661420313819384,0.999436863219939,"YMR300C"
"YMR301C",18.5346895700447,1.23939021810566,1.67231933036608,0.74112054773316,0.458620351943968,0.999436863219939,"YMR301C"
"YMR302C",17.4238310593231,-3.19720277588673,1.57745324364169,-2.02681302204921,0.0426815382102405,0.966128493250233,"YMR302C"
"YMR303C",25.7248044273725,1.67671053923671,1.24582392881838,1.34586477306389,0.178346131359755,0.999436863219939,"YMR303C"
"YMR304C-A",14.3408239107028,-0.766014243965402,0.85374668120323,-0.897238327047805,0.369591757661335,0.999436863219939,"YMR304C-A"
"YMR304W",58.0078886978275,0.394404415999642,1.27631332463392,0.309018489729211,0.757307461944128,0.999436863219939,"YMR304W"
"YMR305C",76.2868440142138,-1.56322310509511,1.53359409843488,-1.01931997957639,0.308051081736922,0.999436863219939,"YMR305C"
"YMR306W",3.33868651531306,-0.261959088665375,2.42892608162501,-0.107849757408063,0.914114872337931,0.999436863219939,"YMR306W"
"YMR307W",197.626653794915,-0.0714039767895827,0.562621765541908,-0.126912930076225,0.899009312676656,0.999436863219939,"YMR307W"
"YMR308C",55.0706136827856,0.499887553571975,1.07631362270316,0.464444138797118,0.642329572810916,0.999436863219939,"YMR308C"
"YMR309C",21.5990277839119,-0.350930223988669,1.15565096628065,-0.303664544250851,0.761383472741059,0.999436863219939,"YMR309C"
"YMR310C",35.5497389577645,0.19311820198318,1.08388484093714,0.178172251044869,0.85858770147823,0.999436863219939,"YMR310C"
"YMR311C",18.0634681496332,1.53209235407989,0.94479716397339,1.62160981478458,0.104886919806543,0.999436863219939,"YMR311C"
"YMR312W",8.82603321912328,-0.826130113539635,1.2801690968711,-0.645328898782829,0.518714068964634,0.999436863219939,"YMR312W"
"YMR313C",6.84706696846134,-5.16643132324278,1.82273925187937,-2.83443247185017,0.00459071590360461,0.362169092468282,"YMR313C"
"YMR314W",51.2310296974605,0.769436107633132,0.71636744735157,1.07408022304441,0.282786727621161,0.999436863219939,"YMR314W"
"YMR315W",46.5162973302508,0.622941303476774,0.822658088184862,0.757229901976957,0.448912138667871,0.999436863219939,"YMR315W"
"YMR316W",5.21355614644404,0.592905595153205,2.21532630429435,0.2676380423073,0.788977945313355,0.999436863219939,"YMR316W"
"YMR317W",1.55475574442842,-1.80287437279758,2.50353389480943,-0.720131801105421,0.471443849136195,0.999436863219939,"YMR317W"
"YMR318C",325.827856616903,0.127435806577029,0.410333091355293,0.310566730448475,0.756130022529653,0.999436863219939,"YMR318C"
"YMR319C",20.7878474419903,-4.03505026053268,1.93375316231954,-2.08664184196737,0.0369205220355928,0.917167301567517,"YMR319C"
"YMR320W",1.42523101609666,-1.67036367218789,3.89776840152543,-0.428543592157549,0.668255403302529,0.999436863219939,"YMR320W"
"YMR321C",0.51134448240659,0.630931529574578,5.07085675729139,0.124423062960191,0.900980313631167,0.999436863219939,"YMR321C"
"YMR322C",0.0147851067695137,0.461243253866113,5.07085675729695,0.0909596298894432,0.92752466871176,0.999436863219939,"YMR322C"
"YMR323W",15.7907819186349,-14.5587182012698,2.81068272857553,-5.17978000620804,2.22147728400169e-07,4.41481585573936e-05,"YMR323W"
"YMR324C",0.368479328205543,0.461207525795088,5.07085675729387,0.0909525841233224,0.927530267213564,0.999436863219939,"YMR324C"
"YMR325W",0.300480361175802,0.23927494868228,5.07085675729433,0.0471862961496769,0.962364749444847,0.999436863219939,"YMR325W"
"YNL001W",17.7385233719195,-2.22719182549515,1.40891176380262,-1.58078872127805,0.113926354248113,0.999436863219939,"YNL001W"
"YNL002C",23.5326823579969,0.526054090665459,1.12751879187557,0.466559044918793,0.640815394292308,0.999436863219939,"YNL002C"
"YNL003C",6.73081344024388,1.08930452701412,1.80819217917991,0.602427407637704,0.546889670700296,0.999436863219939,"YNL003C"
"YNL004W",33.580252789878,0.0341187228149583,1.26197709546689,0.0270359287323954,0.978431077512678,0.999436863219939,"YNL004W"
"YNL005C",20.4398413115542,-1.51315367172553,1.25659102176119,-1.20417355012194,0.228522506817436,0.999436863219939,"YNL005C"
"YNL006W",19.5853763519092,-0.855810769429479,1.62295095703995,-0.527317702187602,0.597972983239306,0.999436863219939,"YNL006W"
"YNL007C",61.367281552,-0.837109974959475,1.01375314106436,-0.825753273701895,0.408944065172506,0.999436863219939,"YNL007C"
"YNL008C",14.6498925053175,-1.3551473133352,2.00311505216454,-0.676519959185989,0.49871057821646,0.999436863219939,"YNL008C"
"YNL009W",0.671886165866016,-1.12564316900095,3.84480194188441,-0.292770131209736,0.769697860211825,0.999436863219939,"YNL009W"
"YNL010W",49.3802942602604,0.108997551543154,0.726442974399824,0.150042818754227,0.880730833140978,0.999436863219939,"YNL010W"
"YNL011C",13.2695793622363,-0.587134998029064,1.90691694144977,-0.307897520477575,0.758160312575857,0.999436863219939,"YNL011C"
"YNL012W",3.34382432660579,0.570883189736084,2.71096334439827,0.210583145993366,0.8332125649532,0.999436863219939,"YNL012W"
"YNL014W",1.74990668774743,1.1401134038681,4.15644549158352,0.274300097565753,0.783854009538736,0.999436863219939,"YNL014W"
"YNL015W",1.65419840338468,-1.89751351635664,1.70773776954303,-1.11112698342697,0.266513694659827,0.999436863219939,"YNL015W"
"YNL016W",55.344680648725,0.0810068837067612,0.810050589251682,0.100002252676089,0.920342537035119,0.999436863219939,"YNL016W"
"YNL018C",0.055347599995885,0.350271905932453,5.07085675729695,0.0690754881664548,0.944929532023902,0.999436863219939,"YNL018C"
"YNL019C",0.41290606280663,-2.04025789234006,4.35565613962913,-0.468415739657947,0.639487314426552,0.999436863219939,"YNL019C"
"YNL020C",35.2206854361834,3.539762187621,1.78550889693796,1.98249484709456,0.0474238835405892,0.999436863219939,"YNL020C"
"YNL021W",14.3075030995503,-0.414593218266273,1.78957102522044,-0.231671843376657,0.81679290217597,0.999436863219939,"YNL021W"
"YNL022C",20.2963583117983,-0.599392525769887,1.96649215437544,-0.30480290726624,0.760516267151297,0.999436863219939,"YNL022C"
"YNL023C",2.75678074115165,-3.2275280818451,2.14377287126631,-1.50553639571837,0.13218622694158,0.999436863219939,"YNL023C"
"YNL024C",2.20610349285424,-1.04599342175893,2.84533659173137,-0.367616760983082,0.71315901525157,0.999436863219939,"YNL024C"
"YNL025C",2.85886612732164,0.282693144476324,2.93085268168807,0.0964542319859977,0.923159821964057,0.999436863219939,"YNL025C"
"YNL026W",6.38210810413396,-2.25170621632564,1.98383194273861,-1.13502871277354,0.256363288155828,0.999436863219939,"YNL026W"
"YNL027W",8.78132073886773,-0.0344017056308756,2.11816819207156,-0.016241253059905,0.987041924614432,0.999436863219939,"YNL027W"
"YNL029C",14.3807544558508,0.451105829902116,1.33468511930108,0.337986708159555,0.735373204332461,0.999436863219939,"YNL029C"
"YNL030W",149.651414563663,0.430429565202817,0.871425008465505,0.493937586162189,0.621350258908229,0.999436863219939,"YNL030W"
"YNL031C",195.129926967669,0.0185639116267305,0.582122166726627,0.0318900613785566,0.974559724481063,0.999436863219939,"YNL031C"
"YNL032W",8.27052646352308,-2.03910585146079,1.89328266691845,-1.07702134873483,0.281470728252286,0.999436863219939,"YNL032W"
"YNL033W",0.982927401068684,-0.438958368298643,3.57916622457392,-0.122642632601088,0.902390093322511,0.999436863219939,"YNL033W"
"YNL034W",0.451792816234774,-2.67969065080055,3.31181980734799,-0.809129362912522,0.418440740201294,0.999436863219939,"YNL034W"
"YNL035C",3.02001630699048,-1.14765433456248,2.73238164453348,-0.420019779029962,0.674471004673824,0.999436863219939,"YNL035C"
"YNL036W",548.520035364676,0.902605908184944,0.318004064585929,2.83834708012372,0.00453478426473228,0.362169092468282,"YNL036W"
"YNL037C",70.9756323488334,1.04601982015506,0.965454897032515,1.08344763009662,0.27860978407254,0.999436863219939,"YNL037C"
"YNL038W",15.58957301388,-1.1829522067347,1.612262339159,-0.733721912372994,0.463118240801705,0.999436863219939,"YNL038W"
"YNL039W",17.6098061053947,2.00450599585188,1.58646327666725,1.26350608005426,0.206407362950335,0.999436863219939,"YNL039W"
"YNL040W",3.49762998034415,4.30928955580427,3.03884633987008,1.41806760653403,0.156171027607893,0.999436863219939,"YNL040W"
"YNL041C",27.3290318788256,0.925845863908861,1.21445152275458,0.762357201223549,0.445846842720764,0.999436863219939,"YNL041C"
"YNL042W",3.70260612676757,-0.54696871759214,2.48845020823252,-0.219802958396599,0.826024615510774,0.999436863219939,"YNL042W"
"YNL043C",1.8346493161375,0.312119851440534,1.06114229433046,0.294135718751527,0.768654197842288,0.999436863219939,"YNL043C"
"YNL044W",4.31231278042198,0.271167860367564,1.29018943174513,0.210176780010342,0.833529701670555,0.999436863219939,"YNL044W"
"YNL045W",33.1944528633672,-0.0652856633104469,1.2353135430854,-0.0528494677937271,0.957851846944027,0.999436863219939,"YNL045W"
"YNL046W",15.3246013231467,-1.20454725202384,1.60596471207479,-0.750045902607446,0.453227059242953,0.999436863219939,"YNL046W"
"YNL047C",17.9353839621899,1.88097929333288,1.66233689050379,1.13152713152076,0.257833290537795,0.999436863219939,"YNL047C"
"YNL048W",35.3994709609622,0.385425137845959,1.60294535036651,0.240448083746481,0.809982905883225,0.999436863219939,"YNL048W"
"YNL049C",40.4617591720222,1.08481730555252,1.22323138572996,0.886845545501727,0.375162062622536,0.999436863219939,"YNL049C"
"YNL050C",2.74020419662664,-0.0116809918424926,2.03863758628515,-0.00572980304153912,0.995428303632017,0.999436863219939,"YNL050C"
"YNL051W",8.94453586972818,0.502768324333737,2.08389885454559,0.241263304712248,0.809351049523953,0.999436863219939,"YNL051W"
"YNL052W",11.6170371063364,-0.180160779541746,1.40178704987285,-0.128522217092881,0.897735717325401,0.999436863219939,"YNL052W"
"YNL053W",18.1165462132671,1.13911814535052,1.95817938542229,0.581723081057188,0.560753222062415,0.999436863219939,"YNL053W"
"YNL054W",31.9462021009544,3.05015796572639,1.57800717596475,1.93291767755214,0.0532463398247615,0.999436863219939,"YNL054W"
"YNL055C",244.785499371965,0.00040946353951475,0.486256991097104,0.000842072293070603,0.999328123597682,0.999831225522635,"YNL055C"
"YNL056W",23.6117648690145,-0.922780279527885,1.35734114714672,-0.679844032922505,0.496603222284988,0.999436863219939,"YNL056W"
"YNL058C",13.6560091383009,-1.33626830041301,1.86846341086009,-0.715169637599644,0.474504227965132,0.999436863219939,"YNL058C"
"YNL059C",29.1559042598099,0.767290921409061,1.08451034985061,0.707499860665007,0.479255899251771,0.999436863219939,"YNL059C"
"YNL061W",20.7954085616112,0.877469986730908,1.15095433885265,0.7623847072905,0.44583043075796,0.999436863219939,"YNL061W"
"YNL062C",22.0520929894581,1.1067750064686,1.50306778877526,0.736344038994028,0.461521351654093,0.999436863219939,"YNL062C"
"YNL063W",19.3756012250556,-1.989287260213,1.56344187092085,-1.27237686108619,0.203239251355323,0.999436863219939,"YNL063W"
"YNL064C",113.777004314895,-0.257700207594215,0.665518337371645,-0.38721729082922,0.698595350469218,0.999436863219939,"YNL064C"
"YNL065W",6.66460795735464,2.19201728560263,3.0000295736291,0.73066522572675,0.464983660914821,0.999436863219939,"YNL065W"
"YNL066W",49.8117581064069,1.43741801019343,1.52917391177177,0.939996424950757,0.347219394475344,0.999436863219939,"YNL066W"
"YNL067W",77.6338715508679,0.224820800964286,0.64616513882868,0.347930873169395,0.72789209869427,0.999436863219939,"YNL067W"
"YNL068C",37.6700692861894,0.121945699671995,1.56621973691542,0.0778598920686315,0.937939504009532,0.999436863219939,"YNL068C"
"YNL069C",159.142425488303,0.0483499516113377,0.390114575011644,0.123937824188944,0.901364504440337,0.999436863219939,"YNL069C"
"YNL070W",13.0251930701133,0.272894930450684,0.745353338995535,0.366128272556539,0.714269361577362,0.999436863219939,"YNL070W"
"YNL071W",85.8964574958246,-0.542743783392481,0.688782613750433,-0.787975440374768,0.430711071680822,0.999436863219939,"YNL071W"
"YNL072W",12.7098332597006,0.662111032911878,2.29009901089314,0.289118955015685,0.772490348717913,0.999436863219939,"YNL072W"
"YNL073W",26.1226833028102,-1.40282486256745,1.99974320665248,-0.701502501871602,0.482989473829243,0.999436863219939,"YNL073W"
"YNL074C",20.9188778973632,-1.0714291584493,1.27165539950072,-0.842546777114274,0.399481967968012,0.999436863219939,"YNL074C"
"YNL075W",16.4482855147112,-2.10508332159713,1.72932908891702,-1.21728324301502,0.223496467658722,0.999436863219939,"YNL075W"
"YNL076W",24.624879607982,-0.454490975379116,1.90660451122349,-0.238377163540572,0.811588577832794,0.999436863219939,"YNL076W"
"YNL077W",2.22451136522465,-4.7952001502712,2.02028691692245,-2.37352432969068,0.0176192322298802,0.672250780778384,"YNL077W"
"YNL078W",28.422505337746,0.11258789846782,2.31595115500775,0.0486141075231111,0.961226827081117,0.999436863219939,"YNL078W"
"YNL079C",42.4635247866473,0.391036608817446,0.423936823007524,0.922393591675581,0.356323311203613,0.999436863219939,"YNL079C"
"YNL080C",23.3550160695981,0.483951672418028,1.77216487296791,0.27308501584705,0.784787864738981,0.999436863219939,"YNL080C"
"YNL081C",10.2316463671171,-2.41194093548309,1.45159068084396,-1.66158474789931,0.0965960635682717,0.999436863219939,"YNL081C"
"YNL082W",6.79764451114158,-4.74508626677281,1.7706407119992,-2.67986962833087,0.00736508389729293,0.472157313931833,"YNL082W"
"YNL083W",6.64264388827103,-4.07075777074672,2.30005435380543,-1.76985285761255,0.0767516558344075,0.999436863219939,"YNL083W"
"YNL084C",37.2404748917521,0.617089141835774,0.950299767133847,0.649362615016677,0.516104022346692,0.999436863219939,"YNL084C"
"YNL085W",40.4242144613902,-1.15524669914438,1.07058071403434,-1.07908416805959,0.280550208248827,0.999436863219939,"YNL085W"
"YNL086W",0.989731410050012,-2.23488019896646,3.52874466941169,-0.63333576337759,0.526514403529044,0.999436863219939,"YNL086W"
"YNL087W",52.2446998351815,1.02201056748581,1.05998759140019,0.964172199540364,0.334959599808369,0.999436863219939,"YNL087W"
"YNL088W",69.7704582097244,1.18093479258088,0.856338728278956,1.37905101519149,0.167879025365874,0.999436863219939,"YNL088W"
"YNL089C",0.251964147922987,0.467813937291034,2.46574642559861,0.189725079770707,0.849524566929161,0.999436863219939,"YNL089C"
"YNL090W",1.45481161360775,-1.67146170745403,2.57904972984165,-0.648092081402656,0.516925395307017,0.999436863219939,"YNL090W"
"YNL091W",63.0080718370082,1.04068840142375,0.989729293321625,1.05148792548223,0.293034552123909,0.999436863219939,"YNL091W"
"YNL092W",0.630817039388892,1.0254431974283,5.05510421859497,0.202853027966516,0.839249909141869,0.999436863219939,"YNL092W"
"YNL093W",0.744645542183829,0.0173038534017549,5.07085675728927,0.00341241218791694,0.997277294284284,0.999436863219939,"YNL093W"
"YNL094W",48.6612532065469,-0.968484409012386,1.41291816980852,-0.685449751943974,0.493060158287661,0.999436863219939,"YNL094W"
"YNL095C",12.6449028831012,-6.16703023370269,2.46239055688486,-2.50448906915259,0.0122628394398539,0.602504869681994,"YNL095C"
"YNL096C",98.5215877300641,0.301221717965198,0.479484098041379,0.628220454433512,0.529859532592244,0.999436863219939,"YNL096C"
"YNL097C",10.2788229369158,-2.80290738246637,1.8338049381777,-1.52846539133638,0.126397029966279,0.999436863219939,"YNL097C"
"YNL098C",42.2918915897755,-0.851527755466936,1.09321420334383,-0.778921233242631,0.436026115233714,0.999436863219939,"YNL098C"
"YNL099C",21.5151660453503,0.607104935105413,1.24720077793413,0.486774018944267,0.626418484064086,0.999436863219939,"YNL099C"
"YNL100W",5.22666250305605,0.838090326055397,1.96151590060021,0.427266649125275,0.669185121419492,0.999436863219939,"YNL100W"
"YNL101W",11.554299568289,-1.51258546349642,2.16411289051678,-0.698940184740187,0.484589412858301,0.999436863219939,"YNL101W"
"YNL102W",19.8791097305821,-0.000306526942534014,1.79881810044137,-0.000170404635387426,0.999864036772993,0.999968157037556,"YNL102W"
"YNL103W",33.6292523179509,2.60613933135117,1.53893968216092,1.69346424785911,0.090367134563316,0.999436863219939,"YNL103W"
"YNL104C",197.793671644248,0.800365549949211,0.852942551866297,0.938358097151978,0.348060412452837,0.999436863219939,"YNL104C"
"YNL106C",22.7245659723836,0.0512958000563766,1.5983597472582,0.0320927751993058,0.974398064999939,0.999436863219939,"YNL106C"
"YNL107W",7.23341878716862,-0.164501245016376,2.09611792937807,-0.07847900287995,0.937447031976364,0.999436863219939,"YNL107W"
"YNL108C",3.24409985381077,-2.44196859280102,2.70186887489472,-0.903807218585385,0.366097633391283,0.999436863219939,"YNL108C"
"YNL109W",3.25834128146523,0.52839184898359,1.3245721783197,0.3989151045388,0.689955759236365,0.999436863219939,"YNL109W"
"YNL110C",13.3614233852519,0.0821227474105773,1.15870357331975,0.0708746821029393,0.943497493445491,0.999436863219939,"YNL110C"
"YNL111C",6.19028872767335,-0.125133692087733,1.84906205863759,-0.0676741440359948,0.946045032182858,0.999436863219939,"YNL111C"
"YNL112W",65.3209311838606,-0.520877221925846,1.15670272590758,-0.450312089925398,0.652485422715033,0.999436863219939,"YNL112W"
"YNL113W",4.69686859669885,-0.156106666431787,1.18360433464224,-0.131890921537536,0.895070569461161,0.999436863219939,"YNL113W"
"YNL115C",6.44976356981631,-0.0295260425320547,1.95463470671635,-0.0151056575587243,0.987947887398492,0.999436863219939,"YNL115C"
"YNL116W",21.5745217304217,0.415586784099921,2.14260170757941,0.193963620317202,0.846204367672182,0.999436863219939,"YNL116W"
"YNL117W",5.47622008578704,1.7629531490115,2.95393216560266,0.59681571890525,0.55063042207469,0.999436863219939,"YNL117W"
"YNL118C",38.435653528704,1.32503547669046,0.938735806489442,1.41151053100409,0.158094132646497,0.999436863219939,"YNL118C"
"YNL119W",7.79747756884084,-2.40235216106797,1.62059182005869,-1.48239188383721,0.138236052276801,0.999436863219939,"YNL119W"
"YNL121C",31.6205998341885,0.11558011972375,0.681013405062482,0.169717833547117,0.865232048398429,0.999436863219939,"YNL121C"
"YNL122C",5.1940669211525,2.28438860926955,1.86537957669032,1.22462400565287,0.220716918860791,0.999436863219939,"YNL122C"
"YNL123W",37.5097191998484,0.808131112549931,1.19836676626453,0.674360417277747,0.500082201528139,0.999436863219939,"YNL123W"
"YNL124W",31.6030281737046,3.35145316007217,1.66813918439586,2.00909683761547,0.0445268649744995,0.977742693030629,"YNL124W"
"YNL125C",14.561230896224,-3.42586826210844,2.26490757192036,-1.51258634329335,0.130384765288991,0.999436863219939,"YNL125C"
"YNL126W",4.12979865381391,0.102896993698426,2.27687089882031,0.0451922828614213,0.963954045351964,0.999436863219939,"YNL126W"
"YNL127W",26.4443324243703,0.657151401306668,2.29557282640096,0.286269027821244,0.774672078125954,0.999436863219939,"YNL127W"
"YNL128W",0.294767863859192,-0.564382237736515,5.07058250689752,-0.111305207433029,0.911374326132777,0.999436863219939,"YNL128W"
"YNL129W",8.41663804572751,-0.373324545526805,1.98850343661403,-0.187741463581522,0.851079324922841,0.999436863219939,"YNL129W"
"YNL130C",28.7436175595531,1.23369531245051,1.30173973212687,0.947728091878101,0.343267895962265,0.999436863219939,"YNL130C"
"YNL131W",21.5655684567976,0.52239721256708,0.793724084145286,0.658159709402819,0.510435511443412,0.999436863219939,"YNL131W"
"YNL132W",41.1311338849287,0.052620672583344,1.06759489151665,0.0492889887367199,0.960688994568455,0.999436863219939,"YNL132W"
"YNL133C",3.8909913880792,2.45033477268078,2.39363785206546,1.02368650736635,0.305983370359454,0.999436863219939,"YNL133C"
"YNL134C",608.384315081025,-0.29354440089709,0.238187744934174,-1.23240765799355,0.217796841705621,0.999436863219939,"YNL134C"
"YNL135C",67.0150541860978,0.533725274182199,0.45262392723971,1.17918042344133,0.238326339648223,0.999436863219939,"YNL135C"
"YNL136W",30.1785587471723,-0.410547265807829,1.10547249146644,-0.371377188466469,0.710356613620965,0.999436863219939,"YNL136W"
"YNL137C",19.4824717975968,-2.87818754719306,1.28756775416327,-2.23536783822568,0.0253932097557633,0.775322322997741,"YNL137C"
"YNL138W",43.8394167405969,0.0963363145463063,0.914708284068704,0.105319167022074,0.91612255447179,0.999436863219939,"YNL138W"
"YNL139C",37.2996534353216,-0.56478375598884,1.57083527892906,-0.359543590320869,0.719188474432673,0.999436863219939,"YNL139C"
"YNL140C",0.405448461093333,0.968063788989255,1.91303890974779,0.506034552698609,0.61283239357974,0.999436863219939,"YNL140C"
"YNL141W",15.8639598119439,0.5181375320826,1.75284273356968,0.295598414027371,0.767536784961214,0.999436863219939,"YNL141W"
"YNL142W",0.0468041657628806,1.18002572170579,5.07070275844841,0.232714433860223,0.815983160302308,0.999436863219939,"YNL142W"
"YNL143C",1.51393739290722,0.350280166107446,1.06323773067281,0.329446704158807,0.741818071353235,0.999436863219939,"YNL143C"
"YNL144C",5.43228380986141,-20.9156705251254,2.4718351430525,-8.46159606716182,2.63742671746002e-17,9.82771130593539e-15,"YNL144C"
"YNL146W",0.178309632329025,-1.32928022607933,5.06760158039096,-0.262309537360428,0.793082809648969,0.999436863219939,"YNL146W"
"YNL147W",12.5498671005422,-0.122699810134114,0.982068341317138,-0.12494019506784,0.900570896608745,0.999436863219939,"YNL147W"
"YNL148C",7.81661280119824,1.30121301745436,2.30065642369853,0.565583371793748,0.571677034159212,0.999436863219939,"YNL148C"
"YNL149C",6.02484899503487,0.76204038496071,0.650032781208794,1.17231070030596,0.24107233713197,0.999436863219939,"YNL149C"
"YNL150W",5.25002853541881,0.0425439919937856,0.619941083208846,0.068625863241029,0.945287431504799,0.999436863219939,"YNL150W"
"YNL151C",10.6225242454272,-2.54445577709941,1.38246771989527,-1.84051731587061,0.0656923244383898,0.999436863219939,"YNL151C"
"YNL152W",15.2789191844517,-2.49067490645191,2.05965144313785,-1.209270099924,0.226559094061791,0.999436863219939,"YNL152W"
"YNL153C",13.767629664798,-0.218537568502827,1.21616499218166,-0.179694013483152,0.857392793492449,0.999436863219939,"YNL153C"
"YNL154C",37.3253687771631,-0.664260373575007,0.908592671127426,-0.731087091810635,0.464725958215806,0.999436863219939,"YNL154C"
"YNL155W",22.43835085795,-1.10413257542166,0.944754799165834,-1.16869750372959,0.242525528063507,0.999436863219939,"YNL155W"
"YNL156C",20.2307123435939,0.785418050370331,1.76289427936335,0.445527596047323,0.655938521542472,0.999436863219939,"YNL156C"
"YNL157W",19.2576156757211,-0.416139773003202,1.06635784405266,-0.390244021108032,0.696356112797467,0.999436863219939,"YNL157W"
"YNL158W",5.64143018222969,-1.26265672193828,2.64953537476764,-0.476557789702661,0.633677046834547,0.999436863219939,"YNL158W"
"YNL159C",18.0100788896785,-0.337726338344075,2.18886286678457,-0.154293054840933,0.877378673179089,0.999436863219939,"YNL159C"
"YNL160W",521.3640211642,-0.00590867340768502,1.28048308482924,-0.00461440957533067,0.996318246908418,0.999436863219939,"YNL160W"
"YNL161W",19.4791263180872,-4.17647455652019,1.71668373079156,-2.43287361650153,0.0149795284213857,0.641448832822062,"YNL161W"
"YNL162W",173.593851373622,0.148286611791872,0.321144065670246,0.461744829325708,0.644264318995762,0.999436863219939,"YNL162W"
"YNL163C",18.864950394956,-0.260084796196237,1.45776582524907,-0.178413289495108,0.858398413234123,0.999436863219939,"YNL163C"
"YNL164C",7.12887748829116,-2.7765929297614,2.49911443197659,-1.11103072921929,0.266555122504164,0.999436863219939,"YNL164C"
"YNL165W",5.53490328844517,4.60867023144599,3.41109158706317,1.35108369676286,0.176668623311355,0.999436863219939,"YNL165W"
"YNL166C",20.8733337882314,0.235896789539176,1.71196332215999,0.13779313288181,0.890403911754718,0.999436863219939,"YNL166C"
"YNL167C",17.5031931626713,-0.29156694751395,1.78183080400227,-0.163633352201031,0.870019787322258,0.999436863219939,"YNL167C"
"YNL168C",22.841670608571,-1.59161568633138,1.49135626281012,-1.0672270107562,0.285869338233852,0.999436863219939,"YNL168C"
"YNL169C",16.8509245214383,0.81580947157827,1.62083849344157,0.503325578013662,0.614735386091885,0.999436863219939,"YNL169C"
"YNL170W",1.21749418069271,0.793514897245581,1.59118445326686,0.49869447606556,0.617994636705958,0.999436863219939,"YNL170W"
"YNL172W",0.462729535008442,-0.952490360218084,5.05008764273131,-0.188608679215503,0.850399529878731,0.999436863219939,"YNL172W"
"YNL173C",7.08669338909879,0.171370347463704,1.67984402543626,0.102015630539983,0.918744268435808,0.999436863219939,"YNL173C"
"YNL175C",11.9834816351059,-4.55534176768537,1.28386093757586,-3.54815824234562,0.000387935076819064,0.0502797593042448,"YNL175C"
"YNL176C",20.026267470501,-0.573071134190854,1.75247636261715,-0.327006484318585,0.743662980827941,0.999436863219939,"YNL176C"
"YNL177C",20.010146867756,-0.621449736927717,1.12786449291916,-0.550996809305761,0.581635861820939,0.999436863219939,"YNL177C"
"YNL178W",867.717103303958,-0.319881318280128,0.262378751634538,-1.21915862579331,0.222783992061695,0.999436863219939,"YNL178W"
"YNL179C",13.5276425274696,-1.60322568505437,1.15823456479499,-1.38419775560588,0.166297910413271,0.999436863219939,"YNL179C"
"YNL180C",70.0685623848888,-1.61133772968166,0.989153339303894,-1.6290070160564,0.103311533699291,0.999436863219939,"YNL180C"
"YNL181W",6.92628372735195,0.953856779485843,1.74820310311616,0.545621259787035,0.585326307427922,0.999436863219939,"YNL181W"
"YNL182C",14.5926378014206,3.5457391434504,2.0757483848734,1.70817386600865,0.0876040861852579,0.999436863219939,"YNL182C"
"YNL183C",61.0910457520318,-3.70780169732664,1.58068372214011,-2.34569486950027,0.0189916479486297,0.691114032018892,"YNL183C"
"YNL184C",0.621164749103363,-1.5465600263876,1.59560947341709,-0.969259741906365,0.332415610173982,0.999436863219939,"YNL184C"
"YNL185C",12.4838894583574,-1.28657039220172,1.08456564139965,-1.18625405700791,0.235521984179703,0.999436863219939,"YNL185C"
"YNL186W",28.2970237691243,1.12667539100246,1.26071074942418,0.893682703599584,0.371491682251157,0.999436863219939,"YNL186W"
"YNL187W",7.2732124867255,0.798680316485927,3.6268116623117,0.220215547662835,0.825703288544818,0.999436863219939,"YNL187W"
"YNL188W",9.24624163919767,1.5235489319608,1.97136035817359,0.7728414166613,0.439616238892055,0.999436863219939,"YNL188W"
"YNL189W",41.3011225072004,-0.527761279807337,0.919005544581092,-0.574274315230498,0.565782187166133,0.999436863219939,"YNL189W"
"YNL190W",125.59267030063,0.0914218328674505,0.639133786984643,0.143040212752275,0.886258422533228,0.999436863219939,"YNL190W"
"YNL191W",9.99957112440088,-0.706327927312371,2.16437316077929,-0.32634295236689,0.744164894157278,0.999436863219939,"YNL191W"
"YNL192W",82.4160388265528,-0.580080943773684,1.30313050367685,-0.445144167937867,0.656215571755087,0.999436863219939,"YNL192W"
"YNL193W",7.84139509525715,-2.54209924162867,2.31942584897801,-1.09600366950673,0.273077168619866,0.999436863219939,"YNL193W"
"YNL194C",35.1014643349764,-20.9389668323955,2.7984524270559,-7.48233796292341,7.30118899499539e-14,2.29103625200855e-11,"YNL194C"
"YNL195C",11.8759500360662,-2.8759589476716,1.83126490243992,-1.57047674743275,0.116304239846666,0.999436863219939,"YNL195C"
"YNL196C",0.20951667333301,0.861410781793957,5.0644606930169,0.170089340999666,0.864939876023866,0.999436863219939,"YNL196C"
"YNL197C",20.9828825033794,-1.96808338356439,1.55989789773849,-1.2616744893481,0.207065940132582,0.999436863219939,"YNL197C"
"YNL198C",1.1647189791142,0.737304462659531,2.32469945475096,0.317161197398103,0.751121291094727,0.999436863219939,"YNL198C"
"YNL199C",25.9398749841944,0.736133830373748,1.27644974317234,0.576704123535838,0.564139346380711,0.999436863219939,"YNL199C"
"YNL200C",21.6652122239218,3.78552486477648,1.50143241853777,2.52127556194848,0.0116930242269108,0.602504869681994,"YNL200C"
"YNL201C",8.53308073941888,-1.0643392215023,2.21385493162103,-0.480762856815991,0.630685051560691,0.999436863219939,"YNL201C"
"YNL202W",1.00108536829001,1.13579421121159,3.48198283860924,0.326191788947828,0.744279253422807,0.999436863219939,"YNL202W"
"YNL203C",0.266784622143821,-1.22202822561737,5.06713979094261,-0.241167261223328,0.80942548385983,0.999436863219939,"YNL203C"
"YNL204C",1.49685209097133,-1.5084530879956,4.51936572115236,-0.333775397050844,0.73854905009085,0.999436863219939,"YNL204C"
"YNL205C",0.266132123037457,-0.76239030454123,5.05913182300942,-0.150695876528421,0.880215626141818,0.999436863219939,"YNL205C"
"YNL206C",8.70450909131582,-0.813774920058012,1.72027276424806,-0.473049935434929,0.636177553623937,0.999436863219939,"YNL206C"
"YNL207W",13.1465994445766,2.2362016727342,1.8002842390676,1.2421381158635,0.214185607511908,0.999436863219939,"YNL207W"
"YNL208W",148.366379359573,1.18004815874587,0.505931925885497,2.332424775686,0.019678355988483,0.698347371448426,"YNL208W"
"YNL209W",339.650964128001,0.181760813106108,0.424667106915452,0.42800775041495,0.668645477695994,0.999436863219939,"YNL209W"
"YNL210W",4.53162387233171,-0.406518256067906,3.42155690735804,-0.11881090014715,0.905425172788061,0.999436863219939,"YNL210W"
"YNL211C",1.4412362310573,-1.79284105214551,3.13738076340177,-0.571445159943412,0.567697924282613,0.999436863219939,"YNL211C"
"YNL212W",12.0325024503713,1.00804765534445,1.4525483418197,0.693985615708738,0.48769122971454,0.999436863219939,"YNL212W"
"YNL213C",11.541718200919,-1.96156618627383,1.41148008156471,-1.38972289577003,0.164613039475867,0.999436863219939,"YNL213C"
"YNL214W",1.83045824349157,0.425944185833369,2.26613765272708,0.187960420374635,0.850907678088733,0.999436863219939,"YNL214W"
"YNL215W",37.6715926110442,0.583708151268594,1.09699263019735,0.53209851661773,0.594657764730932,0.999436863219939,"YNL215W"
"YNL216W",16.5550813086841,-1.57247063358589,1.56473125723954,-1.00494613775403,0.314922786406211,0.999436863219939,"YNL216W"
"YNL217W",13.9037245786064,-3.87159893597772,1.91088185520579,-2.02607970002456,0.0427566179855858,0.966128493250233,"YNL217W"
"YNL218W",0.403059013842726,-1.7901915699724,5.05991472307503,-0.353798763012444,0.723489700587882,0.999436863219939,"YNL218W"
"YNL219C",9.48319442209022,-0.201844970027514,1.55936561917018,-0.129440438820837,0.897009151259213,0.999436863219939,"YNL219C"
"YNL220W",33.86563176005,-1.82792205286456,1.11513805682216,-1.63918901492219,0.101173900908206,0.999436863219939,"YNL220W"
"YNL221C",34.1091082200686,0.44688720279638,1.44925308587854,0.30835690960456,0.75781076661026,0.999436863219939,"YNL221C"
"YNL222W",2.58804112959566,-1.98504092586704,2.54733604214787,-0.779261508109975,0.435825684105432,0.999436863219939,"YNL222W"
"YNL223W",9.27143453272328,2.61311478885235,3.24439394328657,0.805424629231452,0.420574683856557,0.999436863219939,"YNL223W"
"YNL224C",21.2519747488942,1.96171558541296,1.7835783335405,1.09987632644026,0.271386010666547,0.999436863219939,"YNL224C"
"YNL225C",1.78254336509639,-0.732582483953532,2.38025010852621,-0.307775422981549,0.758253224024411,0.999436863219939,"YNL225C"
"YNL227C",7.48375756866144,-1.23256024454103,2.44053407520603,-0.505037097028433,0.613532780613932,0.999436863219939,"YNL227C"
"YNL229C",33.1945358557283,-0.493608722117243,1.26090009244276,-0.391473301553152,0.695447419509138,0.999436863219939,"YNL229C"
"YNL230C",4.32578869981956,-0.424996840006224,2.2837960327715,-0.186092292791344,0.852372385809977,0.999436863219939,"YNL230C"
"YNL231C",29.6677314971563,-2.1739440335835,1.04795332623961,-2.07446646634952,0.0380360099864137,0.91854560433764,"YNL231C"
"YNL232W",16.3425338518001,0.125152783184371,1.28846000500869,0.0971336189698237,0.922620283006,0.999436863219939,"YNL232W"
"YNL233W",9.36408027981485,1.58941733481477,1.82240801449804,0.872152296395905,0.383125299641283,0.999436863219939,"YNL233W"
"YNL234W",11.2976855393314,2.9115626618623,1.98535944470201,1.46651663991218,0.142507591346831,0.999436863219939,"YNL234W"
"YNL235C",0.34398143237,0.901188022905123,3.69434021791647,0.243937474554894,0.807279245192344,0.999436863219939,"YNL235C"
"YNL236W",20.3227729523574,1.82500489142474,1.6205507501954,1.12616336835158,0.26009637568001,0.999436863219939,"YNL236W"
"YNL237W",36.3927822001504,0.775220042697517,1.78886091144549,0.433359596454652,0.664753548322581,0.999436863219939,"YNL237W"
"YNL238W",25.3015420223588,-1.29616759934617,1.78640327073769,-0.725573906283168,0.468100022330598,0.999436863219939,"YNL238W"
"YNL239W",37.7056721534958,-0.678334569377506,1.13403592527789,-0.598159682825997,0.549733390108089,0.999436863219939,"YNL239W"
"YNL240C",48.5825412366751,0.910017353046122,1.74937033049515,0.520197088736807,0.602926214235481,0.999436863219939,"YNL240C"
"YNL241C",202.166850577075,0.452824409055928,0.675585784413576,0.670269297405348,0.502686135510165,0.999436863219939,"YNL241C"
"YNL242W",1.20579368421032,-1.86971884855511,3.19009330644044,-0.586101618024891,0.557807229044911,0.999436863219939,"YNL242W"
"YNL243W",30.508755750727,0.591324099913001,1.22291438670456,0.483536792388605,0.628714642293985,0.999436863219939,"YNL243W"
"YNL244C",48.4191981441803,0.03095721349573,0.561032953589199,0.0551789574884715,0.955995892882389,0.999436863219939,"YNL244C"
"YNL245C",7.40424091601227,1.1446181638564,1.12661848039044,1.01597673372065,0.30964046606027,0.999436863219939,"YNL245C"
"YNL246W",18.325451162126,1.13321553163279,1.20150268173021,0.943165212083352,0.345596404214728,0.999436863219939,"YNL246W"
"YNL247W",33.0244623246794,-0.65027845846937,1.00424552753571,-0.647529354763541,0.517289402359855,0.999436863219939,"YNL247W"
"YNL248C",21.0301207155426,-1.51464982856536,1.40464529227547,-1.07831481506032,0.280893287768401,0.999436863219939,"YNL248C"
"YNL249C",6.39500668481451,3.32827143028466,2.08136833291716,1.59907853773286,0.109803152863148,0.999436863219939,"YNL249C"
"YNL250W",13.1835875344691,-0.937008397602121,1.66435335452276,-0.562986456605424,0.573444106262919,0.999436863219939,"YNL250W"
"YNL251C",87.6378722227542,-0.555813259461045,1.35035836730011,-0.411604262187328,0.680629507088043,0.999436863219939,"YNL251C"
"YNL252C",1.94567121932038,-1.44578372228998,2.02791624804201,-0.712940548548744,0.475882546375003,0.999436863219939,"YNL252C"
"YNL253W",4.95359233442346,-0.750708013547633,1.92430488658968,-0.390119060019675,0.69644850940151,0.999436863219939,"YNL253W"
"YNL254C",5.54297200974777,-2.66825610985321,2.38795145493545,-1.11738289500753,0.263830645548027,0.999436863219939,"YNL254C"
"YNL255C",64.7524308217702,0.0798728045391895,0.696268129008834,0.114715583280958,0.90867056180158,0.999436863219939,"YNL255C"
"YNL256W",42.685307438036,-0.0795496479519356,1.02548359957079,-0.077572813436734,0.938167868931674,0.999436863219939,"YNL256W"
"YNL257C",25.991503405329,0.168947141487926,1.70628480565262,0.0990146199088413,0.921126662138495,0.999436863219939,"YNL257C"
"YNL258C",23.3855557905262,1.9109063314599,1.3957513376567,1.36908794561364,0.170971785892802,0.999436863219939,"YNL258C"
"YNL259C",19.4577130871423,-0.216747645576727,0.729330283397504,-0.297187228489995,0.766323571834971,0.999436863219939,"YNL259C"
"YNL260C",4.48550063506803,-2.10608799419812,1.73164129441528,-1.21623802862086,0.223894261049569,0.999436863219939,"YNL260C"
"YNL261W",11.5844388943906,0.36583454755549,1.60895400301766,0.227374149210825,0.820132819835205,0.999436863219939,"YNL261W"
"YNL262W",28.6911629522014,-0.462426450426779,1.30197046284359,-0.355174302047382,0.722459015301847,0.999436863219939,"YNL262W"
"YNL263C",9.35700942210633,-0.473571151546316,1.56677200014144,-0.302259136302899,0.762454526782799,0.999436863219939,"YNL263C"
"YNL264C",18.5222503344817,0.384558422090094,1.69296748733349,0.227150506413914,0.820306711881824,0.999436863219939,"YNL264C"
"YNL265C",6.38651523396229,0.0274247836886019,2.08318359515115,0.0131648423847213,0.989496278922071,0.999436863219939,"YNL265C"
"YNL266W",0.94313213768874,-0.174549645621245,1.79361737355464,-0.0973171024070299,0.922474574708098,0.999436863219939,"YNL266W"
"YNL267W",24.2105434851803,0.119850699470524,1.18914540579418,0.100787253507051,0.919719345541436,0.999436863219939,"YNL267W"
"YNL268W",86.0602205156716,2.16507876134582,1.00688546414044,2.15027313279779,0.0315336162977447,0.862265301079433,"YNL268W"
"YNL269W",0.0703466973813234,-0.497364388845477,5.07065635444308,-0.0980867868140324,0.92186337952442,0.999436863219939,"YNL269W"
"YNL270C",0.127854701488479,0.461227076096026,5.07085675729582,0.0909564395469117,0.927527203728532,0.999436863219939,"YNL270C"
"YNL271C",107.074313406177,1.1883764174841,0.75195830452903,1.58037541486879,0.114020918361214,0.999436863219939,"YNL271C"
"YNL272C",3.67426125640352,1.38135617595242,2.27308170456558,0.60770194629516,0.543385171957836,0.999436863219939,"YNL272C"
"YNL273W",5.80159840705915,2.74921293910446,2.63797338441238,1.04216856597166,0.297333533951887,0.999436863219939,"YNL273W"
"YNL274C",75.504305247981,0.638815001763968,1.08915832993893,0.586521705985377,0.557524979362138,0.999436863219939,"YNL274C"
"YNL275W",8.47166618338694,-1.53823079593091,1.5679910315648,-0.98102014932816,0.326582805305497,0.999436863219939,"YNL275W"
"YNL277W",9.08296446970211,-4.6621491496848,2.47412377796517,-1.88436374574563,0.0595157902517974,0.999436863219939,"YNL277W"
"YNL278W",6.56745844928408,3.72246447198263,2.42543346418278,1.53476255974594,0.124842162580468,0.999436863219939,"YNL278W"
"YNL279W",3.0987995302553,4.74016950260846,4.29398374042416,1.10390951367231,0.26963239153304,0.999436863219939,"YNL279W"
"YNL280C",35.6437015247686,0.518265945404092,1.14940343107953,0.45089994634637,0.65206166219681,0.999436863219939,"YNL280C"
"YNL281W",18.8431113712488,-0.13361041462167,1.04507439934961,-0.127847753906154,0.898269457965891,0.999436863219939,"YNL281W"
"YNL282W",6.92004974855278,1.97917698887217,2.55374294547297,0.775010261851398,0.438333595854813,0.999436863219939,"YNL282W"
"YNL283C",36.1964934637036,-0.818568119765544,1.72968310376332,-0.473247450925874,0.636036647931365,0.999436863219939,"YNL283C"
"YNL284C",22.8591487222088,-0.975798451674415,1.22694646988026,-0.795306458455068,0.426435257595703,0.999436863219939,"YNL284C"
"YNL285W",0.0117868617257961,0.239307076327621,5.07085675729695,0.0471926318926794,0.962359699878757,0.999436863219939,"YNL285W"
"YNL286W",11.0480485430967,-3.75510402446141,2.20228939625861,-1.70509108877372,0.0881774373417681,0.999436863219939,"YNL286W"
"YNL287W",43.379358934952,-0.649569416936123,0.960495255524049,-0.676285919373663,0.498859130862919,0.999436863219939,"YNL287W"
"YNL288W",21.589204412633,-0.742983858634721,1.67305913657206,-0.444087027405992,0.656979665149511,0.999436863219939,"YNL288W"
"YNL289W",17.7663385550883,0.52572585202327,2.36070089798648,0.222699051994126,0.823769739234778,0.999436863219939,"YNL289W"
"YNL290W",26.8837828991469,-0.259413200039681,1.50065203482526,-0.172866989828117,0.862755979277576,0.999436863219939,"YNL290W"
"YNL291C",15.3697450764099,-0.287994490177082,1.78857614792902,-0.161018858777999,0.872078547295572,0.999436863219939,"YNL291C"
"YNL292W",20.9996913396788,-0.924202620912409,1.66819989905311,-0.554011915140983,0.579570691337615,0.999436863219939,"YNL292W"
"YNL293W",1.33234260004825,2.94261057654587,3.12900578554901,0.94042989314242,0.346997094730734,0.999436863219939,"YNL293W"
"YNL294C",16.7108276948296,2.79457732618232,1.68902957562358,1.65454611719903,0.0980166012048353,0.999436863219939,"YNL294C"
"YNL295W",20.2363849330978,1.18464704656982,1.90702818090275,0.621200598099726,0.534467645967727,0.999436863219939,"YNL295W"
"YNL297C",38.3743676990927,-0.124783002296455,1.54597054166495,-0.0807149935483688,0.935668612596014,0.999436863219939,"YNL297C"
"YNL298W",10.7146685794178,1.68380813121229,1.86210413119671,0.904250252712863,0.365862718925454,0.999436863219939,"YNL298W"
"YNL299W",1.29716972860078,1.69045570440062,3.04773417695973,0.554659824724916,0.579127360783975,0.999436863219939,"YNL299W"
"YNL300W",32.6298955106063,1.88478988284987,1.96722182065122,0.958097283724687,0.33801370504857,0.999436863219939,"YNL300W"
"YNL301C",45.7715479224884,-0.898066168167883,0.848460427713842,-1.05846559112686,0.289843229896616,0.999436863219939,"YNL301C"
"YNL302C",171.719838900211,0.575872504283942,0.386810632128125,1.48877113619047,0.136547645435412,0.999436863219939,"YNL302C"
"YNL303W",11.4368143286334,0.140672788259666,0.432192822161576,0.32548617433326,0.74481314475718,0.999436863219939,"YNL303W"
"YNL304W",6.67797047411515,-20.5150661871177,2.45758295832497,-8.34765968636934,6.96288559357307e-17,2.44192493581663e-14,"YNL304W"
"YNL305C",26.817360736614,0.683730883197334,1.12584023846494,0.607307200291212,0.54364706083218,0.999436863219939,"YNL305C"
"YNL306W",52.1402393194394,0.790386725342668,0.765738828377132,1.0321883859772,0.301983874680283,0.999436863219939,"YNL306W"
"YNL307C",37.6550435723679,-0.159279577409849,1.01497501760186,-0.156929554567942,0.875300367255375,0.999436863219939,"YNL307C"
"YNL308C",30.8774306723222,0.393374822728783,0.868221958211939,0.453080942042654,0.650490458010891,0.999436863219939,"YNL308C"
"YNL309W",1.59679119525033,-0.353911622896502,2.71417261766485,-0.130393925792749,0.896254772077971,0.999436863219939,"YNL309W"
"YNL310C",10.110100794174,-0.794436953797097,1.82127601568749,-0.436197999070018,0.662693079566964,0.999436863219939,"YNL310C"
"YNL311C",1.85148198663201,1.31498897854656,3.32348446361093,0.39566575169659,0.692351624118988,0.999436863219939,"YNL311C"
"YNL312W",22.2442710477224,0.168473304125784,1.64042741883012,0.102700858442083,0.918200392310763,0.999436863219939,"YNL312W"
"YNL313C",10.3104968299514,-0.358597105890032,1.84348466912916,-0.194521338796611,0.845767688885749,0.999436863219939,"YNL313C"
"YNL314W",14.6652897316412,0.404829175586574,2.19443157022496,0.184480200284884,0.853636758465637,0.999436863219939,"YNL314W"
"YNL315C",31.9490346462857,2.86972480307995,1.37435344561309,2.08805443187854,0.0367929249004207,0.917167301567517,"YNL315C"
"YNL316C",1.87730578529461,-2.23945593101886,2.21041741924171,-1.01313711678363,0.310994671568617,0.999436863219939,"YNL316C"
"YNL317W",16.1430736164409,-1.92373444690246,2.30524427946593,-0.834503511856948,0.403997309218015,0.999436863219939,"YNL317W"
"YNL319W",1.11389425721646,1.55806471384352,1.59464080769877,0.977063114352358,0.328537907300023,0.999436863219939,"YNL319W"
"YNL320W",13.196884078258,0.231959314306616,1.71782843876086,0.135030547330988,0.892587722229574,0.999436863219939,"YNL320W"
"YNL321W",25.543285591128,-0.185700623099646,1.70345867754509,-0.109013870161656,0.913191489103668,0.999436863219939,"YNL321W"
"YNL322C",70.9289588936782,0.173709839585483,0.900675143186439,0.192866252499126,0.847063715385718,0.999436863219939,"YNL322C"
"YNL323W",19.979072877667,-0.172955053534502,1.33295365821988,-0.129753238207454,0.896761660555438,0.999436863219939,"YNL323W"
"YNL325C",7.10518869198621,-3.16393647297177,2.28071351764922,-1.38725729842339,0.165363319045014,0.999436863219939,"YNL325C"
"YNL326C",3.32647173992386,-2.35531730629243,2.84173941742013,-0.828829445745136,0.407200923564805,0.999436863219939,"YNL326C"
"YNL327W",99.9267285446142,-0.685462670611643,2.43540900921664,-0.28145690026503,0.778359981018782,0.999436863219939,"YNL327W"
"YNL328C",1.48642718342701,-0.812916012985338,2.86237704280327,-0.284000325893198,0.776410130895185,0.999436863219939,"YNL328C"
"YNL329C",16.432630507702,-2.86843265833417,2.02922028148085,-1.41356396075487,0.157489969174678,0.999436863219939,"YNL329C"
"YNL330C",39.9494768899928,-0.379883157723361,1.65959921236945,-0.228900541101723,0.818946219994813,0.999436863219939,"YNL330C"
"YNL331C",7.99335603431359,-18.1055583407293,2.50370353978925,-7.23151046159935,4.77651291844069e-13,1.35607476284492e-10,"YNL331C"
"YNL333W",1.37111149264352,1.44235567081312,3.22287831571671,0.447536496733159,0.654487742433753,0.999436863219939,"YNL333W"
"YNL334C",0.361375449062299,1.80156463306914,5.06766865083469,0.355501663032449,0.722213799267607,0.999436863219939,"YNL334C"
"YNL335W",0.357018136994555,0.225152527410001,5.06952734311536,0.0444129229751109,0.96457526076934,0.999436863219939,"YNL335W"
"YNL336W",7.38071651628862,3.01594138179597,1.83858055135315,1.64036401863183,0.10092950198639,0.999436863219939,"YNL336W"
"YNL337W",0.169376721707592,0.637498700817163,5.07085675729695,0.125718144157751,0.899955038861504,0.999436863219939,"YNL337W"
"YNR001C",128.939795973034,0.748500344676951,0.780778471845964,0.958659045641077,0.337730536466448,0.999436863219939,"YNR001C"
"YNR002C",2.88295244796518,-3.57896188140237,3.29490917591676,-1.08620957068007,0.277386283954884,0.999436863219939,"YNR002C"
"YNR003C",9.16456194104482,-0.248443347816408,1.73028017992604,-0.143585617346104,0.885827698654306,0.999436863219939,"YNR003C"
"YNR004W",3.66215458667413,2.00461960722396,2.74883513952543,0.729261489130282,0.465841724594126,0.999436863219939,"YNR004W"
"YNR006W",13.8238819806785,-1.30939397333372,1.81161111111107,-0.722778727345439,0.469815838638799,0.999436863219939,"YNR006W"
"YNR007C",8.74789242590004,-3.27212915499599,2.10605945664174,-1.55367368412933,0.120262273334253,0.999436863219939,"YNR007C"
"YNR008W",2.39912346145395,-0.634302831588868,1.8688513370695,-0.339407859259423,0.73430249878128,0.999436863219939,"YNR008W"
"YNR009W",10.2565653947472,-1.99118220654716,2.14260535885281,-0.92932755830186,0.352719357501724,0.999436863219939,"YNR009W"
"YNR010W",3.82102858427053,-1.57960198123979,2.16991247975272,-0.72795654017336,0.466640190501955,0.999436863219939,"YNR010W"
"YNR011C",9.6136199737401,-2.59956628219469,1.55066904512847,-1.67641592534616,0.0936567516884044,0.999436863219939,"YNR011C"
"YNR012W",7.5502013335368,0.614407915426975,1.46675309204134,0.41888980412639,0.675296668866661,0.999436863219939,"YNR012W"
"YNR013C",30.1778880825531,-1.63406416720216,1.38939812290149,-1.17609498693559,0.23955692094746,0.999436863219939,"YNR013C"
"YNR014W",22.5775722748179,2.27421962401606,1.88369076234618,1.20732111102115,0.227308503582544,0.999436863219939,"YNR014W"
"YNR015W",3.86545928070058,1.16883420308156,2.02301329479664,0.577768918319964,0.563420142424549,0.999436863219939,"YNR015W"
"YNR016C",632.441139219704,-0.080686347517214,0.42239088045095,-0.191022939299902,0.848507621111077,0.999436863219939,"YNR016C"
"YNR017W",83.2382713972065,1.18253159563992,0.973723139969259,1.21444335365929,0.22457846867549,0.999436863219939,"YNR017W"
"YNR018W",17.4922328909794,-0.824397181062181,1.05155258495652,-0.783980937193235,0.43305129590722,0.999436863219939,"YNR018W"
"YNR019W",4.53136797854283,1.04714844167136,2.59969410475843,0.402796790497265,0.68709772242446,0.999436863219939,"YNR019W"
"YNR020C",7.6034556636857,3.29841076774291,2.13470045489352,1.54513986268272,0.122312436708532,0.999436863219939,"YNR020C"
"YNR021W",27.5190339243052,0.528826784310998,0.96010800570277,0.550799265467964,0.581771287750516,0.999436863219939,"YNR021W"
"YNR022C",10.508568725882,0.331533660031993,1.18527748078672,0.279709743419692,0.779700202435766,0.999436863219939,"YNR022C"
"YNR023W",11.0790619104605,-5.76121635935223,2.22994325500736,-2.58357083590148,0.00977833849440059,0.560562058688618,"YNR023W"
"YNR024W",2.73844313999569,-4.23014190562401,2.44925759005287,-1.7271118900698,0.0841475706219183,0.999436863219939,"YNR024W"
"YNR025C",0.800332519502963,0.840190765510375,1.91083622159972,0.439697947952328,0.660155889021433,0.999436863219939,"YNR025C"
"YNR026C",5.88951487927391,2.1507119961587,2.22169680973384,0.968049279602806,0.33301975895734,0.999436863219939,"YNR026C"
"YNR027W",14.870090971728,-1.50346167512088,2.03801769437289,-0.737707861551962,0.460691993804039,0.999436863219939,"YNR027W"
"YNR028W",18.0278318454749,0.161661284110611,1.20016816525857,0.134698860368274,0.89284997427307,0.999436863219939,"YNR028W"
"YNR029C",5.33026803665466,2.16233369623993,1.99111667186735,1.08599045289094,0.277483216125804,0.999436863219939,"YNR029C"
"YNR030W",29.0558807125164,0.0610920215217373,1.22121952170588,0.0500254216673507,0.960102130118848,0.999436863219939,"YNR030W"
"YNR031C",40.1146671739816,0.776218810355847,1.14934520855405,0.675357416186889,0.499448713550516,0.999436863219939,"YNR031C"
"YNR032W",22.115163052145,1.45218108639423,1.71173331904889,0.848368767630882,0.396232630763206,0.999436863219939,"YNR032W"
"YNR033W",26.3197903425263,0.314183675294273,1.68481382949766,0.186479758056087,0.852068551170268,0.999436863219939,"YNR033W"
"YNR034W",19.8977829269407,0.327590381361701,1.35953340069433,0.240957950127886,0.809587707308218,0.999436863219939,"YNR034W"
"YNR035C",21.2341236131887,-1.00593802313737,1.28646961075323,-0.781936871830488,0.43425167438666,0.999436863219939,"YNR035C"
"YNR036C",17.6413927858532,-0.183574468314209,0.791356857597389,-0.231974319236398,0.816557960065586,0.999436863219939,"YNR036C"
"YNR037C",38.9198036843822,-0.775799019369922,1.00469335422508,-0.772174928904846,0.440010828386891,0.999436863219939,"YNR037C"
"YNR038W",18.9718190604187,1.45369059343988,1.65461410686041,0.878567750276361,0.379635688148732,0.999436863219939,"YNR038W"
"YNR039C",15.5220491963533,-2.01023403680553,1.74649641132671,-1.15100954331677,0.249728309452458,0.999436863219939,"YNR039C"
"YNR040W",7.70983055255669,-1.38225296335259,2.00136097653064,-0.690656498034017,0.489781433341393,0.999436863219939,"YNR040W"
"YNR041C",9.88513552979842,1.41442085644207,2.12687729158113,0.665022313248068,0.506036221506967,0.999436863219939,"YNR041C"
"YNR043W",15.0303519065229,-0.760609262035556,1.32089576622669,-0.575828374564583,0.564731192530201,0.999436863219939,"YNR043W"
"YNR044W",22.1228381047482,-6.28114317254963,2.50348253022646,-2.50896225426484,0.0121086422452278,0.602504869681994,"YNR044W"
"YNR045W",7.65129198005777,3.45964535342858,2.39378467563168,1.44526171825193,0.148384386358048,0.999436863219939,"YNR045W"
"YNR046W",32.5451037480892,-0.186438989311069,0.98948852991516,-0.188419555835634,0.850547770899115,0.999436863219939,"YNR046W"
"YNR047W",24.7296649313296,0.145677953549002,1.33739717154902,0.108926470496623,0.913260811140545,0.999436863219939,"YNR047W"
"YNR048W",3.68126781701447,-0.56903193623118,3.30154407209934,-0.172353275862633,0.86315980287028,0.999436863219939,"YNR048W"
"YNR049C",9.60948944759943,1.5279380181217,1.53759028821537,0.993722469394059,0.320358000492862,0.999436863219939,"YNR049C"
"YNR050C",57.3356848682775,0.340276716642291,1.29362424913354,0.263041386917574,0.792518679831863,0.999436863219939,"YNR050C"
"YNR051C",32.7103802032584,-0.0971691911391732,0.785983024714629,-0.123627595105445,0.901610142356813,0.999436863219939,"YNR051C"
"YNR052C",18.4521130046051,-1.98667710524646,1.50530820137215,-1.31978096142406,0.186908159863426,0.999436863219939,"YNR052C"
"YNR053C",29.2710957677691,-0.858249665846208,1.32260269028677,-0.648909662855835,0.516396768626213,0.999436863219939,"YNR053C"
"YNR054C",2.38605418737248,1.69161668122863,1.83357259149399,0.9225796071975,0.356226327010709,0.999436863219939,"YNR054C"
"YNR055C",37.7727254031869,1.53559124525051,1.42528992649872,1.07738868892644,0.281306655212495,0.999436863219939,"YNR055C"
"YNR056C",58.0932556414369,-2.02293205042458,1.61095819756888,-1.2557321806844,0.209213087566078,0.999436863219939,"YNR056C"
"YNR057C",0.749624705641208,2.8300379079297,5.05449764866361,0.559904881680566,0.575544318830458,0.999436863219939,"YNR057C"
"YNR058W",1.47668783434424,0.461162121884081,5.0708567572882,0.0909436302299933,0.927537381901103,0.999436863219939,"YNR058W"
"YNR059W",2.90037596950128,5.03916642049704,3.32963553724226,1.5134288315143,0.130170766065435,0.999436863219939,"YNR059W"
"YNR060W",0.508420253135952,0.211654289616238,5.06670234552789,0.0417735787860233,0.966679197695946,0.999436863219939,"YNR060W"
"YNR061C",30.0831153065551,-0.874952194147203,1.37358544086117,-0.636984178864512,0.52413514907931,0.999436863219939,"YNR061C"
"YNR062C",4.46319352156902,-3.03711486813584,2.72859998291732,-1.11306709930001,0.265679612635171,0.999436863219939,"YNR062C"
"YNR063W",0.158248328012822,0.98998900122995,5.0706438708043,0.195239308153763,0.845205607672772,0.999436863219939,"YNR063W"
"YNR064C",0.660000787260336,5.05268534559606,5.04933916426963,1.00066269688321,0.316989907638567,0.999436863219939,"YNR064C"
"YNR065C",0.609364195452519,0.167501350246765,4.99417646139816,0.0335393335700982,0.973244499810745,0.999436863219939,"YNR065C"
"YNR066C",0.315222062355984,0.970378041972357,5.07085675729328,0.191363725780005,0.848240637487768,0.999436863219939,"YNR066C"
"YNR067C",35.2039084409626,1.06056469063701,2.19559555021791,0.48304192023515,0.629065971534836,0.999436863219939,"YNR067C"
"YNR068C",0.210031283831385,-2.44529399751708,5.06090939962211,-0.483172845911777,0.628973014064233,0.999436863219939,"YNR068C"
"YNR069C",0.077883707797989,0.350270613998807,5.07085675729695,0.0690752333902488,0.944929734821511,0.999436863219939,"YNR069C"
"YNR070W",4.10916532905557,-0.774826646799376,2.34478652616118,-0.330446562258228,0.741062563944407,0.999436863219939,"YNR070W"
"YNR071C",0.250483739030727,0.461217413837246,5.07085675729447,0.090954534097967,0.927528717781053,0.999436863219939,"YNR071C"
"YNR072W",0.39894660171956,-2.86494579053634,5.05851300980133,-0.566361257742195,0.571148225736024,0.999436863219939,"YNR072W"
"YNR073C",0.0648528668358063,-0.0348467460543129,5.07085675729695,-0.00687196419109424,0.994517009024265,0.999436863219939,"YNR073C"
"YNR074C",5.23903278228881,-0.808985175990162,1.97795714341198,-0.409000356091974,0.682539399825274,0.999436863219939,"YNR074C"
"YNR075W",1.84647962339702,-4.7149403435924,4.65617897801568,-1.01262008308834,0.311241663375503,0.999436863219939,"YNR075W"
"YNR076W",0.446280399478939,-0.322412958527454,3.33938380526979,-0.0965486381106188,0.923084846693444,0.999436863219939,"YNR076W"
"YOL001W",2.99469199814286,-0.338042950728126,2.40687260813622,-0.140449041459611,0.888305212331279,0.999436863219939,"YOL001W"
"YOL002C",28.3932639265549,2.87665313671138,1.54607931691218,1.86061161626339,0.0627990432176463,0.999436863219939,"YOL002C"
"YOL003C",6.84265991594981,-0.503391559193444,1.98536220100396,-0.253551497524678,0.799842071598053,0.999436863219939,"YOL003C"
"YOL004W",61.987058591146,-0.219576762506481,0.965128917843387,-0.227510292611616,0.820026966721589,0.999436863219939,"YOL004W"
"YOL005C",26.6401175520422,0.271596429558379,0.608920951037958,0.446029043828136,0.65557626633383,0.999436863219939,"YOL005C"
"YOL006C",16.8855050272706,0.274457701166557,1.066215385426,0.257413000148088,0.796859968273144,0.999436863219939,"YOL006C"
"YOL007C",21.6001512991126,1.42970646623278,1.99613000383279,0.716239154507767,0.47384369002053,0.999436863219939,"YOL007C"
"YOL008W",10.0024228830657,1.05540473752282,2.0425493135608,0.516709550421049,0.605358928190815,0.999436863219939,"YOL008W"
"YOL009C",1.51760160122772,-3.1466628608794,3.28856616869198,-0.956849489858669,0.338643228660985,0.999436863219939,"YOL009C"
"YOL010W",11.3227557165074,-0.942021903411782,2.21733671536502,-0.424843866465587,0.670950497324037,0.999436863219939,"YOL010W"
"YOL011W",23.0241242571679,-0.735849799655627,1.23473058600306,-0.595959805318861,0.551202078906444,0.999436863219939,"YOL011W"
"YOL012C",21.4382053584301,-0.904116882512631,1.04880313669372,-0.862046318208768,0.388662029983019,0.999436863219939,"YOL012C"
"YOL013C",15.1440419749513,-3.60873587125095,2.09356429739286,-1.72372822546934,0.0847569170815116,0.999436863219939,"YOL013C"
"YOL014W",2.14066293350278,-1.74861255587,2.67425523565776,-0.653868984738069,0.513196217423198,0.999436863219939,"YOL014W"
"YOL015W",0,0,0,0,1,NA,"YOL015W"
"YOL016C",13.5852591625629,-1.0207880677838,1.6590629071009,-0.615279904948001,0.53836988605347,0.999436863219939,"YOL016C"
"YOL017W",2.27019142385731,-1.62442876317844,2.08912836889917,-0.77756292402195,0.436826725472819,0.999436863219939,"YOL017W"
"YOL018C",12.0714975006568,-0.133308872298544,2.21976863595596,-0.0600553004214935,0.95211159076296,0.999436863219939,"YOL018C"
"YOL019W",0.539255127116256,-2.15578800175842,3.92138133481552,-0.549752196405514,0.582489350597903,0.999436863219939,"YOL019W"
"YOL020W",18.8610309903654,0.682862445855155,1.61656700182372,0.422415182967849,0.672721997595653,0.999436863219939,"YOL020W"
"YOL021C",36.329422302351,0.312137560721625,1.24661717413923,0.25038766286623,0.802287569427675,0.999436863219939,"YOL021C"
"YOL022C",17.044200190732,0.328163573627538,1.59635797521543,0.205570165791448,0.837126684011828,0.999436863219939,"YOL022C"
"YOL023W",15.8772771772162,0.92273683961078,1.62246815150717,0.568724161860198,0.569543348047865,0.999436863219939,"YOL023W"
"YOL024W",0,0,0,0,1,NA,"YOL024W"
"YOL025W",4.72815425907809,0.128314244892993,3.02490135871944,0.0424193154342438,0.966164430717128,0.999436863219939,"YOL025W"
"YOL026C",22.2906574017941,-0.192190097950352,0.967792061807575,-0.198586148342024,0.842586489827523,0.999436863219939,"YOL026C"
"YOL027C",42.4816771068807,0.66393491096218,0.891658005916737,0.744607132506561,0.456509254854405,0.999436863219939,"YOL027C"
"YOL028C",4.49386655006295,-0.637834551828789,2.10747705503124,-0.302653141729856,0.762154211319449,0.999436863219939,"YOL028C"
"YOL029C",8.5121802168803,-1.89807952724186,1.63841195170745,-1.15848735433345,0.246665209257982,0.999436863219939,"YOL029C"
"YOL030W",34.5031511061005,-1.70444511530825,1.23857467846855,-1.37613431385157,0.168780053758529,0.999436863219939,"YOL030W"
"YOL031C",37.4605525444499,0.904436842672134,1.44311847126413,0.626723904295865,0.530840231759086,0.999436863219939,"YOL031C"
"YOL032W",12.5804599550354,1.82981773516801,1.92467136080512,0.9507169755997,0.341748068401326,0.999436863219939,"YOL032W"
"YOL033W",1.97535864786758,-1.95907576844175,2.25093874030902,-0.870337221248763,0.384116143585234,0.999436863219939,"YOL033W"
"YOL034W",10.831184208022,4.76591770416117,2.11881848747661,2.24932797798885,0.024491637064086,0.772588043259686,"YOL034W"
"YOL035C",2.95774785367783,-2.5441129977992,1.94934712491945,-1.30511029322411,0.191855294284601,0.999436863219939,"YOL035C"
"YOL036W",13.4348018802784,0.459001206099616,1.85393819790175,0.247581719077315,0.804458056501799,0.999436863219939,"YOL036W"
"YOL037C",0.81901389327816,-0.225367139858022,1.6043909423722,-0.140468967946679,0.888289469357814,0.999436863219939,"YOL037C"
"YOL038W",70.4770392103758,0.419448629006655,0.681953873245657,0.615068915160423,0.53850920955818,0.999436863219939,"YOL038W"
"YOL039W",164.151844964321,-0.0122540374025732,0.235800340469439,-0.0519678528800147,0.958554308472605,0.999436863219939,"YOL039W"
"YOL040C",340.259164410803,-0.111342238797915,0.262374549866219,-0.42436371536297,0.671300578584866,0.999436863219939,"YOL040C"
"YOL041C",17.960066935074,-1.53102822154726,1.00268333735072,-1.52693095069529,0.126778182298667,0.999436863219939,"YOL041C"
"YOL042W",1.46354101073071,3.32490569781041,3.4673062771452,0.958930487256513,0.337593764916296,0.999436863219939,"YOL042W"
"YOL043C",9.15052379875221,5.19096567091495,1.80488651870713,2.8760620776498,0.00402670510944116,0.337950340314031,"YOL043C"
"YOL044W",3.42201086069745,2.86317380429829,2.61248073431135,1.09595977749976,0.273096377120226,0.999436863219939,"YOL044W"
"YOL045W",21.0976407287002,2.07153492078263,1.7756210234748,1.16665374727809,0.24335022858712,0.999436863219939,"YOL045W"
"YOL047C",13.7481512197395,-15.3869910438363,2.59805007165006,-5.92251520158879,3.17054487133022e-09,7.00103278624844e-07,"YOL047C"
"YOL048C",20.0490788015469,0.446287979358318,1.34992726022981,0.33060150165598,0.740945511785646,0.999436863219939,"YOL048C"
"YOL049W",37.9683000018297,0.0112898584990159,1.02703271093853,0.0109926961223064,0.991229274124265,0.999436863219939,"YOL049W"
"YOL051W",43.357823270525,1.60993590105653,1.15559782836009,1.39316279552133,0.163570567449153,0.999436863219939,"YOL051W"
"YOL052C",15.1085070936509,-1.68937276885141,1.43791033544475,-1.17488046869688,0.240042540613564,0.999436863219939,"YOL052C"
"YOL052C-A",38.9441801016704,-0.0253365333623939,1.08440088389847,-0.0233645451037517,0.981359486189158,0.999436863219939,"YOL052C-A"
"YOL053W",10.2887113159261,-2.67673809955335,2.3393016681404,-1.14424665104488,0.252521361093535,0.999436863219939,"YOL053W"
"YOL054W",1.45425895408162,-3.04376501012247,3.01615961736902,-1.0091524972997,0.312901504228603,0.999436863219939,"YOL054W"
"YOL055C",13.380488059807,-0.949382858279738,2.07238615825025,-0.458110982116053,0.646872709324324,0.999436863219939,"YOL055C"
"YOL056W",0.966973409401542,-0.184933642096117,4.73788986168023,-0.0390329128568077,0.968864147935199,0.999436863219939,"YOL056W"
"YOL057W",12.1427134670898,-0.207069981335327,1.87773016389341,-0.11027675079042,0.912189894974888,0.999436863219939,"YOL057W"
"YOL058W",95.4742799914128,-0.246463128360106,1.49897925847943,-0.164420639555826,0.869400016664283,0.999436863219939,"YOL058W"
"YOL059W",14.3796976422919,-5.61777806300918,2.07221586498666,-2.71100041165129,0.00670805429716342,0.444236207244427,"YOL059W"
"YOL060C",9.88582733320434,-3.60391348522319,1.58488192780581,-2.27393184438201,0.0229700846986873,0.748347786740841,"YOL060C"
"YOL061W",44.3478897682757,-2.10538729965355,1.16170339858422,-1.81232774408632,0.069935570123735,0.999436863219939,"YOL061W"
"YOL062C",57.5315464372592,-0.391648980345615,1.5981792337255,-0.245059485244747,0.806410372636647,0.999436863219939,"YOL062C"
"YOL063C",14.9339187166906,-0.111276772736892,2.41743271481234,-0.0460309699852514,0.963285565585366,0.999436863219939,"YOL063C"
"YOL064C",32.4669195692442,1.08937729855536,1.33910115580384,0.813513821441989,0.415923525164177,0.999436863219939,"YOL064C"
"YOL065C",8.67590976837215,-3.76664446957646,1.96383793909498,-1.91800168160122,0.0551107979236063,0.999436863219939,"YOL065C"
"YOL066C",21.9936549677997,1.09501741708926,2.49221103519923,0.439375880141597,0.660389200507341,0.999436863219939,"YOL066C"
"YOL067C",12.0515874768742,-0.415889906818109,1.72194610362145,-0.241523184694019,0.80914964947743,0.999436863219939,"YOL067C"
"YOL068C",36.4124919797188,-0.490006209517622,1.16573251245708,-0.420341891713054,0.674235711070915,0.999436863219939,"YOL068C"
"YOL069W",3.77204397941086,-0.122429344212175,2.00999670664159,-0.0609102212991863,0.951430709142731,0.999436863219939,"YOL069W"
"YOL070C",15.2207448508516,-0.520583902850127,1.54244806755341,-0.33750497913091,0.73573625931363,0.999436863219939,"YOL070C"
"YOL071W",5.30451451759109,-0.546028679187247,1.70078646137303,-0.321044817552488,0.74817642759458,0.999436863219939,"YOL071W"
"YOL072W",2.10014311703734,-0.511850384311911,3.55983716862105,-0.14378477443399,0.88567042617663,0.999436863219939,"YOL072W"
"YOL073C",19.4577544431477,-2.93057848527135,2.05651031225798,-1.4250249404554,0.154149991820595,0.999436863219939,"YOL073C"
"YOL075C",34.7097310796718,-0.940092415494583,1.75021975845511,-0.537128215444434,0.59117905215502,0.999436863219939,"YOL075C"
"YOL076W",12.3589183833561,-3.50338378895423,1.66568114644661,-2.10327396478491,0.0354418279357724,0.917167301567517,"YOL076W"
"YOL077C",23.0873448111883,-0.628762920537299,1.20031990930145,-0.523829452185977,0.600397166495632,0.999436863219939,"YOL077C"
"YOL078W",13.4283673470877,-4.04487265705653,2.09854810426895,-1.92746244359531,0.0539220241402008,0.999436863219939,"YOL078W"
"YOL080C",5.22936101613475,-0.38255765927694,2.06357554824658,-0.185385826848937,0.852926424278992,0.999436863219939,"YOL080C"
"YOL081W",76.8493140166239,0.0570488542447678,0.980911463352898,0.0581590249233774,0.953621958820593,0.999436863219939,"YOL081W"
"YOL082W",23.4410018168241,-0.206118031103643,1.64765644154938,-0.125097699924518,0.900446204187921,0.999436863219939,"YOL082W"
"YOL083W",3.627830410379,-1.31205418008721,2.5969250728295,-0.505233745022014,0.613394671639242,0.999436863219939,"YOL083W"
"YOL084W",30.3175104606007,-22.084534357984,2.17808808537409,-10.1394128668543,3.69312562229939e-24,3.6697358266915e-21,"YOL084W"
"YOL085C",0.322906109207363,1.39030744801953,5.05929541213893,0.274802583119325,0.783467913436193,0.999436863219939,"YOL085C"
"YOL086C",1877.65269321241,-0.19145111654306,0.240102499316273,-0.797372443386657,0.425234758481411,0.999436863219939,"YOL086C"
"YOL087C",37.7521882751128,-0.902432799859623,1.44896104411701,-0.62281370746552,0.53340694950636,0.999436863219939,"YOL087C"
"YOL088C",24.0266180224282,-0.728752249337695,1.52609013918678,-0.477528968063467,0.632985498142658,0.999436863219939,"YOL088C"
"YOL089C",18.4342847287135,-2.27741867168473,1.43326423905858,-1.58897334463646,0.11206641073768,0.999436863219939,"YOL089C"
"YOL090W",17.8235700054535,0.127206728936882,1.62105832012963,0.0784714080655098,0.937453073131083,0.999436863219939,"YOL090W"
"YOL091W",0.464697837557718,0.519970296493736,4.6000018604551,0.113036975259461,0.910001241042493,0.999436863219939,"YOL091W"
"YOL092W",21.1950193256186,-0.172193803639954,1.29207507668109,-0.133269193677401,0.893980490128481,0.999436863219939,"YOL092W"
"YOL093W",4.52479847544079,-1.85707411713619,2.39202445785953,-0.776360839887888,0.437535959709562,0.999436863219939,"YOL093W"
"YOL094C",3.12221507935016,-1.72277324833386,2.387453077321,-0.72159459999399,0.470543760130139,0.999436863219939,"YOL094C"
"YOL095C",4.91268423906264,-0.707283834765378,2.64786881726739,-0.267114378987739,0.789381096875362,0.999436863219939,"YOL095C"
"YOL096C",12.2411873588066,1.04046876714906,2.25766500636301,0.460860563554203,0.644898647012237,0.999436863219939,"YOL096C"
"YOL097C",72.3508180926757,-1.09669886772015,0.77339555872388,-1.41803098731227,0.156181718049457,0.999436863219939,"YOL097C"
"YOL098C",93.1519914760831,-0.110567042035556,0.978673956815913,-0.112976381220241,0.910049280366136,0.999436863219939,"YOL098C"
"YOL099C",0.638538525183152,-1.14825223711269,1.21200388129651,-0.947399801958038,0.343435092008048,0.999436863219939,"YOL099C"
"YOL100W",6.63296982177594,3.32931116410866,1.62943281657959,2.0432331607862,0.0410293625542532,0.951817352328629,"YOL100W"
"YOL101C",0.456751166231463,1.49668935611831,3.91983489938468,0.381824590712547,0.70259147748747,0.999436863219939,"YOL101C"
"YOL102C",6.38490495219034,2.56004155612607,1.78830908533648,1.4315431136136,0.152274619888188,0.999436863219939,"YOL102C"
"YOL103W",40.530790587951,0.560742604592015,1.2797576457852,0.43816312130565,0.661268040048038,0.999436863219939,"YOL103W"
"YOL104C",0.197096077296367,-2.06288963518589,5.062686113119,-0.407469392550388,0.683663269742302,0.999436863219939,"YOL104C"
"YOL105C",16.2954301110194,-4.68523819520065,2.29535992113662,-2.04117800962587,0.0412331366610669,0.952837057260778,"YOL105C"
"YOL106W",0.170722083389353,-2.06602545432653,5.06266954947209,-0.408090125997256,0.683207508889824,0.999436863219939,"YOL106W"
"YOL107W",1.24796070363961,2.05343983943048,3.75960623394646,0.546184816082452,0.584938902370264,0.999436863219939,"YOL107W"
"YOL108C",2.66268098737084,-1.29252428539211,1.87246427656636,-0.690279810177354,0.490018241980824,0.999436863219939,"YOL108C"
"YOL109W",7.28666562080468,-0.67899467135879,0.831801538628771,-0.816294079568686,0.414331959717379,0.999436863219939,"YOL109W"
"YOL110W",5.54142694651451,2.25861230514392,2.40774321891726,0.938061952536451,0.348212573202035,0.999436863219939,"YOL110W"
"YOL111C",13.5537201648836,0.96983190202758,1.28311106485097,0.755844079748639,0.449742684748557,0.999436863219939,"YOL111C"
"YOL112W",11.205382320445,-1.14850737208577,1.83811107520239,-0.624830233373852,0.532082485569148,0.999436863219939,"YOL112W"
"YOL113W",35.5482228061278,0.356580863195284,1.37915414032128,0.258550406202034,0.795982152386861,0.999436863219939,"YOL113W"
"YOL114C",2.22742256821082,1.14416559228155,2.06166231819806,0.554972355163178,0.578913569535488,0.999436863219939,"YOL114C"
"YOL115W",10.0420871490254,0.83639843621605,1.93043953653475,0.433268393226877,0.664819797193814,0.999436863219939,"YOL115W"
"YOL116W",9.62851162889751,1.72107455719118,2.5580708022105,0.672801767528852,0.501073413122851,0.999436863219939,"YOL116W"
"YOL117W",6.80030015124613,2.29600324441021,3.21014166730737,0.715234242710563,0.474464313241718,0.999436863219939,"YOL117W"
"YOL118C",5.23377928573493,-1.67975668171911,2.74835294103317,-0.611186669892423,0.541076007215074,0.999436863219939,"YOL118C"
"YOL119C",45.1777096689552,-5.93349968192016,1.78085647784677,-3.33182362292011,0.000862789190958547,0.104978554214181,"YOL119C"
"YOL120C",406.999568406234,-0.0264859663465927,0.303250315973001,-0.0873402761728723,0.930401040566692,0.999436863219939,"YOL120C"
"YOL121C",134.175698519119,-0.485269588105207,0.386079400563743,-1.25691654979942,0.208783855059616,0.999436863219939,"YOL121C"
"YOL122C",22.5202197268616,-0.769342203040768,1.70173019137616,-0.4520941139433,0.651201183837834,0.999436863219939,"YOL122C"
"YOL123W",32.6854048689036,0.683466453065009,0.917577269098143,0.744859834787283,0.456356458394989,0.999436863219939,"YOL123W"
"YOL124C",8.81301299375456,-1.08352803646432,2.22167353090261,-0.487708036933813,0.625756658244584,0.999436863219939,"YOL124C"
"YOL125W",6.9731049538072,-1.05209054286367,2.32916475521203,-0.45170292934812,0.651483007641047,0.999436863219939,"YOL125W"
"YOL126C",49.0277518562364,-0.493766098374939,1.37187297821508,-0.359921148835055,0.718906100974527,0.999436863219939,"YOL126C"
"YOL127W",300.763088546219,-0.32011364322707,0.279719211139534,-1.14441064638705,0.252453375036158,0.999436863219939,"YOL127W"
"YOL128C",2.91045819185173,-1.86401867638035,3.25626384655513,-0.572440921319179,0.567023299374315,0.999436863219939,"YOL128C"
"YOL129W",65.6127771221744,1.19712703277908,0.806547037360574,1.48426189338774,0.137739455535976,0.999436863219939,"YOL129W"
"YOL130W",18.5945185353691,0.94455837717596,1.93757652478154,0.48749474670811,0.625907764744778,0.999436863219939,"YOL130W"
"YOL132W",0.731616231111762,0.46118322215449,5.07085675729155,0.0909477913158048,0.927534075536962,0.999436863219939,"YOL132W"
"YOL133W",6.06036388423277,1.32718499533271,1.23266498909405,1.07667939551697,0.281623520512745,0.999436863219939,"YOL133W"
"YOL135C",5.05019030360765,0.823354368730283,2.29110013784934,0.359370747322798,0.719317755335081,0.999436863219939,"YOL135C"
"YOL136C",16.6274946063731,-0.624469612879389,1.61684891563582,-0.386226323832996,0.699329059815861,0.999436863219939,"YOL136C"
"YOL137W",5.2351968345385,-1.55706533516834,2.44588824448018,-0.636605265462268,0.524381994564184,0.999436863219939,"YOL137W"
"YOL138C",35.8118178724095,1.8484315230776,1.64882719406035,1.12105836787281,0.262263018292685,0.999436863219939,"YOL138C"
"YOL139C",53.0124828062165,-0.487868041208739,0.761743450359263,-0.640462403685447,0.521872023896713,0.999436863219939,"YOL139C"
"YOL140W",10.5427029925514,-3.53064094609774,2.39469701564553,-1.47435810168494,0.140385199119226,0.999436863219939,"YOL140W"
"YOL141W",0.294623702662311,-2.21244450639133,5.06193482709151,-0.437074869978632,0.662057051483711,0.999436863219939,"YOL141W"
"YOL142W",31.5463196894114,2.07247240003171,1.65589657073014,1.25157116492963,0.21072616712604,0.999436863219939,"YOL142W"
"YOL143C",318.081318261249,-0.183869009973533,0.403575350599906,-0.45560019882338,0.648677500147249,0.999436863219939,"YOL143C"
"YOL144W",15.4287565615028,-0.727213756234477,0.906576563716519,-0.802153712482107,0.422464047868996,0.999436863219939,"YOL144W"
"YOL145C",26.3934714277006,0.591431797906698,0.940610595092961,0.628774331261117,0.529496807044167,0.999436863219939,"YOL145C"
"YOL146W",6.26056230734038,-0.0144419903376479,1.97275828741177,-0.00732070950090676,0.994158971087987,0.999436863219939,"YOL146W"
"YOL147C",8.68301188766137,-3.97123148919626,1.95455950226657,-2.03177825212847,0.0421761098162609,0.966128493250233,"YOL147C"
"YOL148C",10.4061493953829,-0.461339892027023,2.1813470303966,-0.211493121267891,0.832502499256898,0.999436863219939,"YOL148C"
"YOL149W",0.225734771196004,0.630946314065257,5.07085675729589,0.124425978540502,0.900978005272372,0.999436863219939,"YOL149W"
"YOL151W",150.769726140674,-0.759738788695134,0.50908288042305,-1.4923675847512,0.135602807965441,0.999436863219939,"YOL151W"
"YOL152W",1.67724962892861,2.16561227109856,3.44748245616811,0.628172093297799,0.529891209560966,0.999436863219939,"YOL152W"
"YOL154W",2.06768275176496,-3.47830982064083,4.13894315903878,-0.840385984292819,0.400692004991368,0.999436863219939,"YOL154W"
"YOL155C",155.37926410115,-0.114216825341615,1.38592387889617,-0.0824120480791368,0.934319055659302,0.999436863219939,"YOL155C"
"YOL156W",0.592279180299632,0.800678632063217,4.11793991275917,0.194436696267074,0.845833958696901,0.999436863219939,"YOL156W"
"YOL157C",0.920267116328273,-1.3635160545216,5.06038424451857,-0.26944911465934,0.787584095145013,0.999436863219939,"YOL157C"
"YOL158C",59.9688629012467,1.87825844660648,1.45065688944818,1.29476408947464,0.195401623477432,0.999436863219939,"YOL158C"
"YOL159C",10.2763374293252,0.320511563104616,2.15430020659911,0.148777576181266,0.881729145306642,0.999436863219939,"YOL159C"
"YOL160W",0.755698541262568,-1.25794618861193,5.06685779275284,-0.248269487730874,0.803925905334271,0.999436863219939,"YOL160W"
"YOL162W",0.246076157562142,-1.13281389454506,5.06904567291787,-0.223476758277654,0.823164469959571,0.999436863219939,"YOL162W"
"YOL163W",0.460873445853386,0.461196986584923,5.07085675729323,0.0909505057348741,0.927531918682844,0.999436863219939,"YOL163W"
"YOL164W",13.6944250714406,3.8576408546408,2.2899982175193,1.68456063639197,0.0920733713393272,0.999436863219939,"YOL164W"
"YOL165C",0.015789139411777,0.350275165096867,5.07085675729695,0.0690761308910613,0.944929020425856,0.999436863219939,"YOL165C"
"YOR001W",30.4378498928471,0.225112671402632,1.68271371468593,0.13377954279326,0.893576904253351,0.999436863219939,"YOR001W"
"YOR002W",58.4516031440192,2.86495095076419,1.45919559657963,1.96337691635013,0.0496023940176457,0.999436863219939,"YOR002W"
"YOR003W",14.7136800141528,-3.91357122689395,1.74764263398661,-2.23934295878705,0.0251336097384145,0.772949552677302,"YOR003W"
"YOR004W",12.9325984085811,-0.621251586234578,1.44978239377872,-0.428513678259911,0.668277177233519,0.999436863219939,"YOR004W"
"YOR005C",10.5720507935458,1.80089093175181,2.40757121268123,0.748011490694895,0.454453226640906,0.999436863219939,"YOR005C"
"YOR006C",18.3906970413868,0.425087664656976,1.33551458756317,0.318295036696384,0.750261148844348,0.999436863219939,"YOR006C"
"YOR007C",166.577515897856,-0.0468787579595454,0.540656069410798,-0.0867071704394874,0.930904276700136,0.999436863219939,"YOR007C"
"YOR008C",14.2106592097124,-0.858851637610222,1.75627240013134,-0.489019606267225,0.624827816248025,0.999436863219939,"YOR008C"
"YOR009W",18.1322060585723,1.14082148203512,2.77227828082799,0.411510449699297,0.680698280478276,0.999436863219939,"YOR009W"
"YOR010C",0.281012203572538,-0.148467984309663,5.07082825764993,-0.0292788429751454,0.976642200527745,0.999436863219939,"YOR010C"
"YOR011W",4.35098171225556,-1.23280120083929,2.79929962335617,-0.440396301472452,0.659650103178011,0.999436863219939,"YOR011W"
"YOR012W",1.21868694080283,-1.94810504007848,2.4703939922706,-0.788580706629687,0.430357110965614,0.999436863219939,"YOR012W"
"YOR013W",1.95029968105632,-2.57694258965377,2.0509418433361,-1.25646789938328,0.208946377320075,0.999436863219939,"YOR013W"
"YOR014W",55.2034654626298,0.93693491709549,0.994971496970018,0.94167010808725,0.346361563600801,0.999436863219939,"YOR014W"
"YOR015W",13.8524756312678,1.4030676828403,0.882309201685901,1.59022220346262,0.111784727356275,0.999436863219939,"YOR015W"
"YOR016C",29.6041755919907,-0.121036499209374,1.43600451236497,-0.0842869908605216,0.93282825538434,0.999436863219939,"YOR016C"
"YOR017W",6.03828713914668,-3.50176264821794,2.00915100308005,-1.74290665203845,0.0813499219009745,0.999436863219939,"YOR017W"
"YOR018W",14.7979829478493,1.96514735872213,1.63110391203871,1.20479593250801,0.228282090619128,0.999436863219939,"YOR018W"
"YOR019W",6.44370432391396,-1.25154688200503,2.12524444549113,-0.58889549607354,0.555931379271189,0.999436863219939,"YOR019W"
"YOR020C",106.817271587682,0.639328503226039,0.441444123376231,1.44826597381421,0.147542679900171,0.999436863219939,"YOR020C"
"YOR021C",22.3365558895008,-1.56442325475787,1.03694766069739,-1.50868102031855,0.1313803180968,0.999436863219939,"YOR021C"
"YOR022C",13.1986320948465,1.57050732165342,2.17514827253284,0.722023110555426,0.470280268917948,0.999436863219939,"YOR022C"
"YOR023C",42.1338277275332,1.27159297465438,1.19943020593482,1.06016420827364,0.289069901038063,0.999436863219939,"YOR023C"
"YOR024W",0.238616556290921,2.36686252698781,5.06136285579559,0.467633440719942,0.640046746469523,0.999436863219939,"YOR024W"
"YOR025W",28.4992391098962,1.39080765665775,1.64551433482508,0.845211510603822,0.397992756734721,0.999436863219939,"YOR025W"
"YOR026W",9.34007567703421,-1.03858034049832,2.22184516662932,-0.4674404661932,0.640184776522843,0.999436863219939,"YOR026W"
"YOR027W",124.760310253842,-0.150576517643735,0.566113175449324,-0.265983065178128,0.790252251413224,0.999436863219939,"YOR027W"
"YOR028C",17.3046647389128,1.54893482755393,1.40964675162636,1.09881062455319,0.271850676973547,0.999436863219939,"YOR028C"
"YOR030W",7.31192950054199,0.0972749042521294,2.12277145014237,0.0458244830104556,0.963450144684743,0.999436863219939,"YOR030W"
"YOR032C",5.52506033146872,-16.3326627644899,3.37632220010959,-4.83741236661588,1.31540348006061e-06,0.000245076110878793,"YOR032C"
"YOR033C",9.6031142432596,0.474323195856823,1.78629648673964,0.26553441681037,0.790597800331805,0.999436863219939,"YOR033C"
"YOR034C",19.7246732691519,0.841746975562017,2.07942547347057,0.404797857052861,0.685626104117144,0.999436863219939,"YOR034C"
"YOR035C",6.12254469990421,-3.29237061802217,2.33705736293587,-1.40876756824069,0.158903907947743,0.999436863219939,"YOR035C"
"YOR036W",24.7000606393903,0.883648997509848,1.59027177690377,0.555659108300529,0.5784439157737,0.999436863219939,"YOR036W"
"YOR037W",0.82524251744608,0.442433977870493,4.49988018283002,0.0983212796551044,0.921677181326247,0.999436863219939,"YOR037W"
"YOR038C",18.3262668473345,1.52651227686952,1.98028440331548,0.770855072288487,0.440792839776856,0.999436863219939,"YOR038C"
"YOR039W",31.5242284333769,-0.49200855124453,1.24786885022021,-0.394279055172911,0.693375025019046,0.999436863219939,"YOR039W"
"YOR040W",21.3842138284815,-4.09762945757067,1.95246135432837,-2.09869939217323,0.0358434082978058,0.917167301567517,"YOR040W"
"YOR042W",14.5061859631802,1.21764177383174,1.40383797306111,0.86736631804925,0.385741330563272,0.999436863219939,"YOR042W"
"YOR043W",23.5361595973539,-0.0608047242629118,1.27065633474353,-0.0478530052543158,0.961833392825108,0.999436863219939,"YOR043W"
"YOR044W",2.27709622468654,-1.04922823903733,3.18207211217832,-0.329731131806146,0.741603128300296,0.999436863219939,"YOR044W"
"YOR045W",29.1127251534435,0.0771100929615137,0.554060230016607,0.139172762786462,0.88931363116561,0.999436863219939,"YOR045W"
"YOR046C",31.8215262323958,0.888008756831406,1.1330326117961,0.783745099290412,0.433189693790295,0.999436863219939,"YOR046C"
"YOR047C",7.00290330556532,-0.774399288873173,1.77905051607754,-0.435287970675825,0.663353415335856,0.999436863219939,"YOR047C"
"YOR048C",46.9604347583478,1.16824834487481,1.1709367104794,0.997704089742397,0.318422869475749,0.999436863219939,"YOR048C"
"YOR049C",23.730621177443,-1.8996785847525,1.97233046122604,-0.96316445042968,0.335465002157783,0.999436863219939,"YOR049C"
"YOR050C",0.790591827188936,0.4500537585465,4.82666736332993,0.0932431685609274,0.925710380199252,0.999436863219939,"YOR050C"
"YOR051C",19.5080276559438,-0.302665545097291,1.13564745386137,-0.266513647407198,0.789843650265277,0.999436863219939,"YOR051C"
"YOR052C",19.2238633601057,1.12874936937235,0.828392437480946,1.36257807085342,0.173015523905717,0.999436863219939,"YOR052C"
"YOR054C",9.80433445623629,-0.963299986714046,1.64301284680247,-0.586300946209132,0.557673295290442,0.999436863219939,"YOR054C"
"YOR055W",0.29503894819582,-1.19190109537167,5.06608193126909,-0.235270789446764,0.813998565498924,0.999436863219939,"YOR055W"
"YOR056C",17.5424713665051,-3.64387888532659,1.25119737245224,-2.91231340918251,0.00358762471224702,0.329067977452565,"YOR056C"
"YOR057W",23.5180192513309,0.994366891446777,1.18469442457025,0.839344619864724,0.401275951190375,0.999436863219939,"YOR057W"
"YOR058C",16.0206074487819,0.730661986348946,1.83260775353059,0.398700695738789,0.690113755162434,0.999436863219939,"YOR058C"
"YOR059C",33.6210494737565,-0.693921825433237,1.57659199245896,-0.440140396978009,0.659835425175999,0.999436863219939,"YOR059C"
"YOR060C",11.0786541385671,0.202594039924504,2.20627602355162,0.0918262437527525,0.926836092648799,0.999436863219939,"YOR060C"
"YOR061W",24.4652826344515,-0.428556402548769,1.17614957586033,-0.364372364998974,0.715579968708082,0.999436863219939,"YOR061W"
"YOR062C",25.7876644333011,-0.687719455784589,1.15612457409387,-0.59484892129691,0.551944463055094,0.999436863219939,"YOR062C"
"YOR063W",1039.43202501888,-0.0634292068872643,0.183709439376677,-0.345269176709038,0.7298920169059,0.999436863219939,"YOR063W"
"YOR064C",16.192594251374,1.34918455666719,1.83335002646982,0.735912148355593,0.461784163605578,0.999436863219939,"YOR064C"
"YOR065W",15.2660607950856,-0.85135546176485,1.67568040420939,-0.508065535424419,0.611407384160945,0.999436863219939,"YOR065W"
"YOR066W",10.8255040377832,-0.99845071500747,2.25939902264736,-0.441909864083049,0.658554432391682,0.999436863219939,"YOR066W"
"YOR067C",9.99536552824813,1.08210358271415,2.10039337006775,0.515190915251865,0.606419616739996,0.999436863219939,"YOR067C"
"YOR069W",11.4408116530475,-1.72609300749533,1.61240075052742,-1.07051116599314,0.284389285662238,0.999436863219939,"YOR069W"
"YOR070C",9.9075310839652,1.50029513816975,2.17672567715776,0.68924401173452,0.490669724606265,0.999436863219939,"YOR070C"
"YOR071C",15.7865774497974,0.763548234503067,2.02788156710654,0.376525062847988,0.706526586580257,0.999436863219939,"YOR071C"
"YOR072W",1.47361844150521,-2.31250284426873,3.32644251695711,-0.695187977089745,0.486937505960458,0.999436863219939,"YOR072W"
"YOR073W",17.0148214829331,-1.3328943082749,1.78571500498756,-0.746420511980959,0.455413432188525,0.999436863219939,"YOR073W"
"YOR074C",7.40943947944775,5.77861772636808,2.32053628726853,2.49020787051342,0.0127668401259118,0.602504869681994,"YOR074C"
"YOR075W",10.1013852358183,-2.87278314148576,1.92965872354504,-1.48875192614789,0.136552705789162,0.999436863219939,"YOR075W"
"YOR076C",9.36467815322683,1.88798650034325,1.98290145669829,0.952133296370115,0.341029384570713,0.999436863219939,"YOR076C"
"YOR077W",0.769490886757938,-1.89393838392197,4.37675196126344,-0.432726917285769,0.665213172364021,0.999436863219939,"YOR077W"
"YOR078W",12.0954315056515,-1.7894213359307,1.13332764144156,-1.57890910845042,0.114356906487576,0.999436863219939,"YOR078W"
"YOR079C",1.47793381220165,0.723873901325989,2.94143841613946,0.24609520884549,0.805608531839201,0.999436863219939,"YOR079C"
"YOR080W",17.9696773584334,1.49449146771389,1.72797398996553,0.864880765794227,0.387104235573217,0.999436863219939,"YOR080W"
"YOR081C",7.50634549522544,1.32249912403792,1.83695093429178,0.719942541387365,0.471560373702928,0.999436863219939,"YOR081C"
"YOR083W",1.7244021206976,1.2819089233379,2.19286429369782,0.584581967530795,0.558828835605139,0.999436863219939,"YOR083W"
"YOR084W",1.86731816927988,2.04489011032572,3.47817635762083,0.587920191523723,0.556585862857702,0.999436863219939,"YOR084W"
"YOR085W",24.4787000991023,1.89433698325624,1.2570643897363,1.50695302382531,0.131822698715483,0.999436863219939,"YOR085W"
"YOR086C",37.8750866718692,-1.22431119155791,0.982064610572528,-1.24667071634335,0.212518260456582,0.999436863219939,"YOR086C"
"YOR087W",24.8352650059217,-0.0499753285259313,1.81930150005007,-0.0274695142748775,0.978085254752255,0.999436863219939,"YOR087W"
"YOR089C",37.7028329865451,-0.276973597788534,1.06646358349132,-0.259712194655345,0.795085785369809,0.999436863219939,"YOR089C"
"YOR090C",25.0226662809096,1.09513502431064,1.4914805116197,0.734260364636852,0.462790069415037,0.999436863219939,"YOR090C"
"YOR091W",18.3925066463064,0.409532016723496,1.15709647764527,0.353930743577153,0.723390786350106,0.999436863219939,"YOR091W"
"YOR092W",25.6907954819652,0.46951049363454,1.22819652450759,0.382276357460606,0.70225638942838,0.999436863219939,"YOR092W"
"YOR093C",80.2009763955927,1.22145957161366,1.48929347731026,0.820160425210267,0.412124659151594,0.999436863219939,"YOR093C"
"YOR094W",12.1071261031224,-1.55708555457981,1.4182472389022,-1.09789429647335,0.272250648778548,0.999436863219939,"YOR094W"
"YOR095C",16.8426351370481,0.770495307058178,1.46491127134255,0.525967218719015,0.598910983647391,0.999436863219939,"YOR095C"
"YOR096W",203.712078869982,-0.322864001378443,0.307848886421163,-1.04877430330132,0.294282006955369,0.999436863219939,"YOR096W"
"YOR097C",8.27313227936165,-0.387173285937939,1.52762993859796,-0.253447039859196,0.799922781363857,0.999436863219939,"YOR097C"
"YOR098C",41.868112215829,1.07549497568376,1.14138124272582,0.942274969505625,0.346051879767341,0.999436863219939,"YOR098C"
"YOR099W",32.5915643228981,-1.26046191992721,1.13931591961578,-1.10633222816046,0.26858274735081,0.999436863219939,"YOR099W"
"YOR100C",1.24379544023326,0.80062545281078,4.85458002036867,0.164921671792729,0.869005634347274,0.999436863219939,"YOR100C"
"YOR101W",12.182574474947,0.556713941862767,1.56851473179347,0.354930642714596,0.722641551516309,0.999436863219939,"YOR101W"
"YOR102W",0.456160673583094,-0.0246414607255741,1.41340427188033,-0.0174341207365903,0.986090288876129,0.999436863219939,"YOR102W"
"YOR103C",1.66616510219301,-0.134535081460287,1.58480796447503,-0.0848904627412395,0.932348474047568,0.999436863219939,"YOR103C"
"YOR104W",2.58832534089998,0.275992976082157,2.74832164586562,0.100422371048651,0.920009010009853,0.999436863219939,"YOR104W"
"YOR105W",0.437739865838915,0.0173736102765495,2.84654358219103,0.0061034056830343,0.995130217071712,0.999436863219939,"YOR105W"
"YOR106W",4.54933888766127,-4.29541130981411,2.26665435103277,-1.8950446978636,0.0580864802315619,0.999436863219939,"YOR106W"
"YOR107W",1.46266834498814,-2.55978372084793,3.23882882023834,-0.790342393167775,0.429327835174269,0.999436863219939,"YOR107W"
"YOR108W",28.3765041761648,0.860068271424726,1.79213616663767,0.479912345632949,0.631289722301084,0.999436863219939,"YOR108W"
"YOR109W",19.991705677585,-0.390101951481759,1.36249214179494,-0.286315010204639,0.774636862657152,0.999436863219939,"YOR109W"
"YOR110W",6.61278845279054,0.948053802552086,1.86554854936307,0.508190367318914,0.611319845579451,0.999436863219939,"YOR110W"
"YOR111W",3.53217905909252,-0.109905060188657,2.60295196994732,-0.0422232378689961,0.966320737936027,0.999436863219939,"YOR111W"
"YOR112W",9.7931666269823,-5.00036571224365,2.10646836652224,-2.37381476584868,0.0176053801015778,0.672250780778384,"YOR112W"
"YOR113W",5.75789202494922,0.508519943484701,2.42783505075697,0.209454074454585,0.834093783458775,0.999436863219939,"YOR113W"
"YOR114W",0.745549526807196,0.239233883713856,5.07085675728998,0.0471781979189074,0.96237120371002,0.999436863219939,"YOR114W"
"YOR115C",13.0967802865325,-1.07033270923021,1.73627070297579,-0.616454972946196,0.537594280909048,0.999436863219939,"YOR115C"
"YOR116C",37.1340801589489,-0.501433519578268,1.51404727953143,-0.331187490877731,0.740502868400019,0.999436863219939,"YOR116C"
"YOR117W",48.8396412936104,-0.396097296525315,0.679077639667986,-0.583287202210008,0.559699976337887,0.999436863219939,"YOR117W"
"YOR118W",13.0971221035407,3.05082643876307,1.58083734119498,1.92988004474699,0.0536217025122467,0.999436863219939,"YOR118W"
"YOR119C",34.0783253961666,3.31524605018949,1.72983518806377,1.91650977680729,0.0553002399593256,0.999436863219939,"YOR119C"
"YOR120W",47.8388599742391,1.74771781312834,1.45240493653197,1.20332681965507,0.22884987446049,0.999436863219939,"YOR120W"
"YOR121C",8.93612195900177,0.471986164660758,0.553366558607426,0.85293582945911,0.393694891038264,0.999436863219939,"YOR121C"
"YOR122C",102.763938569713,0.204807064238724,0.430475468588339,0.47576942052087,0.634238657712933,0.999436863219939,"YOR122C"
"YOR123C",22.9608896925193,-0.0200781489925723,1.03808554611987,-0.019341516763835,0.984568664526656,0.999436863219939,"YOR123C"
"YOR124C",65.7975982386116,1.2470513319325,0.962213898554114,1.29602298803457,0.194967565140973,0.999436863219939,"YOR124C"
"YOR125C",3.6844852647894,-1.71807618137189,2.53826134996496,-0.676871269144764,0.498487634560726,0.999436863219939,"YOR125C"
"YOR126C",15.5744279046858,1.3068886075608,1.53660626444913,0.850503240678459,0.395045359483263,0.999436863219939,"YOR126C"
"YOR127W",27.7087093251484,-0.867778678739678,1.49407107035247,-0.580814859453077,0.561365239162185,0.999436863219939,"YOR127W"
"YOR128C",29.8728720665567,-0.00568164422642945,1.44310683138946,-0.00393709190674332,0.996858663268632,0.999436863219939,"YOR128C"
"YOR129C",1.26285058523952,-2.64771371301055,4.04974758362294,-0.653797220280549,0.513242457603201,0.999436863219939,"YOR129C"
"YOR130C",18.7630206208309,-2.93492126884761,2.03317369513473,-1.44351723410091,0.148874821225009,0.999436863219939,"YOR130C"
"YOR131C",17.7104544002168,0.58789253303316,1.26636317340839,0.464236915110898,0.642478015863893,0.999436863219939,"YOR131C"
"YOR132W",23.1543928747466,0.643546273425274,1.36706598104812,0.470749972822724,0.637819293467818,0.999436863219939,"YOR132W"
"YOR133W",121.982578368187,-0.0805561581132968,0.351882379213828,-0.228929218602178,0.818923930388276,0.999436863219939,"YOR133W"
"YOR134W",12.2139914172211,0.20336753503353,2.48801898336049,0.0817387392916304,0.934854471913889,0.999436863219939,"YOR134W"
"YOR135C",1.00915475972612,0.0628610284973715,1.35424087827856,0.0464179079997032,0.962977163376941,0.999436863219939,"YOR135C"
"YOR136W",125.174007239251,1.30016408263305,0.803918941478405,1.6172825586645,0.1058173023765,0.999436863219939,"YOR136W"
"YOR137C",27.5471898134223,-2.22814272860181,2.46532713462011,-0.903791913581137,0.366105750399738,0.999436863219939,"YOR137C"
"YOR138C",16.3740907572071,-0.63246855345119,1.97053995443835,-0.320962055109134,0.748239146405658,0.999436863219939,"YOR138C"
"YOR139C",1.22890660564509,-2.04500546838093,1.87380314342294,-1.09136622785532,0.275111766679272,0.999436863219939,"YOR139C"
"YOR140W",41.4183141423564,-2.40186164802559,1.562466461886,-1.53722445032605,0.124238354844623,0.999436863219939,"YOR140W"
"YOR141C",18.3709516142247,0.364399184834392,1.19422072523035,0.305135539130845,0.760262924760688,0.999436863219939,"YOR141C"
"YOR142W",38.5087319632436,0.319142874222372,1.06651279340946,0.299239611746359,0.764757227355559,0.999436863219939,"YOR142W"
"YOR143C",10.3053116385429,0.561622198639103,2.01528061063318,0.27868188463474,0.780488965930985,0.999436863219939,"YOR143C"
"YOR144C",5.00688144997229,-2.2050421369436,2.46701227462215,-0.893810768445133,0.371423146619881,0.999436863219939,"YOR144C"
"YOR145C",11.6175628617351,2.06943982813877,1.44426983179615,1.43286232432421,0.15189718604643,0.999436863219939,"YOR145C"
"YOR147W",12.2538058730652,-0.804495188874633,1.69886638930747,-0.473548240131219,0.635822093044319,0.999436863219939,"YOR147W"
"YOR148C",7.01432423708823,2.52112456738444,1.50057475051275,1.68010595041864,0.0929367033676754,0.999436863219939,"YOR148C"
"YOR149C",9.45517581888662,-3.71894356019312,2.24812589640361,-1.65424168021125,0.0980784172645784,0.999436863219939,"YOR149C"
"YOR150W",25.784780808494,-0.990057826560783,1.08829143266195,-0.909735937311488,0.362961786861899,0.999436863219939,"YOR150W"
"YOR151C",274.943245791482,0.264698126058763,0.492655171861945,0.537288840505542,0.591068112657933,0.999436863219939,"YOR151C"
"YOR152C",15.6718847904273,-4.58221548780144,1.89379200880138,-2.41959806911511,0.0155376704312917,0.650598670874556,"YOR152C"
"YOR153W",278.117112634389,1.52558343683337,0.681346753038241,2.23907053204632,0.0251513272759806,0.772949552677302,"YOR153W"
"YOR154W",7.50612608637891,1.62637576789177,3.01109122368236,0.54012836114039,0.589108513035753,0.999436863219939,"YOR154W"
"YOR155C",13.1859120706051,-3.05949767934603,1.82231189997817,-1.67891000403536,0.0931695845407211,0.999436863219939,"YOR155C"
"YOR156C",2.43858820874522,1.40736857726998,3.17553206235339,0.443191424188291,0.657627281336399,0.999436863219939,"YOR156C"
"YOR157C",64.2047124932761,-0.911350948320823,0.867220685086134,-1.05088700488078,0.293310489494145,0.999436863219939,"YOR157C"
"YOR158W",20.3920976762129,0.587616429180303,1.01586623561424,0.578438783158299,0.562967916195217,0.999436863219939,"YOR158W"
"YOR159C",8.96971646644654,1.00952371315128,1.33413307584244,0.756688917643259,0.449236255871015,0.999436863219939,"YOR159C"
"YOR160W",19.1025913489767,-1.94607638622688,1.97510800686978,-0.985301249075025,0.324476119365008,0.999436863219939,"YOR160W"
"YOR161C",40.09529947215,-0.224569424904422,1.40287040112605,-0.160078525232384,0.872819217396542,0.999436863219939,"YOR161C"
"YOR162C",31.3919167778562,0.252153001630434,1.50437567687218,0.167613054044252,0.866887700854589,0.999436863219939,"YOR162C"
"YOR163W",25.6329997666054,0.993279729775104,0.851965280939757,1.16586878831432,0.24366749994466,0.999436863219939,"YOR163W"
"YOR164C",31.271527542207,0.457740768192469,1.06088790946137,0.431469492780694,0.666127030209115,0.999436863219939,"YOR164C"
"YOR165W",28.4121195683637,1.08012209020384,1.20174291105602,0.898796306819647,0.368761167637812,0.999436863219939,"YOR165W"
"YOR166C",0.642146194199777,-0.057052513129599,3.82914456019192,-0.0148995453769809,0.988112322619387,0.999436863219939,"YOR166C"
"YOR167C",83.3635584197011,-0.0940872897250856,0.337775019742696,-0.278550171640157,0.780590056867476,0.999436863219939,"YOR167C"
"YOR168W",31.5025808234834,-1.16923871176252,0.88381841209059,-1.32293997926203,0.18585533870385,0.999436863219939,"YOR168W"
"YOR169C",1.5588935353252,-0.511564662859058,0.9984489520242,-0.512359356802308,0.608399530335733,0.999436863219939,"YOR169C"
"YOR170W",2.27519915915842,-3.0948941052733,1.69407310289258,-1.82689525026332,0.0677155205527899,0.999436863219939,"YOR170W"
"YOR171C",24.7345680507328,-0.326427883527072,1.50761496542926,-0.216519397201745,0.828582906960689,0.999436863219939,"YOR171C"
"YOR172W",19.6573433325447,0.289439092891583,1.97166058896851,0.146799654317281,0.883290157543153,0.999436863219939,"YOR172W"
"YOR173W",114.320313679501,1.14827230379958,1.62329173313693,0.707372729349518,0.479334879367707,0.999436863219939,"YOR173W"
"YOR174W",7.19711247317821,-1.78494686357498,1.9106784824174,-0.93419530287307,0.350203158228235,0.999436863219939,"YOR174W"
"YOR175C",19.676240951912,0.567064975187746,1.50280987252649,0.377336471868135,0.705923571328456,0.999436863219939,"YOR175C"
"YOR176W",19.49556193079,1.28561226389459,1.31455272744925,0.977984554784033,0.328081963136116,0.999436863219939,"YOR176W"
"YOR177C",0.620600101102155,-1.41784600846588,5.06693424770115,-0.279823249948261,0.779613113107269,0.999436863219939,"YOR177C"
"YOR178C",9.40320044275298,4.91677398765663,3.10420567095775,1.58390728863646,0.113214818508447,0.999436863219939,"YOR178C"
"YOR179C",5.80616331214997,-0.711485429038897,1.8274183697467,-0.389339103085364,0.697025313650882,0.999436863219939,"YOR179C"
"YOR180C",0.433347391071682,2.38847190863901,5.06404528940182,0.471652951769146,0.637174524250676,0.999436863219939,"YOR180C"
"YOR181W",14.4239852590387,0.186276070949014,1.4066523542013,0.132425094510848,0.894648066915208,0.999436863219939,"YOR181W"
"YOR182C",70.3731967835945,0.206348144014121,0.341968967135835,0.603411899455067,0.546234708087756,0.999436863219939,"YOR182C"
"YOR183W",0.249995901154459,-0.54158731701591,3.82494554307909,-0.141593471309903,0.887401124113996,0.999436863219939,"YOR183W"
"YOR184W",72.4420540469137,-0.160245664161833,0.876827576859215,-0.182756186496587,0.854989327641748,0.999436863219939,"YOR184W"
"YOR185C",19.2958846544294,-2.19594883437907,1.15028026759181,-1.9090554678265,0.0562549366167192,0.999436863219939,"YOR185C"
"YOR186W",0.256873067856567,3.81075724079907,5.05350292639216,0.754082325924302,0.450799789365043,0.999436863219939,"YOR186W"
"YOR187W",95.8031716432861,0.0451759489464031,0.737366912442032,0.0612665800215909,0.951146906062993,0.999436863219939,"YOR187W"
"YOR188W",27.1290331893309,2.45838324685064,1.38367306431937,1.77670817640721,0.0756162663297501,0.999436863219939,"YOR188W"
"YOR189W",5.39333292974098,-0.19487617876398,1.63446491739262,-0.119229343310015,0.905093659857651,0.999436863219939,"YOR189W"
"YOR190W",0.341666578339736,0.128294942437506,5.0708567572929,0.0253004469615499,0.9798153174226,0.999436863219939,"YOR190W"
"YOR191W",44.6788367793089,-0.537828327476523,1.32662476499246,-0.40541104136525,0.685175396247555,0.999436863219939,"YOR191W"
"YOR192C",6.50451032773269,-4.66886899288161,3.05634750506745,-1.52759756053282,0.126612487829991,0.999436863219939,"YOR192C"
"YOR193W",9.92967361572072,0.737286259333288,1.83528304725542,0.401728910663599,0.687883545289861,0.999436863219939,"YOR193W"
"YOR194C",20.3557455964218,0.873683475534034,1.07540676666072,0.812421404271929,0.416549868429475,0.999436863219939,"YOR194C"
"YOR195W",9.34942417469603,0.233058057903693,1.47564880478682,0.157935992051552,0.874507236418616,0.999436863219939,"YOR195W"
"YOR196C",13.3296877236789,0.284956118319946,2.48169709200099,0.114823085878779,0.908585350194333,0.999436863219939,"YOR196C"
"YOR197W",103.39466747589,-1.38350254609651,0.909225315802098,-1.52162783201435,0.128102359709388,0.999436863219939,"YOR197W"
"YOR198C",68.6285671334813,-0.19555547020061,0.470666832458644,-0.415485980133927,0.677786176325557,0.999436863219939,"YOR198C"
"YOR199W",0.604720245013366,0.320626478596136,1.2335641939507,0.259918762370425,0.794926438263562,0.999436863219939,"YOR199W"
"YOR201C",19.4527968613753,0.100911860192793,1.68292002460177,0.0599623622736749,0.952185611279976,0.999436863219939,"YOR201C"
"YOR203W",2.11136547201459,1.11470556842531,1.23411364982998,0.903243853253612,0.366396488170598,0.999436863219939,"YOR203W"
"YOR204W",37.730195933952,-1.25208743476609,0.964287761989049,-1.29845828612757,0.194129901506558,0.999436863219939,"YOR204W"
"YOR205C",4.58347253352505,1.28756474889217,2.81388114594702,0.457576095830029,0.647257020454616,0.999436863219939,"YOR205C"
"YOR206W",18.9486306078242,-1.85150103274707,0.972193323964304,-1.90445767020619,0.0568506045493877,0.999436863219939,"YOR206W"
"YOR207C",55.1634593630726,-0.170427071529857,1.21251786755404,-0.140556338253103,0.888220442737923,0.999436863219939,"YOR207C"
"YOR208W",21.3524047875439,-0.120269569624439,1.51520089119574,-0.0793753292538834,0.936734091118562,0.999436863219939,"YOR208W"
"YOR209C",39.0603615593933,-1.1447001417425,1.13819189638553,-1.00571805631163,0.314551214878174,0.999436863219939,"YOR209C"
"YOR210W",19.4111112925297,0.4435490603377,0.777668594295029,0.570357429362035,0.56843529681759,0.999436863219939,"YOR210W"
"YOR211C",22.1521732222201,-1.72806712252949,1.84969276600849,-0.934245488918973,0.350177275864723,0.999436863219939,"YOR211C"
"YOR212W",33.103350370062,-0.193191999262345,1.47457688946649,-0.131015208933759,0.895763276122176,0.999436863219939,"YOR212W"
"YOR213C",8.3229581093978,-0.840763248279242,1.81868424475762,-0.462292039260114,0.64387190764968,0.999436863219939,"YOR213C"
"YOR215C",17.1012126874234,1.15180173717062,1.20113018125381,0.958931642170793,0.337593183064564,0.999436863219939,"YOR215C"
"YOR216C",18.3086025266837,0.550218962173197,1.3185309516022,0.417296963339845,0.676461209381809,0.999436863219939,"YOR216C"
"YOR217W",15.4956073289154,-0.20785882093902,1.54497761594687,-0.134538402882704,0.892976846003363,0.999436863219939,"YOR217W"
"YOR218C",0.341923098536981,1.23539823166509,1.63621454950635,0.755034376168955,0.450228356337099,0.999436863219939,"YOR218C"
"YOR219C",13.9504212680423,-0.112031123525267,1.64271390735173,-0.0681988038354627,0.94562737915738,0.999436863219939,"YOR219C"
"YOR220W",18.8427390481987,0.685679783215452,1.70604318637335,0.401912324782966,0.687748551971262,0.999436863219939,"YOR220W"
"YOR221C",26.9752943746274,-0.509474881974953,1.76113656216245,-0.289287550392676,0.772361338577285,0.999436863219939,"YOR221C"
"YOR222W",29.4344551249703,0.37671868712491,1.07985410357287,0.348860726535627,0.727193870690756,0.999436863219939,"YOR222W"
"YOR223W",5.46388959325017,-4.96547544900472,2.17697481438739,-2.28090624484419,0.0225539953457134,0.740467556981349,"YOR223W"
"YOR224C",27.0284159682238,-0.766406535131088,0.763604623794987,-1.00366932211879,0.315538028668095,0.999436863219939,"YOR224C"
"YOR225W",5.07749632870932,0.417750154966324,1.00225252072267,0.416811278923106,0.676816451874388,0.999436863219939,"YOR225W"
"YOR226C",16.1557589801314,-1.21423005945686,1.17036676643008,-1.03747824552518,0.299513029107186,0.999436863219939,"YOR226C"
"YOR227W",72.4190395542879,0.556423755402358,1.06954659432385,0.520242650816086,0.602894461779801,0.999436863219939,"YOR227W"
"YOR228C",0.598043907495078,2.16621206017921,5.06582418154437,0.427612957447494,0.668932930672551,0.999436863219939,"YOR228C"
"YOR229W",2.20033596274314,-3.67228091072628,2.42617599748864,-1.51360862300488,0.130125132799165,0.999436863219939,"YOR229W"
"YOR230W",36.296631437551,1.21343274392994,1.16552291220416,1.04110586863983,0.297826416158044,0.999436863219939,"YOR230W"
"YOR231W",28.842156414936,1.9460535463623,1.63144218212172,1.19284248482004,0.23293106786692,0.999436863219939,"YOR231W"
"YOR232W",30.40688658018,-0.0139437007877099,0.767754478129536,-0.0181616665026568,0.985509883288279,0.999436863219939,"YOR232W"
"YOR233W",21.0116653729924,-0.396992727560279,1.7342145492331,-0.228917885469152,0.818932739056064,0.999436863219939,"YOR233W"
"YOR234C",44.0664238807536,-0.223510045116888,0.661276693293305,-0.337997766114754,0.73536487120053,0.999436863219939,"YOR234C"
"YOR235W",0.381600385286751,0.0761115431332963,3.69553195081259,0.0205955581351585,0.983568283810438,0.999436863219939,"YOR235W"
"YOR236W",16.2675051464903,1.06449188427779,1.38354212726266,0.769396076420092,0.441658217103716,0.999436863219939,"YOR236W"
"YOR237W",0.0481766128125394,1.72223264535104,5.06920156624187,0.339744360693837,0.734049051690146,0.999436863219939,"YOR237W"
"YOR238W",6.01549889351508,3.92841816811884,2.05806250308107,1.90879439387177,0.0562886203550139,0.999436863219939,"YOR238W"
"YOR239W",37.7644841393125,2.08641768886391,0.738100897095257,2.82673777673874,0.00470248178037036,0.362169092468282,"YOR239W"
"YOR241W",21.186218419068,-1.00636960402411,1.28474153211138,-0.783324566747851,0.433436540390972,0.999436863219939,"YOR241W"
"YOR242C",0.969167591834071,-0.120582609639871,1.82093178431977,-0.0662202783641979,0.947202452408063,0.999436863219939,"YOR242C"
"YOR243C",33.622440808515,-1.33637176189886,1.10915649110209,-1.20485411447306,0.228259625083012,0.999436863219939,"YOR243C"
"YOR244W",15.436728245185,-0.797399056517596,1.64103042166704,-0.485913634500181,0.627028401003058,0.999436863219939,"YOR244W"
"YOR245C",22.6910764064995,0.624732287445693,1.83539027767228,0.340381168542532,0.733569498292059,0.999436863219939,"YOR245C"
"YOR246C",54.1372897784433,0.971729092809469,1.2281721537519,0.791199417639427,0.428827631283579,0.999436863219939,"YOR246C"
"YOR247W",38.1525522946018,0.336984720101321,0.716388460995579,0.470393841398571,0.638073663369903,0.999436863219939,"YOR247W"
"YOR248W",3.32971503941323,-0.195465771933359,0.594264685666784,-0.32892038959717,0.742215862373714,0.999436863219939,"YOR248W"
"YOR249C",3.48398501073206,-3.14191826658093,1.80359648853901,-1.74202948749695,0.0815032846185641,0.999436863219939,"YOR249C"
"YOR250C",10.7440069407299,-0.338613524573473,2.31319276934663,-0.146383617077065,0.883618559672799,0.999436863219939,"YOR250C"
"YOR251C",22.3438125900642,-1.99619109316032,1.3774771597196,-1.44916456804748,0.147291629856771,0.999436863219939,"YOR251C"
"YOR252W",8.31076102895439,0.399423531553711,1.48985786132833,0.268095059214302,0.788626148849524,0.999436863219939,"YOR252W"
"YOR253W",18.0342173516921,2.14017312750096,1.14059873572176,1.87635937203338,0.0606059494369303,0.999436863219939,"YOR253W"
"YOR254C",45.6985934792243,1.2701249282665,1.06278396002462,1.19509230101392,0.232050969686699,0.999436863219939,"YOR254C"
"YOR256C",14.0158543914276,-1.24836568732286,1.67450303284459,-0.745514139321788,0.45596096673143,0.999436863219939,"YOR256C"
"YOR257W",10.6259657056065,-1.10123877922989,1.27837112259736,-0.861439029530347,0.388996287827853,0.999436863219939,"YOR257W"
"YOR258W",5.3801015977309,0.994358659632979,1.31109162183274,0.758420420872637,0.448199336674687,0.999436863219939,"YOR258W"
"YOR259C",90.7279978904813,-0.829756597941333,0.782625245018853,-1.06022212191909,0.289043559241432,0.999436863219939,"YOR259C"
"YOR260W",49.3569853741906,0.348762150905877,0.966824488982526,0.360729537656736,0.718301641514057,0.999436863219939,"YOR260W"
"YOR261C",65.0371648774362,-0.503143416491339,0.709420680736415,-0.709231391406648,0.478180896206825,0.999436863219939,"YOR261C"
"YOR262W",44.0132219046866,-0.421143317200351,1.29269262918206,-0.325787668076073,0.744585009609991,0.999436863219939,"YOR262W"
"YOR264W",3.2119588709468,-4.91801026252168,2.51229670178737,-1.95757541655918,0.0502798543378895,0.999436863219939,"YOR264W"
"YOR265W",13.0151863135725,-0.278782529700109,0.838668708414627,-0.33241079213162,0.739579090489867,0.999436863219939,"YOR265W"
"YOR266W",1.20218982454349,-3.79557647289521,3.07330484864784,-1.23501463727725,0.216825056629629,0.999436863219939,"YOR266W"
"YOR267C",61.2689171590704,1.41508290850017,0.879937642347515,1.60816271562719,0.10779954657423,0.999436863219939,"YOR267C"
"YOR269W",3.00126186625595,4.38076683254359,2.78692027531972,1.57190245854486,0.11597317430007,0.999436863219939,"YOR269W"
"YOR270C",68.9774375052669,1.30161807987135,0.842701744452627,1.5445774123997,0.122448513219074,0.999436863219939,"YOR270C"
"YOR271C",19.7312988959344,1.19914258269764,1.35031624288389,0.888045736705809,0.374516149563321,0.999436863219939,"YOR271C"
"YOR272W",31.7212250386889,-1.68812586047582,1.65267559168018,-1.0214502283292,0.307041178487898,0.999436863219939,"YOR272W"
"YOR273C",22.5183618102452,-0.952091720289607,1.64354575397155,-0.579291278012141,0.562392649680082,0.999436863219939,"YOR273C"
"YOR274W",11.8441417592499,-2.55414903831818,1.69987116003295,-1.50255448669926,0.132953967418371,0.999436863219939,"YOR274W"
"YOR275C",39.6042298956873,-0.201739882530691,1.28025891874262,-0.157577408426747,0.874789806600107,0.999436863219939,"YOR275C"
"YOR276W",8.23285421304806,0.399524513905324,0.721385193106029,0.553829656781716,0.579695429864894,0.999436863219939,"YOR276W"
"YOR278W",13.875773860979,1.88477842151261,2.03851676635691,0.924583232582849,0.355182738217668,0.999436863219939,"YOR278W"
"YOR279C",1.49184356400916,-0.853853069964012,2.19365690165633,-0.389237291081986,0.697100619966597,0.999436863219939,"YOR279C"
"YOR280C",6.59563948712013,2.88970892147864,2.02189597381638,1.42920751556977,0.152944598221594,0.999436863219939,"YOR280C"
"YOR281C",8.58913884278712,-0.545476574279407,1.2923073362749,-0.422095084480255,0.672955615680751,0.999436863219939,"YOR281C"
"YOR283W",4.13558967644175,-1.65444029230417,2.52110888603395,-0.656235159643115,0.511672829741721,0.999436863219939,"YOR283W"
"YOR284W",0.424272587391791,-0.803261556211891,5.07020866869854,-0.158427711500497,0.874119778898783,0.999436863219939,"YOR284W"
"YOR285W",118.277295571925,0.636532227714793,0.496273535134545,1.28262376018544,0.199623921768723,0.999436863219939,"YOR285W"
"YOR286W",26.0380077017033,0.401769391684157,1.0210939576497,0.393469561419136,0.693972701254982,0.999436863219939,"YOR286W"
"YOR287C",3.88323761450834,0.670060350942033,1.92367668975664,0.348322748053261,0.727597811801102,0.999436863219939,"YOR287C"
"YOR288C",2.17506581266866,1.52436746507321,2.78800658211141,0.546758919026219,0.584544369834032,0.999436863219939,"YOR288C"
"YOR289W",8.2586521308167,0.529933678365432,2.09491070034567,0.252962419008118,0.800297254158391,0.999436863219939,"YOR289W"
"YOR290C",109.766185840473,1.36180518665533,0.872846686721643,1.56018829809641,0.118715390137208,0.999436863219939,"YOR290C"
"YOR291W",12.021900637731,0.682309659203941,2.16128024203831,0.315696986412301,0.752232514308549,0.999436863219939,"YOR291W"
"YOR292C",4.96296045012854,1.6541265889164,2.39564644585397,0.690471914910112,0.489897465697373,0.999436863219939,"YOR292C"
"YOR293W",225.982305855777,0.480919956429049,0.384251663464373,1.25157547033922,0.210724597459759,0.999436863219939,"YOR293W"
"YOR294W",20.9558183167757,1.72234536223404,1.21556506528272,1.41690923129109,0.156509467208697,0.999436863219939,"YOR294W"
"YOR295W",5.00385879972746,-2.26371629909269,2.22341927408646,-1.01812389839194,0.308619079378922,0.999436863219939,"YOR295W"
"YOR296W",4.11993860225093,4.32043736108118,2.22836858478074,1.93883426224405,0.0525215226713869,0.999436863219939,"YOR296W"
"YOR297C",10.9565785722872,-1.05712460091536,1.92567347076992,-0.548963579216108,0.583030444374608,0.999436863219939,"YOR297C"
"YOR298W",9.98105321504262,0.368929184112999,0.642285020801231,0.574401040293251,0.565696449122592,0.999436863219939,"YOR298W"
"YOR299W",29.6536166520006,0.0061143343762109,1.86227085735623,0.00328326803378705,0.997380335833462,0.999436863219939,"YOR299W"
"YOR301W",30.0202000749618,0.0616779344522165,1.81978886585992,0.0338929068142591,0.972962549482427,0.999436863219939,"YOR301W"
"YOR302W",14.5188504790321,2.02751597525509,1.06714359888912,1.89994671510536,0.0574401126495399,0.999436863219939,"YOR302W"
"YOR303W",243.656118076651,1.17932648747611,0.712200094736715,1.6558920676809,0.0977436782940834,0.999436863219939,"YOR303W"
"YOR304C-A",1.93296703153495,-4.1131888571399,2.19538478236238,-1.87356170553111,0.0609908603501848,0.999436863219939,"YOR304C-A"
"YOR304W",19.7543783331378,-0.35374623050725,1.2732782677053,-0.277823190326473,0.781148088408647,0.999436863219939,"YOR304W"
"YOR305W",11.7153703448226,-0.809519985459,1.32765852239363,-0.609735087603339,0.542037307493147,0.999436863219939,"YOR305W"
"YOR306C",13.1412649175757,-2.62684143694683,2.53333387522476,-1.03691087173173,0.299777396746182,0.999436863219939,"YOR306C"
"YOR307C",2.45090772855557,2.96005930189284,2.20584024838026,1.34191916394055,0.179622207309594,0.999436863219939,"YOR307C"
"YOR308C",7.09744787074051,0.853931070872517,2.07865326919222,0.410809769733439,0.681212028829137,0.999436863219939,"YOR308C"
"YOR309C",5.11373545405865,-0.340572256499767,0.695791494296149,-0.489474590148999,0.624505739690719,0.999436863219939,"YOR309C"
"YOR310C",84.2411966065364,-0.699968341483105,0.838733445739803,-0.834553987370444,0.403968878281455,0.999436863219939,"YOR310C"
"YOR311C",21.4175538901503,-1.68140609777256,1.54306457424261,-1.08965374867598,0.275865697086192,0.999436863219939,"YOR311C"
"YOR312C",253.281259726441,-0.106223041009941,0.307281383781725,-0.34568654860457,0.729578294409939,0.999436863219939,"YOR312C"
"YOR315W",6.69463349497575,0.932256426907207,1.73116338263102,0.538514409593372,0.590221959737435,0.999436863219939,"YOR315W"
"YOR316C",20.576681939827,0.381530557085496,1.60570895793069,0.237608786574363,0.812184534971885,0.999436863219939,"YOR316C"
"YOR317W",44.7227872675605,0.861052557818096,1.02252782819598,0.842082273044075,0.399741903094381,0.999436863219939,"YOR317W"
"YOR318C",0.537837384089696,-2.25364099461726,4.16446650117521,-0.541159592466715,0.588397586221582,0.999436863219939,"YOR318C"
"YOR319W",7.85424107367294,0.516127103603018,2.35516380001555,0.219147009477477,0.826535532390364,0.999436863219939,"YOR319W"
"YOR320C",22.819125794623,-0.0505735030194534,1.72152372422575,-0.0293771745969976,0.976563776979421,0.999436863219939,"YOR320C"
"YOR321W",9.38176007103485,0.318355905497236,1.9896816203281,0.160003440874495,0.872878363714681,0.999436863219939,"YOR321W"
"YOR322C",41.9020012571546,1.31409447410013,1.29469355541642,1.01498495037884,0.310113001456295,0.999436863219939,"YOR322C"
"YOR323C",62.5687562588077,0.205818275520184,0.727756262152855,0.282812098258462,0.777320879720445,0.999436863219939,"YOR323C"
"YOR324C",12.1133373616323,-0.575609539393943,2.24889959332584,-0.255951640127557,0.797988179259848,0.999436863219939,"YOR324C"
"YOR326W",73.9857432167004,0.79214356113819,0.957475614883627,0.827325050188843,0.408052849102725,0.999436863219939,"YOR326W"
"YOR327C",12.050256368824,0.0691674485165006,1.00676292643557,0.0687028164231143,0.945226176321974,0.999436863219939,"YOR327C"
"YOR328W",23.7785961142711,0.674238935685236,2.21611553056741,0.304243585853398,0.760942320988992,0.999436863219939,"YOR328W"
"YOR329C",23.2696512812206,0.302416287955916,1.51701683084386,0.199349329425497,0.841989494147329,0.999436863219939,"YOR329C"
"YOR330C",53.3587652283113,-0.12385298889985,1.0773942070383,-0.114956056094189,0.90847995321267,0.999436863219939,"YOR330C"
"YOR332W",48.26722405845,-0.122675319995487,0.425967257696549,-0.287992369786502,0.773352579384168,0.999436863219939,"YOR332W"
"YOR334W",6.20337347112755,-5.42165616879547,2.8261350003293,-1.91839956978833,0.0550603655716154,0.999436863219939,"YOR334W"
"YOR335C",87.5771048412205,-0.876708931866888,0.71686873800392,-1.22296996003485,0.221341042589627,0.999436863219939,"YOR335C"
"YOR336W",32.4039342135514,-0.0286070906475271,1.35902468347184,-0.0210497211680113,0.983205992691577,0.999436863219939,"YOR336W"
"YOR337W",1.98978120576736,0.0761158926609642,2.45588896837579,0.0309932141237247,0.975274951419445,0.999436863219939,"YOR337W"
"YOR338W",0.148354104706307,0.461224773362763,5.07085675729478,0.0909559854356483,0.927527564561216,0.999436863219939,"YOR338W"
"YOR339C",0.0836261901627022,-1.15977667829386,5.06886318370571,-0.228804099905884,0.819021180052518,0.999436863219939,"YOR339C"
"YOR340C",20.175590259041,-0.866424736972585,1.27672097252985,-0.678632806709321,0.497370550571674,0.999436863219939,"YOR340C"
"YOR341W",95.8243091444643,0.142142023212691,0.973270395858198,0.14604576879928,0.883885257474056,0.999436863219939,"YOR341W"
"YOR342C",8.55357014512627,1.07681555881024,2.0190058549873,0.533339492874832,0.593798594148073,0.999436863219939,"YOR342C"
"YOR343C",1.33618982286742,-0.702586367570776,5.07038956585908,-0.13856654571506,0.889792680874045,0.999436863219939,"YOR343C"
"YOR344C",15.4999067339942,-1.4202005882219,1.68082095107662,-0.844944601215387,0.398141770609042,0.999436863219939,"YOR344C"
"YOR346W",19.4306366961243,1.20873380279337,1.32278430766023,0.913779968354332,0.360832474213151,0.999436863219939,"YOR346W"
"YOR347C",11.9774208345516,-0.0703801543831573,1.26700834468969,-0.0555482958562476,0.955701654787598,0.999436863219939,"YOR347C"
"YOR348C",3.37516343250091,-1.0630348845575,4.45532801960219,-0.238598567800271,0.811416875788452,0.999436863219939,"YOR348C"
"YOR349W",1.25741761614626,1.14446103252753,3.70698252912047,0.308731164373484,0.757526035376318,0.999436863219939,"YOR349W"
"YOR350C",0.796025955843936,-0.0475138946836884,3.37948902854903,-0.0140594907343399,0.988782518970103,0.999436863219939,"YOR350C"
"YOR351C",0.0893485322044148,0.461230894680235,5.07085675729643,0.0909571925920748,0.92752660536572,0.999436863219939,"YOR351C"
"YOR352W",5.67626115030668,4.91162610233631,2.17402680842574,2.2592297773425,0.0238690954565218,0.756955037828633,"YOR352W"
"YOR353C",15.9010306460354,-5.10691058130092,1.7804624794484,-2.86830564544279,0.00412676655900377,0.337950340314031,"YOR353C"
"YOR354C",16.5347513614429,-0.346049234701767,1.83432351520389,-0.188652237096411,0.85036538855222,0.999436863219939,"YOR354C"
"YOR355W",43.7906862502337,-0.74245054333828,0.951862225558746,-0.779997906632401,0.4353921073497,0.999436863219939,"YOR355W"
"YOR356W",6.97521665868007,-0.584616130637633,2.43000692064136,-0.240582084631813,0.809879036798998,0.999436863219939,"YOR356W"
"YOR357C",10.3258233655171,0.810870020486404,1.52325677714817,0.532326547074033,0.594499848808232,0.999436863219939,"YOR357C"
"YOR358W",6.8102211818902,-1.5595494242746,2.79196680404131,-0.558584515409419,0.576445310251746,0.999436863219939,"YOR358W"
"YOR359W",22.6961458135468,-2.44512806947454,1.69039921081197,-1.44647965630559,0.148042713993152,0.999436863219939,"YOR359W"
"YOR360C",11.9083407332158,-2.26918396757989,1.86053639631685,-1.21963965449534,0.222601506973629,0.999436863219939,"YOR360C"
"YOR361C",63.534755782386,-0.588166277016245,0.884725982830678,-0.664800501432555,0.50617810190012,0.999436863219939,"YOR361C"
"YOR362C",60.4287233725213,-0.829325838497609,0.651703976386129,-1.2725499130701,0.203177801643475,0.999436863219939,"YOR362C"
"YOR363C",17.1442409828385,-1.26719216521894,1.95673834784142,-0.647604298559819,0.517240916330624,0.999436863219939,"YOR363C"
"YOR365C",0.297839142273629,-2.05547945483533,5.06272539733728,-0.40600255663015,0.684740721901058,0.999436863219939,"YOR365C"
"YOR367W",15.7498426344046,-0.71589211327662,1.18422393533129,-0.604524272747743,0.545495136558917,0.999436863219939,"YOR367W"
"YOR368W",11.5315234987672,-0.0657152471423604,1.88730821559392,-0.034819562909432,0.972223621143405,0.999436863219939,"YOR368W"
"YOR369C",695.931053777609,-0.0433908356875539,0.25668075117604,-0.169045927630915,0.865760516181051,0.999436863219939,"YOR369C"
"YOR370C",56.1942553692615,-1.08642062146986,1.46742539980801,-0.740358332091019,0.459082594926063,0.999436863219939,"YOR370C"
"YOR371C",39.1840000667381,-0.112254595112736,1.8028398028965,-0.0622654297583092,0.950351458093256,0.999436863219939,"YOR371C"
"YOR372C",11.5150752016157,-3.7825838256398,1.6876151078727,-2.24137826687739,0.0250015830634173,0.772949552677302,"YOR372C"
"YOR373W",8.90682834929487,0.73810371002993,1.62198116067788,0.455063059870223,0.649063872678427,0.999436863219939,"YOR373W"
"YOR374W",73.1896980665346,-1.44307645021772,1.19040801058691,-1.21225364529111,0.225415302153619,0.999436863219939,"YOR374W"
"YOR375C",150.738300061886,-0.137165190553333,0.694858757572238,-0.197400103342691,0.843514448755387,0.999436863219939,"YOR375C"
"YOR376W",0.0595179538101754,1.85025486489242,5.06815654158448,0.365074529508114,0.715055773183556,0.999436863219939,"YOR376W"
"YOR377W",14.1856104750469,1.00817324235291,1.88799675521234,0.533990982542512,0.593347772916366,0.999436863219939,"YOR377W"
"YOR378W",1.29167003675438,-2.14149848040859,3.670638878129,-0.583413011061485,0.559615301060317,0.999436863219939,"YOR378W"
"YOR380W",3.5786392907612,0.208117284547498,2.68945072954559,0.0773828210575404,0.938319006610489,0.999436863219939,"YOR380W"
"YOR381W",31.4223800557856,1.08333422585293,2.46484648193571,0.439513873903481,0.660289231398453,0.999436863219939,"YOR381W"
"YOR382W",195.330284240568,2.24294334885037,1.00488754574302,2.23203417969712,0.0256127040050604,0.775322322997741,"YOR382W"
"YOR383C",413.172740367536,4.60058760452513,1.1129255394487,4.13377844379784,3.56847494687541e-05,0.005909791009242,"YOR383C"
"YOR384W",28.6062487286178,-2.59586475817293,2.3301453185668,-1.11403556571723,0.265263929124575,0.999436863219939,"YOR384W"
"YOR385W",2.84693872305861,0.532168875171488,3.06924703910736,0.173387436198769,0.862346900000426,0.999436863219939,"YOR385W"
"YOR386W",9.94899415388322,2.13220992584405,2.8402644017762,0.750708252552349,0.452828255352262,0.999436863219939,"YOR386W"
"YOR387C",0.956154320260973,1.69117059134301,5.06944058085787,0.333601028430799,0.738680642100345,0.999436863219939,"YOR387C"
"YOR388C",0.261906391121671,0.461210704550344,5.07085675729454,0.090953210990802,0.92752976911021,0.999436863219939,"YOR388C"
"YOR389W",8.25768265259166,3.19399074058477,2.1737803509288,1.46932542619592,0.141744543537617,0.999436863219939,"YOR389W"
"YOR390W",2.63052399613172,-0.381573747074223,2.61436355202573,-0.145952825412732,0.883958629394753,0.999436863219939,"YOR390W"
"YOR391C",1.83932637529175,-0.684578445177189,3.18737479757167,-0.21477814460312,0.829940293337778,0.999436863219939,"YOR391C"
"YPL001W",3.27972166355708,-0.966859589132935,2.5384372123423,-0.380887730620991,0.703286557045671,0.999436863219939,"YPL001W"
"YPL002C",9.39672027527142,0.728993706323354,1.87789608337049,0.388197042838994,0.697870221390837,0.999436863219939,"YPL002C"
"YPL003W",24.0935591967777,0.243126128313052,1.39251962450714,0.174594399988512,0.861398349159687,0.999436863219939,"YPL003W"
"YPL004C",102.700397971094,0.0128882364876795,0.89964821133202,0.014325862404147,0.988570006532444,0.999436863219939,"YPL004C"
"YPL005W",0.581278064365497,0.930015846555265,3.84501710337976,0.241875607195033,0.808876551646436,0.999436863219939,"YPL005W"
"YPL006W",49.0749590352591,0.317094970872368,1.27529681272345,0.248644055022139,0.803636127445709,0.999436863219939,"YPL006W"
"YPL007C",9.56219833662911,3.34293678196983,2.2266244748282,1.50134736223438,0.13326574085795,0.999436863219939,"YPL007C"
"YPL008W",6.41705245569928,-2.84918615605365,2.4394976824928,-1.16793968549386,0.242831094752437,0.999436863219939,"YPL008W"
"YPL009C",79.0152441489391,1.63355991105355,0.65885118696278,2.47940649326907,0.013160123089704,0.61297385828762,"YPL009C"
"YPL010W",71.7983888630153,-0.570551438438779,0.768083630295691,-0.742824629941837,0.457587861693204,0.999436863219939,"YPL010W"
"YPL011C",6.34375400427494,-0.138597330577849,2.043981761738,-0.0678075182334307,0.945938858854829,0.999436863219939,"YPL011C"
"YPL012W",46.9871848773625,0.101642878498183,0.974454979831832,0.104307413479199,0.916925394902476,0.999436863219939,"YPL012W"
"YPL013C",28.6862381287858,0.470143256772261,0.933131377873866,0.503833937985752,0.614378076662233,0.999436863219939,"YPL013C"
"YPL014W",46.8590456339606,0.866561325438849,1.74216685895633,0.497404322085415,0.618903958325003,0.999436863219939,"YPL014W"
"YPL015C",41.6292331238284,0.369834432802805,1.15663996281021,0.319748966570585,0.749158636860644,0.999436863219939,"YPL015C"
"YPL016W",13.815253749696,1.43044497962082,1.86043617802866,0.768876135883651,0.441966845490041,0.999436863219939,"YPL016W"
"YPL017C",0.537447049444425,-0.342477933624244,4.22198631135258,-0.0811177271473733,0.935348327920706,0.999436863219939,"YPL017C"
"YPL018W",4.50168790576499,-1.63207593079002,2.09946814264283,-0.777375897085794,0.4369370285644,0.999436863219939,"YPL018W"
"YPL019C",29.1983144371949,0.604119716688075,1.58373106498765,0.381453474042189,0.70286678837396,0.999436863219939,"YPL019C"
"YPL020C",25.2682813151406,0.573358182829812,1.40543852582032,0.407956785228409,0.683305401895146,0.999436863219939,"YPL020C"
"YPL022W",38.9096063912847,2.35215767715476,1.50773826026094,1.5600570332066,0.118746404010306,0.999436863219939,"YPL022W"
"YPL023C",8.41389724715005,3.90334471323821,1.74885427497933,2.23194394700745,0.0256186678347123,0.775322322997741,"YPL023C"
"YPL024W",6.494878192751,1.37021349752481,1.6986061691606,0.806669328301055,0.41985701961662,0.999436863219939,"YPL024W"
"YPL025C",0.194909938567981,-0.0826417506322836,5.06837369054497,-0.0163053783477827,0.98699076681156,0.999436863219939,"YPL025C"
"YPL026C",18.5969156322619,1.47464401214971,1.49011056260038,0.989620534986558,0.32235962903592,0.999436863219939,"YPL026C"
"YPL027W",0.186726914574352,0.461222132085298,5.07085675729496,0.0909554645616406,0.927527978442989,0.999436863219939,"YPL027W"
"YPL028W",119.182506655409,0.105199892780382,0.62055694019943,0.169524963731085,0.865383738308141,0.999436863219939,"YPL028W"
"YPL029W",25.1234074785874,-2.82989906324336,1.71488428308545,-1.65019826186275,0.0989023922306416,0.999436863219939,"YPL029W"
"YPL030W",2.43756583463225,-3.36798605234535,3.17896259408149,-1.05946073685037,0.289390001428375,0.999436863219939,"YPL030W"
"YPL031C",45.7080064504141,1.15970809832394,1.32760023174507,0.87353713158031,0.382370376388554,0.999436863219939,"YPL031C"
"YPL032C",41.5456795874313,-0.97487514818951,1.04483838177545,-0.933039181172636,0.350799738846035,0.999436863219939,"YPL032C"
"YPL034W",3.70256587759463,-1.38234556617972,2.3290027437655,-0.593535396160485,0.5528229018068,0.999436863219939,"YPL034W"
"YPL035C",3.00842190308625,-0.941554344824875,2.21283612318228,-0.425496644311294,0.670474667334539,0.999436863219939,"YPL035C"
"YPL036W",0.456767844506477,-0.444599448081286,3.39201153987866,-0.131072504575615,0.895717951656698,0.999436863219939,"YPL036W"
"YPL037C",55.0132371837632,0.0163465660523027,0.518957227149833,0.0314988696507411,0.974871693587066,0.999436863219939,"YPL037C"
"YPL038W",9.01946630350037,-2.00142706564813,1.91710868490858,-1.04398205558365,0.296493691902266,0.999436863219939,"YPL038W"
"YPL039W",12.619643886189,2.03766153656879,2.3284850527135,0.875101832495855,0.381518500094579,0.999436863219939,"YPL039W"
"YPL040C",1.71192761521945,1.10100254796061,3.19161930137127,0.34496675323638,0.730119365319314,0.999436863219939,"YPL040C"
"YPL041C",4.1856297742817,-1.20330886001799,2.39973331567711,-0.501434410297571,0.61606542764431,0.999436863219939,"YPL041C"
"YPL042C",3.81039926025975,4.45632713663005,2.49072656932687,1.78916754312153,0.0735878370877513,0.999436863219939,"YPL042C"
"YPL043W",22.4383996610933,2.74639025503497,1.05628856923676,2.6000378447903,0.00932134800877165,0.544841929689182,"YPL043W"
"YPL045W",13.6834979333242,2.31363185997241,1.66505511462642,1.38952268885796,0.164673866507448,0.999436863219939,"YPL045W"
"YPL046C",1.21158551201586,2.44520521913819,2.54507548977139,0.9607594073203,0.336673153145291,0.999436863219939,"YPL046C"
"YPL047W",27.1473001736976,0.758066132025243,1.42339297314394,0.532576840217815,0.594326537569051,0.999436863219939,"YPL047W"
"YPL048W",120.187005344054,0.0765724051500442,0.488923958103137,0.156614139849313,0.875548958081754,0.999436863219939,"YPL048W"
"YPL049C",58.760316375388,0.710107671913713,1.03494647529934,0.686129851989039,0.492631227863921,0.999436863219939,"YPL049C"
"YPL050C",17.1784790927031,1.43406892032516,1.26093384959891,1.1373070211267,0.25540996065652,0.999436863219939,"YPL050C"
"YPL051W",4.83683926960468,-0.742176847473349,2.05509000344546,-0.361140799784464,0.717994194630853,0.999436863219939,"YPL051W"
"YPL052W",4.63230583271644,-3.52204589507801,1.97714566661217,-1.78137906303738,0.0748505462251951,0.999436863219939,"YPL052W"
"YPL053C",21.6306153851204,0.283349007612346,1.58719177659926,0.178522225095856,0.858312868438386,0.999436863219939,"YPL053C"
"YPL054W",5.36304005421931,-0.602544598874384,2.30973952483185,-0.260871233486057,0.794191809258774,0.999436863219939,"YPL054W"
"YPL055C",20.7191185951855,0.994373991980373,1.68011993172269,0.591847030206232,0.55395302687162,0.999436863219939,"YPL055C"
"YPL056C",1.20315157838989,2.49670349133598,3.61463344313363,0.690721073274725,0.489740843646481,0.999436863219939,"YPL056C"
"YPL057C",24.407022859187,-1.1841169605154,1.6804505120775,-0.704642565791185,0.481032701975643,0.999436863219939,"YPL057C"
"YPL058C",36.9524959393554,2.16808338576584,1.74984188082987,1.23901674175133,0.215339298102632,0.999436863219939,"YPL058C"
"YPL059W",16.4610607238264,0.331702645644078,1.00456174324253,0.330196374563705,0.741251586041308,0.999436863219939,"YPL059W"
"YPL060W",0.55470517429768,-1.87359729799037,4.6797613643562,-0.400361717642439,0.688890116444104,0.999436863219939,"YPL060W"
"YPL061W",217.005489027043,-0.353324270130495,0.803697593856513,-0.439623401676596,0.660209888693623,0.999436863219939,"YPL061W"
"YPL062W",0.0590712985775771,-0.564347803311486,5.07058254398906,-0.111298415599307,0.91137971176963,0.999436863219939,"YPL062W"
"YPL063W",34.6317094250934,1.15014281122806,0.829930022260976,1.38583107054584,0.165798492512713,0.999436863219939,"YPL063W"
"YPL064C",20.6097508965927,-0.131262867932415,1.61203462081567,-0.0814268293233046,0.935102513235352,0.999436863219939,"YPL064C"
"YPL065W",0.884051693658705,-0.734175436084946,2.47263331358216,-0.296920466149237,0.766527230687615,0.999436863219939,"YPL065W"
"YPL066W",26.4945512739613,-2.76340359613126,1.55980757293144,-1.77163109353151,0.0764558147444833,0.999436863219939,"YPL066W"
"YPL067C",10.0307456375286,-3.91946442109263,1.48158732324382,-2.64544948488846,0.00815824670553936,0.514299679356613,"YPL067C"
"YPL068C",7.70393033762999,-0.990257538437915,1.99250868828115,-0.496990323937893,0.619195874751947,0.999436863219939,"YPL068C"
"YPL069C",4.78090047011225,-4.2768770744499,1.84001180578209,-2.32437480075408,0.020105414936406,0.699177426082664,"YPL069C"
"YPL070W",8.55636473293918,1.25283325393884,1.66885195074307,0.750715636207873,0.452823810737133,0.999436863219939,"YPL070W"
"YPL071C",7.6705376524562,-2.907670398491,1.82982440980862,-1.5890433983199,0.112050595139181,0.999436863219939,"YPL071C"
"YPL072W",4.20002469939805,0.222543567850982,1.93352182190291,0.115097520664112,0.908367825068458,0.999436863219939,"YPL072W"
"YPL074W",11.6791341382798,-4.86748704948488,1.72591966352908,-2.82022805136369,0.00479895308705037,0.362169092468282,"YPL074W"
"YPL075W",30.9948163889973,0.411971455220701,1.33139647366646,0.309428080492203,0.75699591262823,0.999436863219939,"YPL075W"
"YPL076W",0.840764631719765,-0.819483453908792,2.834832412638,-0.289076507752431,0.77252283059608,0.999436863219939,"YPL076W"
"YPL077C",1.50347354270776,-3.56063495826778,3.29150332115972,-1.08176556753807,0.27935671011678,0.999436863219939,"YPL077C"
"YPL078C",43.0839488754703,1.17202520333708,0.72488581958223,1.61684112404426,0.105912579914456,0.999436863219939,"YPL078C"
"YPL079W",273.886546084565,-0.49256235483029,0.393665215650854,-1.25122143193659,0.210853701035871,0.999436863219939,"YPL079W"
"YPL080C",2.49137202507878,0.0534780551694031,0.882879085283211,0.060572343439587,0.951699799805455,0.999436863219939,"YPL080C"
"YPL081W",26.7552824194854,-0.177646021610725,1.02676857398462,-0.173014665730688,0.862639899881423,0.999436863219939,"YPL081W"
"YPL082C",44.0741463238292,0.194487952864209,1.31629865532632,0.147753666751255,0.882537176458301,0.999436863219939,"YPL082C"
"YPL083C",13.3314831965879,0.985248809201747,1.54027558588586,0.639657486121292,0.52239530046329,0.999436863219939,"YPL083C"
"YPL084W",22.3665017256943,-1.74189940317359,1.47209047711259,-1.18328284181976,0.236697070583304,0.999436863219939,"YPL084W"
"YPL085W",95.6930289469763,-0.318988180232702,0.752330375556863,-0.424000134245001,0.671565715385171,0.999436863219939,"YPL085W"
"YPL086C",17.3862158232475,-0.961532670902706,1.5856022136364,-0.606414813648337,0.54423933401168,0.999436863219939,"YPL086C"
"YPL087W",40.8618884428685,0.580523362463435,1.3428659120146,0.432301808594219,0.665522072853717,0.999436863219939,"YPL087W"
"YPL088W",20.9192394119867,1.76941290838094,2.41558924929583,0.732497426413346,0.463865012963944,0.999436863219939,"YPL088W"
"YPL089C",11.8126750090136,-0.550398875225874,2.0369737534017,-0.270204205776692,0.78700315726082,0.999436863219939,"YPL089C"
"YPL090C",117.528048145794,0.0233095828558364,0.367691094591349,0.063394472149897,0.949452388984503,0.999436863219939,"YPL090C"
"YPL091W",213.591841472153,-0.307454687444407,0.527948990261936,-0.582356805516129,0.560326369937694,0.999436863219939,"YPL091W"
"YPL092W",48.1344464583531,1.62354882652594,1.93838045590954,0.837580064107761,0.402266593273069,0.999436863219939,"YPL092W"
"YPL093W",27.2787369345902,-0.296625390691166,1.1777529736855,-0.251857050942481,0.801151557995864,0.999436863219939,"YPL093W"
"YPL094C",116.627410926755,1.9524760021136,0.814469396393863,2.39723679091978,0.0165192445133064,0.669984597199541,"YPL094C"
"YPL095C",4.93789620825866,-2.1255057006133,2.03942344987641,-1.04220911098287,0.297314739859145,0.999436863219939,"YPL095C"
"YPL096W",4.41832636965451,-0.333101619022816,2.31362817837656,-0.143973704217481,0.885521234267454,0.999436863219939,"YPL096W"
"YPL097W",11.4001447172719,-5.05915883600423,1.96728880848567,-2.5716401243082,0.0101218045461642,0.574725701945059,"YPL097W"
"YPL098C",25.9856287813547,1.55363463569461,1.14458625830782,1.35737662794549,0.174661570614473,0.999436863219939,"YPL098C"
"YPL099C",6.16105058913832,-0.0601968987803969,1.90103283901648,-0.0316653650294333,0.974738915729949,0.999436863219939,"YPL099C"
"YPL100W",11.8298946131865,1.16556900408434,1.92361976810872,0.60592484201299,0.544564662437585,0.999436863219939,"YPL100W"
"YPL101W",27.0795488139876,-1.79641740862625,1.49499538680802,-1.20162070363427,0.229510516309507,0.999436863219939,"YPL101W"
"YPL103C",14.9024494661327,0.015058317871097,2.23480202538783,0.00673809925891925,0.994623815313755,0.999436863219939,"YPL103C"
"YPL104W",11.972113034042,0.545592756213614,1.97416111210826,0.276366884580641,0.782266288860702,0.999436863219939,"YPL104W"
"YPL105C",53.3550644094837,-0.0466474206762812,0.969479222909108,-0.0481159570767351,0.961623829026714,0.999436863219939,"YPL105C"
"YPL106C",511.577903710992,0.483937413859602,0.405197718090707,1.19432413425208,0.232351200525851,0.999436863219939,"YPL106C"
"YPL107W",4.21515433331585,-0.818846764437245,1.90182248420706,-0.430558988147967,0.666789066893417,0.999436863219939,"YPL107W"
"YPL108W",1.58841627324692,-2.10028620531725,2.79091173546109,-0.752544832798255,0.45172347931112,0.999436863219939,"YPL108W"
"YPL109C",0.709258127634154,-2.81985491758019,5.05957029027328,-0.557330910690418,0.577301360138086,0.999436863219939,"YPL109C"
"YPL110C",12.5420476155328,1.28505444471849,1.82722671144898,0.703281337048456,0.481880438980593,0.999436863219939,"YPL110C"
"YPL111W",84.4689279547774,-0.48655145402365,1.53480120764181,-0.317012686464605,0.751233975964967,0.999436863219939,"YPL111W"
"YPL112C",6.92816944152686,1.18025687728647,1.98013601720662,0.596048386085852,0.551142903089356,0.999436863219939,"YPL112C"
"YPL113C",0.34634968610382,-1.24039068618911,5.06828279951248,-0.244735886937568,0.806660939087668,0.999436863219939,"YPL113C"
"YPL115C",24.0326481641501,2.45926138975595,1.46921817792216,1.67385717568099,0.0941586722757997,0.999436863219939,"YPL115C"
"YPL116W",16.1817835676049,-0.520068946331179,1.74817157992416,-0.297493079228379,0.766090090938451,0.999436863219939,"YPL116W"
"YPL117C",29.5555846595236,-2.07391843101412,1.10066932926827,-1.88423387103271,0.059533347869073,0.999436863219939,"YPL117C"
"YPL118W",26.6215568125311,0.622158661102757,1.01521847382743,0.612832288952726,0.53998723852323,0.999436863219939,"YPL118W"
"YPL119C",6.29200417981203,-17.2286234388002,3.39932097212655,-5.06825438964721,4.01480603304076e-07,7.72137857064161e-05,"YPL119C"
"YPL120W",7.61079232462223,0.426200734115168,2.27871372070439,0.187035664130473,0.851632670391562,0.999436863219939,"YPL120W"
"YPL121C",0.497953177359491,-2.96554179905666,5.05913630035724,-0.586175509611643,0.557757577554207,0.999436863219939,"YPL121C"
"YPL122C",15.4805985277055,1.00141823037779,2.10559454813681,0.475598795249505,0.63436023385103,0.999436863219939,"YPL122C"
"YPL123C",26.1869521493434,-6.60844588698607,2.42425209316623,-2.72597305602613,0.00641122317014666,0.444236207244427,"YPL123C"
"YPL124W",0.363740362857085,-2.63525226543865,3.9610592886372,-0.665289780690282,0.505865165640119,0.999436863219939,"YPL124W"
"YPL125W",13.3584456686081,-0.81505371421558,1.73799110515658,-0.46896311022383,0.639096004548346,0.999436863219939,"YPL125W"
"YPL126W",5.86563328055144,-0.352586223309097,1.39389722917009,-0.25294994202623,0.800306895890102,0.999436863219939,"YPL126W"
"YPL127C",13.5957132694375,-0.427516308658833,0.986990686810631,-0.433151309705173,0.664904849020809,0.999436863219939,"YPL127C"
"YPL128C",10.9386195699902,-0.301946709035484,1.71652311264981,-0.175905996726934,0.860367794109127,0.999436863219939,"YPL128C"
"YPL129W",15.905690076644,-0.930492961377706,1.04953197451434,-0.886578955165495,0.37530562828349,0.999436863219939,"YPL129W"
"YPL131W",702.301270744112,-0.215268466175397,0.294962192873561,-0.729817147337503,0.465501961632453,0.999436863219939,"YPL131W"
"YPL132W",13.0936493126173,1.01570855134908,1.87230906639731,0.542489789521505,0.587481139466994,0.999436863219939,"YPL132W"
"YPL133C",0.76605868830303,-2.96133460677392,4.12926703664551,-0.717157447191793,0.473276952329425,0.999436863219939,"YPL133C"
"YPL134C",20.4293527857202,0.135104941832745,2.15864728666455,0.0625877801655605,0.950094760354824,0.999436863219939,"YPL134C"
"YPL135W",129.299334136378,1.17238528613073,0.530841157272257,2.20854255565839,0.0272064747048744,0.795122559757163,"YPL135W"
"YPL137C",54.3067635285528,1.0889341995598,1.29452716690268,0.841182964251891,0.400245442697499,0.999436863219939,"YPL137C"
"YPL138C",2.45600047822159,-1.77846613316177,2.95677287780174,-0.601488922775833,0.54751438756673,0.999436863219939,"YPL138C"
"YPL139C",1.17098407814354,0.579472982879399,2.95885191896328,0.195843860642554,0.844732378929083,0.999436863219939,"YPL139C"
"YPL140C",10.9411082215373,0.510014567425813,2.28767756367737,0.222939882579423,0.823582295614512,0.999436863219939,"YPL140C"
"YPL141C",31.3871811037294,-1.01072083172246,1.41995353973498,-0.711798522584834,0.476589547720087,0.999436863219939,"YPL141C"
"YPL142C",25.714878169189,-0.146647383720154,0.409222194392393,-0.358356378832028,0.720076631495677,0.999436863219939,"YPL142C"
"YPL143W",2.37891910313105,0.200655496212427,0.509614761988592,0.393739567961964,0.693773325240963,0.999436863219939,"YPL143W"
"YPL144W",8.32557952191313,0.436240976002267,2.24287358601172,0.194500920035351,0.845783675399966,0.999436863219939,"YPL144W"
"YPL145C",34.8041834627706,0.117138080528944,0.916075466211383,0.127869465834941,0.898252275377667,0.999436863219939,"YPL145C"
"YPL146C",14.9839143754244,1.07854333822934,1.0175134791669,1.05997941089921,0.289153966220409,0.999436863219939,"YPL146C"
"YPL147W",1.22672899069969,1.56403291897753,3.86153950827187,0.405028335363962,0.685456682886852,0.999436863219939,"YPL147W"
"YPL148C",2.1914404319579,1.17101592643047,2.51420833385572,0.465759305090933,0.641387797068566,0.999436863219939,"YPL148C"
"YPL149W",7.25864094825667,0.443503569906114,1.7349922542495,0.2556227953294,0.798242114936674,0.999436863219939,"YPL149W"
"YPL150W",6.35034850451084,-0.31450229806726,2.69599689987765,-0.116655289211027,0.907133222321956,0.999436863219939,"YPL150W"
"YPL151C",23.9925519166446,-0.822463306729527,1.68171537574557,-0.48906213179201,0.624797710002573,0.999436863219939,"YPL151C"
"YPL152W",16.9050623129639,0.528518725687855,1.69493191775696,0.311822982475477,0.755175056800664,0.999436863219939,"YPL152W"
"YPL153C",1.18328938848731,-0.877051570420742,3.84852898468694,-0.227892676373356,0.819729676340646,0.999436863219939,"YPL153C"
"YPL154C",83.4662948212571,-0.859400530795106,0.686836842905461,-1.25124407589969,0.210845441980395,0.999436863219939,"YPL154C"
"YPL155C",15.8086357359598,2.10881123356557,2.04795265345803,1.02971679057364,0.303142971268259,0.999436863219939,"YPL155C"
"YPL156C",2.66177505773025,-0.292903651121225,1.67736262517672,-0.174621543800266,0.861377019175999,0.999436863219939,"YPL156C"
"YPL157W",8.34367162260155,0.0628032285306746,2.27528459547385,0.0276023617685484,0.977979297965502,0.999436863219939,"YPL157W"
"YPL158C",8.97505279774153,-1.85979822458043,2.11301995082815,-0.880161223206398,0.378771976633128,0.999436863219939,"YPL158C"
"YPL159C",9.70762599729711,0.361834059358308,1.38941158505172,0.26042251500648,0.794537877484517,0.999436863219939,"YPL159C"
"YPL160W",118.876917620362,0.163002513214556,0.562572057031811,0.289745128961033,0.77201122857828,0.999436863219939,"YPL160W"
"YPL161C",2.10799987341997,-1.03873619418775,2.99393723421362,-0.346946549953503,0.728631474332005,0.999436863219939,"YPL161C"
"YPL162C",2.08391085632148,-3.83088730936404,3.17084742759057,-1.20815882720507,0.226986175439402,0.999436863219939,"YPL162C"
"YPL163C",39.8542287895695,-0.111588267440477,1.8343294459517,-0.0608332748987637,0.95149198984855,0.999436863219939,"YPL163C"
"YPL164C",1.3445699958369,-2.95988393100972,3.65280103725681,-0.810305270070922,0.41776474718869,0.999436863219939,"YPL164C"
"YPL165C",12.1702074084805,2.00026520142816,2.73847171906755,0.730431206391735,0.46512664910469,0.999436863219939,"YPL165C"
"YPL166W",0.546871135742316,-1.1776077359294,5.00423386823165,-0.235322282478682,0.813958601744126,0.999436863219939,"YPL166W"
"YPL167C",24.0825888245924,-1.71626457112295,1.60755616198667,-1.06762339736979,0.285690425100937,0.999436863219939,"YPL167C"
"YPL168W",18.2078505117316,-3.65873207404082,1.86668231634072,-1.96001860735097,0.0499936154737749,0.999436863219939,"YPL168W"
"YPL169C",9.32679476344996,-2.43394297965063,2.13492680101387,-1.14005921818713,0.254261630738969,0.999436863219939,"YPL169C"
"YPL170W",10.3432507492206,-0.173035246924305,1.11649424620245,-0.154980867579794,0.8768364005112,0.999436863219939,"YPL170W"
"YPL171C",117.712557417042,0.150827094882785,0.862332286952854,0.174906004523789,0.861153492079163,0.999436863219939,"YPL171C"
"YPL172C",4.13153636670803,-3.12746235107067,2.92174997206302,-1.07040724941375,0.284436037597263,0.999436863219939,"YPL172C"
"YPL173W",12.945225518081,-3.87069407434627,1.8113888329973,-2.13686537304165,0.0326089431118031,0.871813985796278,"YPL173W"
"YPL174C",8.83523455972269,-4.54696722969516,1.85366300073094,-2.45296325594361,0.0141684810585369,0.63218061878007,"YPL174C"
"YPL175W",1.69329505002502,-3.49940082181925,3.28681886205334,-1.06467711446475,0.287022069882907,0.999436863219939,"YPL175W"
"YPL176C",12.1975113499997,-2.31456893141962,2.04215210017669,-1.13339693513493,0.257047600590735,0.999436863219939,"YPL176C"
"YPL177C",26.1321738925726,0.962013958150253,1.80206431887622,0.533839967904238,0.593452258860208,0.999436863219939,"YPL177C"
"YPL178W",19.3505242051506,-0.595486639077918,1.26930272156316,-0.469144695714959,0.638966213033305,0.999436863219939,"YPL178W"
"YPL179W",47.2429441910712,1.24197815551482,0.99156188673851,1.25254729142524,0.210370507310873,0.999436863219939,"YPL179W"
"YPL180W",29.2876958054876,0.57667153543603,1.72801099746057,0.333719829493844,0.738590984823972,0.999436863219939,"YPL180W"
"YPL181W",13.8071969312168,-0.371684431868401,1.66364805018865,-0.223415302188618,0.823212295867683,0.999436863219939,"YPL181W"
"YPL182C",0.400823448502923,-0.204594848934051,3.9902531602641,-0.0512736512488621,0.959107463736925,0.999436863219939,"YPL182C"
"YPL183C",6.2673680980815,-3.86100465570256,1.66281827349614,-2.32196429233644,0.020234858412373,0.699177426082664,"YPL183C"
"YPL184C",55.4878932703389,-0.204095021132938,0.971453255404521,-0.210092477427492,0.833595496606188,0.999436863219939,"YPL184C"
"YPL185W",0.630726807825975,0.61869804072845,3.07692804165952,0.201076538791839,0.840638726657903,0.999436863219939,"YPL185W"
"YPL186C",4.32847156565318,-2.45799283459858,2.59316247939024,-0.94787459487558,0.343193299667133,0.999436863219939,"YPL186C"
"YPL187W",96.2064126604648,-2.08575359655383,1.2745241266276,-1.63649596973323,0.101735828506976,0.999436863219939,"YPL187W"
"YPL188W",3.9469292029698,-5.00725953461736,2.44819948935428,-2.04528248469573,0.0408270164945941,0.950822938831133,"YPL188W"
"YPL189W",3.37382650817034,5.65696071039789,2.87578344634647,1.96710246648952,0.0491713989747744,0.999436863219939,"YPL189W"
"YPL190C",32.9411868665333,0.566068429680473,0.741266890747669,0.763649957587497,0.445075869745639,0.999436863219939,"YPL190C"
"YPL191C",0.863981527267376,3.09963621949396,3.9494404236732,0.784829212998009,0.432553709711512,0.999436863219939,"YPL191C"
"YPL192C",1.57678454438846,0.298846051876258,2.79557695135239,0.106899597856424,0.914868632227964,0.999436863219939,"YPL192C"
"YPL193W",11.8187585458744,-2.97505448829822,2.21350053280737,-1.34404959212952,0.178932350850472,0.999436863219939,"YPL193W"
"YPL194W",1.60216488745809,1.80584109126119,5.06851638536544,0.356285933389755,0.721626442608601,0.999436863219939,"YPL194W"
"YPL195W",52.0980587709864,-0.227932781386497,1.06773613847645,-0.21347294820585,0.830958087022438,0.999436863219939,"YPL195W"
"YPL196W",15.9579354179923,1.52927617352836,1.80233354945108,0.848497867663905,0.396160759489508,0.999436863219939,"YPL196W"
"YPL197C",1.36720794773344,-1.32789511214731,0.684457027373935,-1.94007082846685,0.0523710826647635,0.999436863219939,"YPL197C"
"YPL198W",13.6735420972821,-0.883571570485737,0.802797046810388,-1.10061636872766,0.271063658391579,0.999436863219939,"YPL198W"
"YPL199C",10.4277961538491,-1.46029389292488,1.37454228108337,-1.06238557592709,0.288060679235527,0.999436863219939,"YPL199C"
"YPL202C",3.48873937463228,2.06612571632922,2.67651007702349,0.77194766949166,0.440145422203344,0.999436863219939,"YPL202C"
"YPL203W",12.8127289452704,0.124603383030486,1.7578369123788,0.0708844956850209,0.943489682984076,0.999436863219939,"YPL203W"
"YPL204W",20.2721665603854,-1.04626639667193,1.28835450305343,-0.812095113722396,0.416737056745343,0.999436863219939,"YPL204W"
"YPL205C",1.15453734857444,-0.0357238089947682,1.58856863295593,-0.0224880488344373,0.98205864523925,0.999436863219939,"YPL205C"
"YPL206C",37.421135566736,0.0478279132748081,1.50343205174021,0.0318124874479346,0.9746215881342,0.999436863219939,"YPL206C"
"YPL207W",14.2514563319209,-0.80489721269917,1.17446264167366,-0.685332324876808,0.493134238291723,0.999436863219939,"YPL207W"
"YPL208W",7.26035654066234,1.54377915091478,2.74207137399816,0.562997435279675,0.573436630371479,0.999436863219939,"YPL208W"
"YPL209C",0.372625427218105,-1.2202101995802,5.05526034885717,-0.241374353717717,0.809264987964067,0.999436863219939,"YPL209C"
"YPL210C",17.9639694874465,1.34475598502393,1.17081171916078,1.14856724016039,0.250734471928004,0.999436863219939,"YPL210C"
"YPL211W",40.575215591544,-0.00871020764830848,1.14086928484036,-0.00763471132411748,0.993908440886653,0.999436863219939,"YPL211W"
"YPL212C",21.2504879553499,1.60934709295499,1.23509974998731,1.30300981193748,0.192571411775791,0.999436863219939,"YPL212C"
"YPL213W",1.97878670059101,-0.892995369886038,3.68181186809687,-0.242542368235569,0.80835993156371,0.999436863219939,"YPL213W"
"YPL214C",8.69586592116483,-1.9881881077791,2.33809321611643,-0.850345954590072,0.395132774231722,0.999436863219939,"YPL214C"
"YPL215W",10.7169021689471,-1.06615221927688,2.0157784690999,-0.528903466139779,0.596872417388667,0.999436863219939,"YPL215W"
"YPL216W",5.35520035956085,-1.28546033716332,2.48347982276633,-0.517604502110047,0.604734239977827,0.999436863219939,"YPL216W"
"YPL217C",52.9740066421567,-1.03733117415474,0.996917883740756,-1.040538233964,0.298089910372881,0.999436863219939,"YPL217C"
"YPL218W",111.817030345532,0.173742915493597,0.525488260286129,0.33063139298106,0.740922930458396,0.999436863219939,"YPL218W"
"YPL219W",7.96519497956768,0.933697600451174,2.46093217424015,0.379408099997501,0.704384836506171,0.999436863219939,"YPL219W"
"YPL220W",62.4724245787263,-0.535011533000094,0.475212997671785,-1.12583522677469,0.260235270449393,0.999436863219939,"YPL220W"
"YPL221W",50.0910866877394,0.210166938004679,1.64720055731585,0.127590375726408,0.898473147936244,0.999436863219939,"YPL221W"
"YPL222W",25.6047605058416,-2.41093719175768,2.0099579394958,-1.19949633988981,0.230335007098583,0.999436863219939,"YPL222W"
"YPL223C",26.4319772846415,5.38746518401303,2.40603980416401,2.2391421682589,0.0251466672979532,0.772949552677302,"YPL223C"
"YPL224C",19.1311020662677,-0.376826422399547,2.12062000315644,-0.177696344389216,0.858961456314508,0.999436863219939,"YPL224C"
"YPL225W",46.4891173077035,0.40676123300154,0.614993899334251,0.661406939876754,0.508351376544207,0.999436863219939,"YPL225W"
"YPL226W",84.3628536208585,0.0541354757156641,0.867600624500377,0.0623967689590345,0.950246867945355,0.999436863219939,"YPL226W"
"YPL227C",10.762766100238,1.76381443697724,1.85228337375516,0.952237903750889,0.340976342040433,0.999436863219939,"YPL227C"
"YPL228W",17.8853544455829,0.196167700899383,1.59735264343472,0.122808010933373,0.90225913047633,0.999436863219939,"YPL228W"
"YPL229W",0.563696928853172,2.34698792297416,3.32852768677399,0.705112933955752,0.48073995811278,0.999436863219939,"YPL229W"
"YPL230W",8.07949278162937,0.542446640282069,2.85021203381462,0.19031799523914,0.849059953195214,0.999436863219939,"YPL230W"
"YPL231W",233.817284001256,0.338339440872635,0.59915941009915,0.564690189571829,0.57228450820435,0.999436863219939,"YPL231W"
"YPL232W",18.2653037543609,-0.155880671850913,1.5556010854138,-0.100206070381757,0.920180726806751,0.999436863219939,"YPL232W"
"YPL233W",6.78600877116394,1.55266125751238,2.32711698345013,0.667203784147734,0.504641974326368,0.999436863219939,"YPL233W"
"YPL234C",91.8762236251445,-0.0831412212581558,0.526890145124865,-0.157796121311877,0.874617455111444,0.999436863219939,"YPL234C"
"YPL235W",28.0408325640121,-0.495978833362353,1.03755468963138,-0.478026689406185,0.632631209066146,0.999436863219939,"YPL235W"
"YPL236C",7.64391296122298,-0.0117773282618932,2.47766812999633,-0.00475339215906639,0.996207356067144,0.999436863219939,"YPL236C"
"YPL237W",47.4559099016455,0.346682878039459,0.656012853122894,0.528469642613105,0.597173411811613,0.999436863219939,"YPL237W"
"YPL239W",18.8012037108822,-0.708086699171282,1.29099577099567,-0.548481036948074,0.583361646577577,0.999436863219939,"YPL239W"
"YPL240C",263.133417598815,0.685389977533814,0.617560915107407,1.10983380062938,0.267070651113424,0.999436863219939,"YPL240C"
"YPL241C",4.3808242427826,-1.56767611764793,2.31796818147733,-0.676314770053829,0.498840817131343,0.999436863219939,"YPL241C"
"YPL242C",29.7112730725213,-0.0496137535522922,1.39728882842942,-0.0355071568188654,0.971675339659137,0.999436863219939,"YPL242C"
"YPL243W",32.7115814128645,-0.124404402999603,0.901928150926673,-0.137931611150828,0.890294467093919,0.999436863219939,"YPL243W"
"YPL244C",17.3290604608738,-4.60155517173432,1.9329711582496,-2.38056069905422,0.01728631287477,0.672250780778384,"YPL244C"
"YPL245W",17.75371819957,-1.30768594671874,1.52745619554234,-0.856120097280063,0.391931353260764,0.999436863219939,"YPL245W"
"YPL246C",45.1276518992588,1.71650476940954,1.28603109937067,1.3347303733553,0.18196460886156,0.999436863219939,"YPL246C"
"YPL247C",15.5011774450654,1.30891002967974,1.87719956317169,0.697267384543934,0.485635475370517,0.999436863219939,"YPL247C"
"YPL248C",7.31936278987962,0.00953399871787397,2.62222198743588,0.00363584729422421,0.997099019970032,0.999436863219939,"YPL248C"
"YPL249C",13.3460722462287,-0.892934777065211,1.45429240896275,-0.613999476007771,0.539215673464328,0.999436863219939,"YPL249C"
"YPL250C",14.4479838460302,-0.46129408197078,2.08968822804774,-0.220747801408508,0.825288809303152,0.999436863219939,"YPL250C"
"YPL252C",7.31895400823817,-1.31573411152347,1.42962394713668,-0.920335808698979,0.357397301910913,0.999436863219939,"YPL252C"
"YPL253C",3.0414021115558,-2.24390787965945,2.47399369731896,-0.906998219959552,0.364407738543448,0.999436863219939,"YPL253C"
"YPL254W",3.23609023121788,-0.498787738841493,2.47642120055076,-0.201414742665973,0.840374288443418,0.999436863219939,"YPL254W"
"YPL255W",6.00159280158583,-3.31814236027776,2.28252906798403,-1.45371307941695,0.146025870429618,0.999436863219939,"YPL255W"
"YPL256C",76.2211904540001,0.239882709839329,1.61020289371048,0.148976697766673,0.881572020244111,0.999436863219939,"YPL256C"
"YPL257W",4.12550015358941,-2.20574218717872,2.95010505647192,-0.747682589248738,0.454651635371304,0.999436863219939,"YPL257W"
"YPL258C",0.0899858003806803,1.61125993918854,5.06920155568687,0.317852806105322,0.750596592692774,0.999436863219939,"YPL258C"
"YPL259C",20.4399158579121,0.985144871306284,1.4713595745461,0.669547327756503,0.503146400856094,0.999436863219939,"YPL259C"
"YPL260W",52.3948908205079,-1.15213311727117,0.950005850505035,-1.21276423367149,0.225219973520896,0.999436863219939,"YPL260W"
"YPL261C",0.565770283562233,-0.298002345747472,1.91852251154276,-0.155329084727724,0.876561887576004,0.999436863219939,"YPL261C"
"YPL262W",62.6576027607035,-0.140683243946796,1.00498022652722,-0.139986081550019,0.888670987414691,0.999436863219939,"YPL262W"
"YPL263C",19.1438132258112,0.913765659801919,1.34856521914655,0.677583587970779,0.498035754974834,0.999436863219939,"YPL263C"
"YPL264C",0.727120545582833,-0.182571677257676,4.20398554101311,-0.0434282362478532,0.96536016965794,0.999436863219939,"YPL264C"
"YPL265W",21.9896755375017,0.65988954507448,1.60888732167548,0.410152741080262,0.681693905798678,0.999436863219939,"YPL265W"
"YPL266W",22.0553643089538,-1.00768930627362,1.15204473265073,-0.874696335753416,0.381739154407538,0.999436863219939,"YPL266W"
"YPL267W",0.879446891759035,5.1920195803257,5.04874520387885,1.02837821491502,0.303771952021087,0.999436863219939,"YPL267W"
"YPL268W",5.92857737997803,-1.8831097543932,2.18974441461631,-0.859967830868133,0.389806775548384,0.999436863219939,"YPL268W"
"YPL269W",11.0249349693631,-0.617436346498804,2.03296424498315,-0.303712349109181,0.761347048934617,0.999436863219939,"YPL269W"
"YPL270W",33.3109688947954,-0.607280272358002,1.4643246980273,-0.414716949851432,0.678349122693064,0.999436863219939,"YPL270W"
"YPL271W",29.2985016489304,1.2965254775937,0.595657712338529,2.17662837353955,0.0295083063991457,0.833784468017566,"YPL271W"
"YPL272C",0.36856939048866,1.94153555884184,5.05494121447852,0.384086674100349,0.700914207945036,0.999436863219939,"YPL272C"
"YPL273W",37.3706175049353,-0.223081122390473,1.25812566828772,-0.177312273339182,0.859263110811626,0.999436863219939,"YPL273W"
"YPL274W",30.7957690500345,-1.63285883261836,1.54701400297673,-1.05549066102599,0.291200978452457,0.999436863219939,"YPL274W"
"YPL277C",3.10649872692488,-1.31285960635551,2.80583842566918,-0.467902782407151,0.639854113642145,0.999436863219939,"YPL277C"
"YPL278C",3.22457582325889,-2.13093798823158,3.56391694230221,-0.59792021607974,0.549893170019712,0.999436863219939,"YPL278C"
"YPL279C",0.670938460104249,0.558097939923223,3.30155913062044,0.169040722229422,0.865764610570705,0.999436863219939,"YPL279C"
"YPL280W",0.971395037378946,1.81806350530555,3.40610776549665,0.533765702812532,0.593503645433893,0.999436863219939,"YPL280W"
"YPR001W",1.74175906838149,3.58629678598441,4.67539831629649,0.767056952876952,0.443047654438417,0.999436863219939,"YPR001W"
"YPR002W",5.55840425098556,1.20177265785521,2.92673908579222,0.410618310217399,0.681352435361393,0.999436863219939,"YPR002W"
"YPR003C",2.76105024436489,-0.675296034530069,3.47857606900119,-0.194130017896653,0.846074077827391,0.999436863219939,"YPR003C"
"YPR004C",20.2969613542006,0.189963536631336,1.39142627447246,0.13652432767475,0.891406793898841,0.999436863219939,"YPR004C"
"YPR005C",8.46303998844914,2.56123941613338,2.68253637348362,0.954782735269039,0.339687579992516,0.999436863219939,"YPR005C"
"YPR006C",4.56773943909387,-0.432692487386721,2.26298822511308,-0.191204038352917,0.848365739838531,0.999436863219939,"YPR006C"
"YPR007C",0.0926623237101706,1.55672021578889,5.06874332489596,0.307121532104971,0.758750868954135,0.999436863219939,"YPR007C"
"YPR008W",25.463980818147,0.926041946340095,1.42205730550157,0.651198754619438,0.514918194177516,0.999436863219939,"YPR008W"
"YPR009W",4.11180212121987,1.84910004912344,2.00923676634097,0.920299727787104,0.357416151294617,0.999436863219939,"YPR009W"
"YPR010C",74.7551428698319,1.70895731179611,0.992269400930795,1.72227150226846,0.0850203475259917,0.999436863219939,"YPR010C"
"YPR011C",16.6040829963264,-2.11719271633741,2.02419500225112,-1.04594306081325,0.295587321748305,0.999436863219939,"YPR011C"
"YPR012W",1.99914391315549,-2.44496059158568,3.17062510430161,-0.771128881894167,0.440630542884503,0.999436863219939,"YPR012W"
"YPR013C",11.5069865926679,-2.55791539400185,2.67042074646223,-0.95786980287304,0.338128415194771,0.999436863219939,"YPR013C"
"YPR015C",9.48255014736228,2.03272060559932,2.32804174748022,0.873146114239344,0.382583441490082,0.999436863219939,"YPR015C"
"YPR016C",129.192498806907,0.289048547451394,0.751261175665591,0.384751078338778,0.700421847799153,0.999436863219939,"YPR016C"
"YPR017C",16.2917469651296,2.302821380708,1.35160377991945,1.70376956244177,0.0884241464833256,0.999436863219939,"YPR017C"
"YPR018W",8.88218132054961,0.411211098844972,1.89253144887803,0.217280985786923,0.82798937428218,0.999436863219939,"YPR018W"
"YPR019W",19.0717936608462,0.125717906277287,1.81265124651293,0.0693558159735001,0.944706397932232,0.999436863219939,"YPR019W"
"YPR020W",10.4373138579034,3.35886111697922,1.23587088599483,2.71780908106388,0.00657157453012111,0.444236207244427,"YPR020W"
"YPR021C",14.9696990420976,-0.922388724734477,1.71569106596972,-0.537619355273109,0.590839864937735,0.999436863219939,"YPR021C"
"YPR022C",22.0885745163833,-0.451887293212209,1.61481735887854,-0.279838020521426,0.779601780400414,0.999436863219939,"YPR022C"
"YPR023C",55.7397106938422,0.899378366440073,1.04547696042108,0.860256514957383,0.389647657694842,0.999436863219939,"YPR023C"
"YPR024W",42.3859941799876,0.0962265110088752,1.25177240616162,0.0768722097844766,0.93872520549069,0.999436863219939,"YPR024W"
"YPR025C",12.2182052474273,-0.976924783221945,1.70362451564921,-0.573439026175122,0.566347472561215,0.999436863219939,"YPR025C"
"YPR026W",14.644580825821,3.39118853898806,2.15796620867562,1.57147434716751,0.116072508490862,0.999436863219939,"YPR026W"
"YPR027C",1.05068701285621,-1.14941467051626,5.0689364243512,-0.226756576585665,0.820613031015429,0.999436863219939,"YPR027C"
"YPR028W",93.058223626491,0.245359825169172,0.589857808097035,0.41596435920843,0.677436083480039,0.999436863219939,"YPR028W"
"YPR029C",22.5879457141961,1.36065857846571,1.49652146727633,0.909214206557362,0.363237066611061,0.999436863219939,"YPR029C"
"YPR030W",19.7242219983095,-21.2380457393285,2.17963945571677,-9.74383432251847,1.96015498884644e-22,1.46080550543781e-19,"YPR030W"
"YPR031W",2.41458579337776,-3.47472519354622,2.0677925959883,-1.68040315082252,0.0928789034328307,0.999436863219939,"YPR031W"
"YPR032W",20.9308299379078,0.83560569462871,1.95341521494306,0.42776655379592,0.668821089760861,0.999436863219939,"YPR032W"
"YPR033C",68.6916003779869,1.00922044102496,0.974805224996416,1.03530471026011,0.300526630790292,0.999436863219939,"YPR033C"
"YPR034W",23.0318095251773,-2.183462984265,1.58555712396525,-1.37709512401829,0.168482840033822,0.999436863219939,"YPR034W"
"YPR035W",88.3175420964175,0.363889835749261,0.905167812603872,0.402013671589215,0.687673964698865,0.999436863219939,"YPR035W"
"YPR036W",112.142351149087,-0.0994006185631143,0.725147301353771,-0.13707645105697,0.890970366078553,0.999436863219939,"YPR036W"
"YPR037C",6.61581974643878,-2.92968241925266,1.70757953872985,-1.71569309235917,0.0862182297257228,0.999436863219939,"YPR037C"
"YPR040W",12.423583279015,1.21722784909996,2.04541431861391,0.595100874195908,0.551776044337965,0.999436863219939,"YPR040W"
"YPR041W",71.8786892828892,-0.679151687120298,0.858725776822641,-0.79088307985026,0.429012222938157,0.999436863219939,"YPR041W"
"YPR042C",83.2978557545238,0.181128465402975,1.77041076995055,0.102308723194242,0.918511631534682,0.999436863219939,"YPR042C"
"YPR043W",0.220083150826386,1.29761867822414,4.65586215752232,0.278706420920907,0.780470134515308,0.999436863219939,"YPR043W"
"YPR044C",0.61797312186555,-0.391874988816102,0.898348832280758,-0.436216951294072,0.662679330218265,0.999436863219939,"YPR044C"
"YPR045C",14.8544477311168,-1.89847457034713,1.40140677973477,-1.35469201219822,0.175515703893855,0.999436863219939,"YPR045C"
"YPR046W",1.38805954717734,-2.18416285669889,2.97775674253406,-0.733492707950407,0.463257973749326,0.999436863219939,"YPR046W"
"YPR047W",5.7160551306127,3.46356387011133,2.56225206752463,1.35176546992016,0.176450353612312,0.999436863219939,"YPR047W"
"YPR048W",9.219522188902,-3.1253354321245,2.41788844127324,-1.29258876413617,0.196153327714469,0.999436863219939,"YPR048W"
"YPR049C",21.372744887348,1.68554357443533,2.14663905766688,0.785201204839392,0.432335609176057,0.999436863219939,"YPR049C"
"YPR051W",1.02658664289149,-0.417590067397236,1.47625833314207,-0.282870591157604,0.777276039101624,0.999436863219939,"YPR051W"
"YPR052C",10.242599659516,-0.0817257456121702,0.457447099434119,-0.178656167485308,0.85820768862708,0.999436863219939,"YPR052C"
"YPR053C",0.876460962418823,0.356822480187087,2.88505357517921,0.123679672106236,0.901568907376022,0.999436863219939,"YPR053C"
"YPR054W",1.59544414258889,0.461165159912869,5.0708567572906,0.0909442293454319,0.927536905848887,0.999436863219939,"YPR054W"
"YPR055W",17.1394361538063,-0.544351685388088,1.74797230532316,-0.311418941667643,0.755482155966617,0.999436863219939,"YPR055W"
"YPR056W",12.9895698465567,-0.939242335604848,1.85413384975103,-0.506566629874628,0.612458927553187,0.999436863219939,"YPR056W"
"YPR057W",8.51761301142605,5.49249548245138,2.24149220559569,2.45037456241866,0.0142707676325707,0.63218061878007,"YPR057W"
"YPR058W",9.58402404979391,-0.211512663853902,1.91714912391107,-0.11032666223815,0.912150312922068,0.999436863219939,"YPR058W"
"YPR059C",0.401713619869842,1.48359228625666,1.84146998601093,0.805656512203318,0.420440931011926,0.999436863219939,"YPR059C"
"YPR060C",8.6849376205455,-1.16986002614933,1.46514926702936,-0.798457913111654,0.42460480724603,0.999436863219939,"YPR060C"
"YPR061C",1.39214318395017,-3.11110270345445,5.0587442738527,-0.614995053127098,0.53855798736421,0.999436863219939,"YPR061C"
"YPR062W",58.0486110203552,0.557413521967715,0.597059063559409,0.9335986269845,0.350510973840018,0.999436863219939,"YPR062W"
"YPR063C",37.2268623747835,-0.134436164277336,0.92035782697621,-0.146069452920306,0.883866560773655,0.999436863219939,"YPR063C"
"YPR064W",0,0,0,0,1,NA,"YPR064W"
"YPR065W",12.3515848233678,-2.06406434439714,1.4161827952868,-1.45748440898065,0.144982711995286,0.999436863219939,"YPR065W"
"YPR066W",0.711646162591233,1.95470276107417,4.78161508058844,0.408795506984559,0.682689737440549,0.999436863219939,"YPR066W"
"YPR067W",31.2177071320016,0.275318466506224,1.13011892173229,0.243619022044341,0.807525894639598,0.999436863219939,"YPR067W"
"YPR068C",4.19499099887404,0.659622847421823,1.79001345861954,0.368501613351291,0.712499242373255,0.999436863219939,"YPR068C"
"YPR069C",54.3941890833611,-0.245811908708672,0.76418043878262,-0.321667365760191,0.747704703234799,0.999436863219939,"YPR069C"
"YPR070W",1.1566475308337,-0.392485231121715,4.3470101722,-0.0902885467422497,0.928057921353134,0.999436863219939,"YPR070W"
"YPR071W",1.92112216178126,1.16090511431535,4.3102888560713,0.269333483921882,0.787673067404201,0.999436863219939,"YPR071W"
"YPR072W",21.8710823510196,-3.15891075068751,0.911034975509721,-3.46738691225341,0.000525544826778628,0.0666659203671102,"YPR072W"
"YPR073C",14.094697784732,-1.89820444581149,1.12130072879573,-1.69285937042968,0.0904822385626068,0.999436863219939,"YPR073C"
"YPR074C",212.503877229562,-0.29638562685232,0.527403439246872,-0.561971357781732,0.574135533974771,0.999436863219939,"YPR074C"
"YPR075C",9.02605353091158,0.333226486804326,1.5652027046929,0.212896697536506,0.831407538322537,0.999436863219939,"YPR075C"
"YPR078C",0.0528279885059971,1.8115700695624,5.06847004417492,0.357419508011969,0.720777774686521,0.999436863219939,"YPR078C"
"YPR079W",5.69876187991122,1.11950753682997,2.26346011971708,0.494600071403027,0.620882451787573,0.999436863219939,"YPR079W"
"YPR080W",748.221359132433,-0.0606764088688479,0.182894058492481,-0.331757135081248,0.740072654016933,0.999436863219939,"YPR080W"
"YPR081C",2.7221251400748,-0.280548745784483,2.73768563448995,-0.102476610992172,0.918378376825434,0.999436863219939,"YPR081C"
"YPR082C",14.8914659377506,1.22313933888857,1.41863274508413,0.862195901742023,0.38857972454092,0.999436863219939,"YPR082C"
"YPR083W",0.4509397367886,1.04147825169025,5.05204446603911,0.206149858476362,0.83667385365316,0.999436863219939,"YPR083W"
"YPR084W",4.43175819984513,-4.92671873416034,2.4922645582823,-1.97680407474714,0.0480637809384784,0.999436863219939,"YPR084W"
"YPR085C",8.59876192089295,-2.6170339810656,2.66418579636476,-0.982301603978409,0.325951284578154,0.999436863219939,"YPR085C"
"YPR086W",53.4491952815699,2.22836245670845,1.02949389910718,2.16452225568406,0.030424290424116,0.845707773994821,"YPR086W"
"YPR087W",5.33915784736064,0.56299932929308,0.838148360212472,0.671717986956818,0.50176324829385,0.999436863219939,"YPR087W"
"YPR088C",52.9358933485166,0.750676469552652,1.14039727646367,0.658258735833246,0.510371888398553,0.999436863219939,"YPR088C"
"YPR089W",28.3959915756422,-1.07470108560822,1.27245454149123,-0.844588981818358,0.398340362958659,0.999436863219939,"YPR089W"
"YPR091C",37.7913537015428,0.445955111759894,1.30879897901322,0.340736139705828,0.733302229436804,0.999436863219939,"YPR091C"
"YPR093C",1.01785982419431,-1.26079110615459,4.0745794165154,-0.309428526793281,0.756995573177266,0.999436863219939,"YPR093C"
"YPR094W",6.29844142791062,-0.527577135344407,1.50090713328968,-0.351505515326631,0.725209135515046,0.999436863219939,"YPR094W"
"YPR095C",26.8777487231121,4.19792632873098,1.79073817855086,2.34424349634859,0.0190657196970147,0.691114032018892,"YPR095C"
"YPR096C",0.36869349524369,-0.093647941351201,5.07085675729473,-0.0184678735435551,0.985265606391324,0.999436863219939,"YPR096C"
"YPR097W",24.8351080535229,-0.548327949597117,1.32427093662644,-0.4140602458542,0.678829986006217,0.999436863219939,"YPR097W"
"YPR098C",24.4553888502049,0.0817582725814559,0.942227819095191,0.086771236132645,0.930853351605778,0.999436863219939,"YPR098C"
"YPR099C",0.204802691038865,-0.554900919899581,5.07059275231928,-0.109435118733558,0.912857380287617,0.999436863219939,"YPR099C"
"YPR100W",5.24582158988931,-2.17700676259596,1.21913639399707,-1.78569581985689,0.0741485225693073,0.999436863219939,"YPR100W"
"YPR101W",11.0219692191534,-3.70260110032265,1.63597966703477,-2.26323173504575,0.0236214079067368,0.755166744797931,"YPR101W"
"YPR102C",180.884552673895,-0.294927201187935,0.328757561948255,-0.897096326667476,0.369667518671078,0.999436863219939,"YPR102C"
"YPR103W",96.6932137970368,0.160356246475487,0.843496740825045,0.190108910579357,0.849223787782946,0.999436863219939,"YPR103W"
"YPR104C",31.6552599853323,0.725984825329419,1.31940982236565,0.550234516238294,0.58215853214572,0.999436863219939,"YPR104C"
"YPR105C",30.9798832296031,1.03482681725917,1.39755580934147,0.740454735576379,0.459024116957026,0.999436863219939,"YPR105C"
"YPR106W",26.7322218430824,-2.60274194131383,1.46201239736958,-1.78024614975675,0.0750356857469382,0.999436863219939,"YPR106W"
"YPR107C",10.0298269417159,1.18641994391612,1.57251076421848,0.754474926920934,0.450564095367801,0.999436863219939,"YPR107C"
"YPR108W",47.1409279725209,0.931094141117821,0.759660192060213,1.22567188704818,0.22032217361435,0.999436863219939,"YPR108W"
"YPR109W",12.7684635401301,-1.84465552712766,2.06303909874368,-0.894144724765998,0.371244462286339,0.999436863219939,"YPR109W"
"YPR110C",47.968523332897,-1.56559772024849,0.874018750912798,-1.79126330941233,0.0732510510077365,0.999436863219939,"YPR110C"
"YPR111W",2.82155163490918,1.3174326558671,2.93763030300424,0.448467819289511,0.653815606010174,0.999436863219939,"YPR111W"
"YPR112C",26.4857121797657,0.998319699243237,1.12130738150655,0.890317602209954,0.373295372145323,0.999436863219939,"YPR112C"
"YPR113W",71.0142863482569,1.5361952688412,0.846920245123534,1.8138606057494,0.0696991890402632,0.999436863219939,"YPR113W"
"YPR114W",51.5088520678885,0.200857297414253,1.02659562340258,0.195653763600243,0.844881176163745,0.999436863219939,"YPR114W"
"YPR115W",56.5443855188626,0.464731249221604,1.34016982571991,0.34677041692978,0.728763803533505,0.999436863219939,"YPR115W"
"YPR116W",1.00988807697983,2.55722853645179,3.06089915079904,0.835450111377969,0.403464325108967,0.999436863219939,"YPR116W"
"YPR117W",26.3925698160666,1.9173648627886,1.69718421231157,1.12973291224359,0.258588784526311,0.999436863219939,"YPR117W"
"YPR118W",33.6099788555671,0.627086245660705,1.01243802869099,0.619382350218003,0.535664505585354,0.999436863219939,"YPR118W"
"YPR119W",6.83927540456011,-0.398369159744555,2.07939797539676,-0.191579084166677,0.848071927439426,0.999436863219939,"YPR119W"
"YPR120C",13.0074393443133,1.48565186113149,1.8406573620425,0.807131132479176,0.419590937333044,0.999436863219939,"YPR120C"
"YPR121W",1.17857351691841,0.461195263253757,5.07085675729268,0.0909501658847859,0.927532188724781,0.999436863219939,"YPR121W"
"YPR122W",22.3249869817476,1.38616701883092,1.53764959411862,0.901484333057998,0.367330860108886,0.999436863219939,"YPR122W"
"YPR123C",0.472541832463173,-0.559380015496136,3.09420550463254,-0.180783084594301,0.856537840872141,0.999436863219939,"YPR123C"
"YPR124W",9.26177499358519,-4.21133619197445,1.94182332390109,-2.16875353186816,0.0301014008313264,0.842556581015812,"YPR124W"
"YPR125W",14.9283683253168,-4.12800152048093,1.98470205809405,-2.07990993088662,0.0375337949767242,0.91854560433764,"YPR125W"
"YPR126C",0.499819653028589,1.8720218517647,2.43847390817257,0.767702227811667,0.442664112334354,0.999436863219939,"YPR126C"
"YPR127W",19.9078762727158,0.472811703872035,1.52560303155625,0.309917910552214,0.756623382293177,0.999436863219939,"YPR127W"
"YPR128C",25.0039848102334,1.59302604174717,1.49967713723472,1.0622460009523,0.288124021522127,0.999436863219939,"YPR128C"
"YPR129W",16.8413249251677,1.51647931128834,0.955850871517968,1.58652291531632,0.112620738137533,0.999436863219939,"YPR129W"
"YPR130C",1.43771254917095,0.827383195362315,1.26921718823378,0.651884644356013,0.514475591612056,0.999436863219939,"YPR130C"
"YPR131C",15.3552377263492,0.993876961247566,1.63065970994461,0.60949378658612,0.542197189958393,0.999436863219939,"YPR131C"
"YPR132W",389.361620215565,0.0643960818956596,0.261203852282009,0.246535728064739,0.805267550736068,0.999436863219939,"YPR132W"
"YPR133C",14.9825744078008,-1.47309453278847,1.35771123097943,-1.08498368369966,0.277928881874795,0.999436863219939,"YPR133C"
"YPR134W",5.53345930931025,0.238771043236947,2.56910492871548,0.0929393893445722,0.925951712982896,0.999436863219939,"YPR134W"
"YPR135W",16.4369076864306,-1.29012533105643,1.93146891701465,-0.667950345817887,0.504165288660813,0.999436863219939,"YPR135W"
"YPR137W",10.1973841119205,-1.43985044086437,1.76445617208083,-0.816030720199947,0.414482565789704,0.999436863219939,"YPR137W"
"YPR138C",26.3784143461605,5.24366533219324,1.9845909819725,2.64218943844113,0.0082371969114467,0.514299679356613,"YPR138C"
"YPR139C",7.46763985977042,-0.66872646697544,2.29934537203217,-0.290833415070837,0.771178727903121,0.999436863219939,"YPR139C"
"YPR140W",18.7624083669826,-1.40525419539605,2.13700507592142,-0.65758112193072,0.510807328383923,0.999436863219939,"YPR140W"
"YPR141C",5.16776146383364,-1.87675544406611,2.01751161852787,-0.930232781229553,0.352250572472739,0.999436863219939,"YPR141C"
"YPR143W",1.21994209571457,-0.496297723986793,1.52126666373804,-0.326239794650661,0.744242935183013,0.999436863219939,"YPR143W"
"YPR144C",18.5120740084161,0.0579599144519302,1.5733062900047,0.0368395618959593,0.970612929613465,0.999436863219939,"YPR144C"
"YPR145W",221.780339027624,-0.0025497726677017,0.768186833496193,-0.00331920902119229,0.997351659230775,0.999436863219939,"YPR145W"
"YPR146C",5.65570183552466,0.357141372839864,1.36394738380469,0.261843951665957,0.79344175232536,0.999436863219939,"YPR146C"
"YPR147C",28.4748250647191,-0.39406764493635,1.6425960159315,-0.239905394335733,0.810403598891637,0.999436863219939,"YPR147C"
"YPR148C",43.3026905277604,1.53900636628591,0.822190116722482,1.87183758960871,0.0612290760731603,0.999436863219939,"YPR148C"
"YPR149W",104.399315064662,-0.603778500554957,0.744622691278772,-0.810851599913055,0.41745089791729,0.999436863219939,"YPR149W"
"YPR151C",0.512346320290624,0.356802286721995,3.83019746470007,0.093155063155454,0.925780373497392,0.999436863219939,"YPR151C"
"YPR152C",0.293116271241715,-1.37511527523659,5.06726584882772,-0.271372238256398,0.786104751841986,0.999436863219939,"YPR152C"
"YPR153W",0.076073721899498,-0.945647095678524,5.06990587492556,-0.186521627621422,0.852035720058618,0.999436863219939,"YPR153W"
"YPR154W",11.0040847795163,1.41096818454737,1.47192570084592,0.958586553476497,0.337767069186276,0.999436863219939,"YPR154W"
"YPR155C",15.1538738354504,1.37832853287038,2.64474509458522,0.521157421065772,0.602257112835566,0.999436863219939,"YPR155C"
"YPR156C",53.2017559932306,0.232908981011274,1.34028921604105,0.173775166004275,0.862042162080979,0.999436863219939,"YPR156C"
"YPR157W",1.34494549153192,-1.32222320701062,5.06185891810281,-0.261212971045466,0.793928275829677,0.999436863219939,"YPR157W"
"YPR158W",17.9124022137644,0.14112628680705,1.79598761689466,0.0785786524803901,0.937367767877897,0.999436863219939,"YPR158W"
"YPR159W",49.7919381810065,-0.0827698445809202,1.47712128653569,-0.056034562182122,0.955314273764225,0.999436863219939,"YPR159W"
"YPR160W",41.9097033127258,-0.375920741563202,2.07087388664229,-0.181527587936665,0.855953480809412,0.999436863219939,"YPR160W"
"YPR161C",18.7452426354145,0.062324238600978,1.58158239174841,0.0394062547270015,0.968566493233474,0.999436863219939,"YPR161C"
"YPR162C",2.82208413376937,1.33950312142015,2.57215569436233,0.520770622227919,0.60252657059626,0.999436863219939,"YPR162C"
"YPR163C",70.2326281523787,0.182165350808856,0.617979921405048,0.294775516969358,0.768165370463599,0.999436863219939,"YPR163C"
"YPR164W",33.5954539449728,-1.38282009722499,1.93819391733294,-0.713458072929987,0.475562348664287,0.999436863219939,"YPR164W"
"YPR165W",70.2615122282942,0.52848956793556,0.585898209396215,0.90201601482992,0.367048360520276,0.999436863219939,"YPR165W"
"YPR166C",20.2703180610071,0.504237966512505,0.977999420878967,0.515581048155761,0.606147049660275,0.999436863219939,"YPR166C"
"YPR167C",16.1025421884386,-2.47554428163274,1.7922116131173,-1.38127900941724,0.167193189653104,0.999436863219939,"YPR167C"
"YPR168W",0.824140695305931,-3.49224750779863,4.64816734683873,-0.751317077723922,0.452461853832386,0.999436863219939,"YPR168W"
"YPR169W",22.1708828823347,0.66978395255555,1.22676446591541,0.545975997157499,0.585082436698749,0.999436863219939,"YPR169W"
"YPR171W",16.8443354131531,-0.278941387356207,1.32030050890844,-0.211271135225738,0.83267570531102,0.999436863219939,"YPR171W"
"YPR172W",13.3787710383671,1.55287925591598,1.28900667251183,1.20471002131429,0.228315265995042,0.999436863219939,"YPR172W"
"YPR173C",33.0249617970322,-0.361569811571341,1.24647364891284,-0.290074171954375,0.771759494506002,0.999436863219939,"YPR173C"
"YPR174C",14.0080328318923,0.429684309336766,2.12862319810829,0.201860202274703,0.840026015538477,0.999436863219939,"YPR174C"
"YPR175W",6.2761577786682,0.747495061733689,1.5038646604904,0.497049422977955,0.619154199438426,0.999436863219939,"YPR175W"
"YPR176C",15.034098691724,0.68353866456414,1.81059944111665,0.377520642634564,0.70578672673962,0.999436863219939,"YPR176C"
"YPR178W",4.7956202278604,-1.81997635698774,2.6832338091015,-0.678277215654633,0.497595942184603,0.999436863219939,"YPR178W"
"YPR179C",1.29447779095089,0.330158391264658,3.17240081832642,0.104072092453573,0.917112137566551,0.999436863219939,"YPR179C"
"YPR180W",16.6831699017403,-0.322612615148797,1.54360086998372,-0.209000021587315,0.834448221764607,0.999436863219939,"YPR180W"
"YPR181C",57.1315787792164,-0.291548329189105,0.946158376334157,-0.308139035156772,0.757976539581414,0.999436863219939,"YPR181C"
"YPR182W",18.9473628233201,0.162817570898623,1.32770060884851,0.122631239161539,0.902399115867555,0.999436863219939,"YPR182W"
"YPR183W",252.895653869477,0.360873313883761,0.534226185951695,0.675506598840499,0.499353960326796,0.999436863219939,"YPR183W"
"YPR184W",34.8469565718349,-2.48175696600552,1.73493978289799,-1.4304571204541,0.1525858642189,0.999436863219939,"YPR184W"
"YPR185W",23.6497278407228,1.50633467704552,1.83655416031847,0.820196163876983,0.412104288491522,0.999436863219939,"YPR185W"
"YPR186C",12.804219653606,-22.6838913254824,2.22990391671182,-10.1725868794076,2.62833852215491e-24,3.13403085381752e-21,"YPR186C"
"YPR187W",32.6853205406521,0.00805170495553614,0.737767265357498,0.0109136110174725,0.991292371123349,0.999436863219939,"YPR187W"
"YPR188C",14.2293902437371,1.69399984698845,1.51285484138561,1.11973720190956,0.262825766896577,0.999436863219939,"YPR188C"
"YPR189W",13.2533580243308,2.86473229687153,1.71456379767916,1.67082280679742,0.0947566823194841,0.999436863219939,"YPR189W"
"YPR190C",19.1024074193341,1.39234063857419,1.46025045903294,0.953494402252254,0.340339631047212,0.999436863219939,"YPR190C"
"YPR191W",29.8810315279817,0.254235057261921,1.39847651529015,0.18179429864017,0.855744158993065,0.999436863219939,"YPR191W"
"YPR192W",2.83481192335581,3.93524362181269,3.80483811698115,1.03427360135232,0.301008274410591,0.999436863219939,"YPR192W"
"YPR193C",2.40089033657646,-1.26440086568301,2.65403633113432,-0.476406766120874,0.633784615238542,0.999436863219939,"YPR193C"
"YPR194C",0.663539456461117,-2.12015239184425,2.72442272161627,-0.77820243349992,0.436449682430521,0.999436863219939,"YPR194C"
"YPR195C",1.22316238992331,-1.76529929314678,3.23655469786015,-0.545425447100867,0.585460942682111,0.999436863219939,"YPR195C"
"YPR196W",3.12466036758823,-4.43183833032191,4.65254535432358,-0.952562090814102,0.340811992340501,0.999436863219939,"YPR196W"
"YPR198W",6.95748126804711,-5.43927975146261,2.90472405397124,-1.87256333145526,0.0611287088402603,0.999436863219939,"YPR198W"
"YPR199C",18.0191523549946,2.73255818313498,2.02780725407714,1.34754335139144,0.177805301191427,0.999436863219939,"YPR199C"
"YPR200C",0.423227966454031,-2.71486906100482,5.05991131457445,-0.536544791444264,0.591582088247153,0.999436863219939,"YPR200C"
"YPR201W",0.280152345662435,-2.36613584580109,5.05994267076797,-0.467621077896911,0.640055588927123,0.999436863219939,"YPR201W"
"YPR202W",0.758792151210295,1.41049035293679,3.70005598190273,0.381207841134192,0.703049031251153,0.999436863219939,"YPR202W"
"YPR204W",1.99049097773964,1.85087027784103,1.23149134758776,1.50295028987943,0.132851863270161,0.999436863219939,"YPR204W"
"YEL077C",5.43565936246264,-0.326527617766223,1.79008592486329,-0.182408907433401,0.855261835955462,0.999436863219939,"YEL077C"
"YLR390W-A",51.472878302052,-0.317636208908673,0.787279958227842,-0.403460300988315,0.686609633805731,0.999436863219939,"YLR390W-A"
"YDL045W-A",12.3060950252869,1.76739949362532,1.1763188310655,1.50248338031315,0.132972316953237,0.999436863219939,"YDL045W-A"
"YOR008C-A",0.0807642110232375,0.689718833727579,5.07085675729695,0.136016232904839,0.891808448222488,0.999436863219939,"YOR008C-A"
"YIL009C-A",6.48227302467224,-0.0342321827548849,1.21504236332104,-0.0281736536834149,0.977523650195539,0.999436863219939,"YIL009C-A"
"YPR133W-A",12.4379222655151,0.624853361766684,0.514477504049395,1.21453971621409,0.224541693189052,0.999436863219939,"YPR133W-A"
"YLR438C-A",17.8942222941208,-0.342451585038172,0.926094731411131,-0.369780297223335,0.711546196851756,0.999436863219939,"YLR438C-A"
"YFL034C-A",33.9270123554981,0.642057147212586,0.92262685006049,0.695901216369858,0.486490695511228,0.999436863219939,"YFL034C-A"
"YFR032C-A",108.415745031055,0.17170126500565,0.276047985943077,0.621997890761846,0.533943254942793,0.999436863219939,"YFR032C-A"
"YPL249C-A",1.69019157474288,0.44589726076756,0.657212941922182,0.678466950853743,0.497475671643298,0.999436863219939,"YPL249C-A"
"YCR020W-B",4.38851301017198,1.11003125585404,1.56113274574424,0.711042196046469,0.477058088144977,0.999436863219939,"YCR020W-B"
"YCL001W-A",0.282775899718159,0.970386011280718,5.07085675729479,0.191365297370064,0.848239406291413,0.999436863219939,"YCL001W-A"
"YCR028C-A",41.7680517973997,-0.390605609533952,0.672730907942446,-0.580626822585903,0.56149199064541,0.999436863219939,"YCR028C-A"
"YPL183W-A",7.36651887247165,0.675367613488893,1.51092797862629,0.446988620928793,0.654883275886071,0.999436863219939,"YPL183W-A"
"YER039C-A",0.601977962825342,-3.13463596128389,5.05868452234308,-0.619654368134424,0.535485364249493,0.999436863219939,"YER039C-A"
"YBL091C-A",14.7638734321191,-0.117942234501786,1.6486926326498,-0.0715368238846481,0.942970518395305,0.999436863219939,"YBL091C-A"
"YBL107W-A",1.91868290505347,0.12716357238521,0.710477153623346,0.178983337798678,0.857950784938417,0.999436863219939,"YBL107W-A"
"YCR018C-A",1.87356270341889,2.22956305761797,0.773956835557657,2.88073307862384,0.00396751481220839,0.337950340314031,"YCR018C-A"
"YCR102W-A",1.12117381273177,1.7790708133889,2.8152780614544,0.631934315031678,0.527429799352336,0.999436863219939,"YCR102W-A"
"YDL130W-A",20.5162644722552,0.806085056402111,0.892249126570662,0.903430479669148,0.366297469495502,0.999436863219939,"YDL130W-A"
"YDR034C-A",0.113522673425365,0.578771766952295,3.84356233619883,0.150582120524337,0.880305366306216,0.999436863219939,"YDR034C-A"
"YDR034W-B",2.34828910472404,-1.16333960577913,3.80298866495205,-0.305901412880965,0.759679710172345,0.999436863219939,"YDR034W-B"
"YDR363W-A",11.544043465463,-0.276052599940926,0.693453798567892,-0.398083622169242,0.690568546507802,0.999436863219939,"YDR363W-A"
"YDR525W-A",10.8226659304535,-0.553419988585581,1.1511808618994,-0.480741130175203,0.630700495035958,0.999436863219939,"YDR525W-A"
"YER048W-A",20.115223332583,0.198084736758269,0.929754991886237,0.213050468657776,0.831287597911563,0.999436863219939,"YER048W-A"
"YER138W-A",3.66410422024829,1.8154826287776,0.99204274130072,1.83004476843128,0.0672432447769123,0.999436863219939,"YER138W-A"
"YGR122C-A",0.768087343319701,4.08240308650731,2.07253070472913,1.96976724021122,0.048865052712721,0.999436863219939,"YGR122C-A"
"YKL033W-A",48.3427841133956,-0.67728019100962,0.953347898523578,-0.710422912830148,0.477441918612397,0.999436863219939,"YKL033W-A"
"YKL053C-A",12.4639916322643,-0.122334930490131,1.24788603868441,-0.0980337360125481,0.921905504917202,0.999436863219939,"YKL053C-A"
"YLL018C-A",5.66545280248263,-0.367067645390256,1.7018621353214,-0.215685887694385,0.829232602305289,0.999436863219939,"YLL018C-A"
"YLR262C-A",27.8867095903519,-0.416615940243466,0.416503727861854,-1.00026941507148,0.31718014430615,0.999436863219939,"YLR262C-A"
"YML081C-A",44.3412483889793,-0.087040290312218,0.645467408651158,-0.134848466623756,0.892731684945064,0.999436863219939,"YML081C-A"
"YMR046W-A",1.24494820908336,-0.241116684443705,1.08571689543111,-0.22208062291226,0.824251121909852,0.999436863219939,"YMR046W-A"
"YMR158C-A",0.866587254995519,1.51963418293229,5.07023757761094,0.299716563508318,0.764393363260009,0.999436863219939,"YMR158C-A"
"YMR194C-A",3.1253132884594,0.700748804581237,2.00871835520914,0.348853687110495,0.727199155753448,0.999436863219939,"YMR194C-A"
"YNR032C-A",8.14133860232078,1.40371866390302,1.04381627567822,1.3447947657177,0.178691521073585,0.999436863219939,"YNR032C-A"
"YOL013W-B",0.0330983356614047,0.128336315613518,5.07085675729695,0.0253086059725197,0.979808809557605,0.999436863219939,"YOL013W-B"
"YOR298C-A",77.0107177447885,0.102891759956008,0.39906739928071,0.257830532239573,0.796537699608297,0.999436863219939,"YOR298C-A"
"YPR002C-A",2.32133381563302,0.82123242957059,1.10723977822488,0.741693394439985,0.458273122894754,0.999436863219939,"YPR002C-A"
"YDR322C-A",23.810024101594,0.0538138248999817,0.791097122617003,0.068024296083851,0.945766293599176,0.999436863219939,"YDR322C-A"
"YEL020W-A",5.26830391780511,0.851285972910686,1.10661723739128,0.769268672262411,0.441733830757572,0.999436863219939,"YEL020W-A"
"YOL077W-A",7.74341903600065,-0.382077827629448,0.897432899774747,-0.425745287168933,0.670293458598931,0.999436863219939,"YOL077W-A"
"YJR135W-A",10.8431783077834,0.176499116143197,1.01935206600716,0.173148338075726,0.862534830420631,0.999436863219939,"YJR135W-A"
"YHR072W-A",30.1714681056706,0.596760454842404,0.450383723035596,1.32500448910592,0.185169662399986,0.999436863219939,"YHR072W-A"
"YML058W-A",0.768743891132989,0.959360905396312,4.81075583430138,0.199419995202403,0.841934220684306,0.999436863219939,"YML058W-A"
"YBL059C-A",7.11814384372536,-1.12234830511801,1.32710459093273,-0.845712020579476,0.397713415701749,0.999436863219939,"YBL059C-A"
"YHR132W-A",8.15741877629123,-1.18841689972296,1.30204336317754,-0.912732197200187,0.361383405877364,0.999436863219939,"YHR132W-A"
"YBR058C-A",35.0204152459648,-0.0702261422643534,0.82226457245498,-0.0854057740256083,0.931938802928549,0.999436863219939,"YBR058C-A"
"YBR085C-A",99.8126571470442,0.130224096118893,0.605984810792662,0.214896634040303,0.829847909235204,0.999436863219939,"YBR085C-A"
"YER053C-A",5.50722851409201,-0.290354868207274,1.64974703342489,-0.175999630443035,0.860294232778831,0.999436863219939,"YER053C-A"
"YMR122W-A",36.0139914095861,0.07180053396937,0.672799748123417,0.106719026232749,0.915011888055776,0.999436863219939,"YMR122W-A"
"YNR034W-A",56.0561384511947,0.402850987455302,1.37549131134851,0.292877885982684,0.769615492482862,0.999436863219939,"YNR034W-A"
"YCL057C-A",27.286014057659,-0.316845197164074,0.732116572159494,-0.432779709151357,0.66517481570886,0.999436863219939,"YCL057C-A"
"YCL026C-B",86.7898118632418,0.196697622869152,0.822374050578286,0.239182672083143,0.810963938444089,0.999436863219939,"YCL026C-B"
"YCL021W-A",6.85844649119916,5.66200303420017,2.24415440720238,2.52300065273074,0.0116358185035942,0.602504869681994,"YCL021W-A"
"YAL044W-A",7.88050751097529,0.596196300545655,0.992321478237209,0.600809630367728,0.547966789079807,0.999436863219939,"YAL044W-A"
"YBL071W-A",5.62015930010548,-1.70478106002951,1.52082164451896,-1.12096054535622,0.262304657088656,0.999436863219939,"YBL071W-A"
"YDL085C-A",1.89797319546243,-1.45421565514554,1.51175833393337,-0.961936589006186,0.33608145766267,0.999436863219939,"YDL085C-A"
"YBL029C-A",10.4880550686496,-4.264079171651,1.7451850167172,-2.44333931978856,0.0145520480067986,0.63422731247088,"YBL029C-A"
"YBL108C-A",1.0221320931443,0.735559825723823,1.41677416436168,0.519179304808418,0.603635709362516,0.999436863219939,"YBL108C-A"
"YBR191W-A",13.0191867158547,0.0966966025450618,0.303752949689752,0.318339633059781,0.750227323917819,0.999436863219939,"YBR191W-A"
"YBR233W-A",7.07046820372713,-0.557279447619385,1.76999033766281,-0.314848864291116,0.752876408715235,0.999436863219939,"YBR233W-A"
"YCL001W-B",0.355391570445503,0.461212829111335,5.0708567572937,0.0909536299655765,0.927529436196575,0.999436863219939,"YCL001W-B"
"YDL159W-A",0.613680211775911,2.19147543408577,1.7682209199299,1.23936743954633,0.215209453937581,0.999436863219939,"YDL159W-A"
"YDL185C-A",1.33428238764952,0.132437242020335,1.22010753480748,0.108545548848882,0.913562951170871,0.999436863219939,"YDL185C-A"
"YDL247W-A",0.133836454590999,0.0173502076202691,5.07085675729614,0.00342155348705226,0.997270000625417,0.999436863219939,"YDL247W-A"
"YDR079C-A",8.04478613376385,0.0449837557660277,1.47814625563591,0.0304325472493082,0.975722087919011,0.999436863219939,"YDR079C-A"
"YDR320C-A",20.5109459610238,-0.43796926593772,0.799749592886523,-0.547632996419498,0.583943927960905,0.999436863219939,"YDR320C-A"
"YDR379C-A",2.00200445136137,0.933015122720827,2.53101221929272,0.368633195687041,0.712401148936182,0.999436863219939,"YDR379C-A"
"YFR012W-A",0.17409569840524,1.45092233502875,5.06869985881129,0.286251381112358,0.774685592927499,0.999436863219939,"YFR012W-A"
"YGR271C-A",4.69683364881945,-1.12402851837024,1.37805368601265,-0.815663808877123,0.414692443589923,0.999436863219939,"YGR271C-A"
"YJL062W-A",32.7900805719083,-0.0680453080637035,0.765690111209633,-0.0888679467940442,0.929186857485999,0.999436863219939,"YJL062W-A"
"YJL127W-A",1.01597514633737,3.60687899856299,2.49277181901171,1.44693508288816,0.147915106119592,0.999436863219939,"YJL127W-A"
"YJL156W-A",0.641228700952814,1.38681811921567,3.07030270776431,0.451687749129306,0.651493945034324,0.999436863219939,"YJL156W-A"
"YKL018C-A",11.5718101959148,-0.957691876965769,1.46592195462648,-0.653303454486968,0.513560665814963,0.999436863219939,"YKL018C-A"
"YKL106C-A",0.137771936550628,0.350266985982046,5.07085675729693,0.0690745179259924,0.94493030431914,0.999436863219939,"YKL106C-A"
"YKL165C-A",0.398367421584892,-1.62788925458529,3.43927176237634,-0.47332382174432,0.635982169238639,0.999436863219939,"YKL165C-A"
"YLR099W-A",31.9691277370035,0.462909393255073,0.877887032536974,0.527299499933753,0.597985621476181,0.999436863219939,"YLR099W-A"
"YLR149C-A",1.05981038077437,0.205344204012001,1.09747240851494,0.187106484335097,0.851577144179993,0.999436863219939,"YLR149C-A"
"YLR363W-A",4.15483364843023,0.803703011053666,1.42718536502478,0.563138489750217,0.573340583913349,0.999436863219939,"YLR363W-A"
"YML007C-A",0.848842007426782,-2.11282867836796,2.65945196288128,-0.794460177456598,0.426927583225002,0.999436863219939,"YML007C-A"
"YNL162W-A",0.864338425444011,2.60617442711847,4.75602917094105,0.54797275909113,0.583710607705436,0.999436863219939,"YNL162W-A"
"YOL086W-A",4.10323859348515,-0.850279084932478,1.4203955459436,-0.59862133992234,0.549425422244234,0.999436863219939,"YOL086W-A"
"YOL159C-A",2.23552319296754,0.528391180179592,2.19207340780448,0.241046298129593,0.809519233506481,0.999436863219939,"YOL159C-A"
"YOR008W-B",1.56911433699628,0.241133785577235,3.44917065232262,0.0699106567588528,0.944264771018022,0.999436863219939,"YOR008W-B"
"YOR314W-A",0.288926138111779,-2.27019378112145,5.06166490142128,-0.44850732423713,0.653787101451826,0.999436863219939,"YOR314W-A"
"YPR016W-A",4.87734957249102,1.07742259274064,0.923320727165062,1.1668996060001,0.243250915057481,0.999436863219939,"YPR016W-A"
"YBR255C-A",12.8882513628597,0.946560866706027,1.52969447484592,0.618790799255106,0.536054184219063,0.999436863219939,"YBR255C-A"
"YDR381C-A",2.8643151283231,0.259372872289939,2.32007967685541,0.111794812427083,0.910986100822935,0.999436863219939,"YDR381C-A"
"YER074W-A",19.2841710450464,-0.0624761988626653,0.908785001510458,-0.0687469519840511,0.945191044303553,0.999436863219939,"YER074W-A"
"YKL138C-A",2.18908773101128,-3.62469454981907,1.92607921820745,-1.8819031509994,0.0598491665457823,0.999436863219939,"YKL138C-A"
"YPL096C-A",5.82848588908209,-1.92735492991803,1.86146556252719,-1.03539650086321,0.300483779183653,0.999436863219939,"YPL096C-A"
"YPR036W-A",71.299744964219,0.512731794227561,0.399385465751526,1.28380183606019,0.199211301008886,0.999436863219939,"YPR036W-A"
"YER180C-A",9.63472382046963,0.905960184509208,1.67958293475649,0.539395921309807,0.589613694773839,0.999436863219939,"YER180C-A"
"YCL005W-A",5.85336711726784,-0.0894821527596884,0.510176291146985,-0.175394573037711,0.860769604579049,0.999436863219939,"YCL005W-A"
"YNL138W-A",5.38534761388282,-1.21613756407867,1.57904446653704,-0.770173095090696,0.441197221336117,0.999436863219939,"YNL138W-A"
"YBR111W-A",6.80321670833321,2.6855816573753,1.65684214625791,1.62090375564194,0.105038281289805,0.999436863219939,"YBR111W-A"
"YIL156W-B",7.20350418950072,-1.62517272807287,1.15782862232729,-1.40363841136195,0.160426550869169,0.999436863219939,"YIL156W-B"
"YKR095W-A",10.2521653563178,-0.93064006722371,1.33170308087889,-0.698834507921624,0.484655460243436,0.999436863219939,"YKR095W-A"
"YJR112W-A",9.87043835083567,-0.713526961690319,1.31635890257528,-0.542045911866739,0.587786878040773,0.999436863219939,"YJR112W-A"
"YMR194C-B",19.8116644934638,-1.4289412742009,1.10314887020174,-1.29532949976151,0.195206586884831,0.999436863219939,"YMR194C-B"
"YPR170W-B",6.76859235209773,-0.508870874592076,0.544696695184523,-0.934227945737195,0.350186323241865,0.999436863219939,"YPR170W-B"
"YBL039W-B",1.48949447335244,0.73404492410336,2.24752549764738,0.326601377769342,0.743969401331618,0.999436863219939,"YBL039W-B"
"YCR075W-A",8.53963153499521,-0.380779966756856,1.14003798929812,-0.334006384288377,0.738374741098545,0.999436863219939,"YCR075W-A"
"YDL160C-A",5.16740099015382,-2.51591535887191,2.03088834032596,-1.23882505449221,0.215410293236492,0.999436863219939,"YDL160C-A"
"YGR169C-A",3.42963823558579,0.222239769587481,1.18453504558402,0.187617724284306,0.851176331011122,0.999436863219939,"YGR169C-A"
"YJL127C-B",8.49871128413315,0.840768840526888,1.39208552429075,0.603963496391683,0.545867911729007,0.999436863219939,"YJL127C-B"
"YJR005C-A",0.152550213462428,2.156123212379,5.06589923111839,0.425615100895523,0.670388334822307,0.999436863219939,"YJR005C-A"
"YKL068W-A",3.17701297589265,1.68388293472944,1.78500973394265,0.943346639914477,0.345503627032702,0.999436863219939,"YKL068W-A"
"YLR307C-A",0.0264310588333282,0.800692768742174,5.07085675729695,0.157900884813987,0.874534900831074,0.999436863219939,"YLR307C-A"
"YOR020W-A",9.59685744579608,0.739050476707981,1.0574427164413,0.698903557816512,0.484612303916114,0.999436863219939,"YOR020W-A"
"YPL189C-A",3.40839875874786,-0.534120005310011,2.15631362296376,-0.247700519823218,0.804366129640929,0.999436863219939,"YPL189C-A"
"YAL016C-B",2.00252580260521,3.78089794344197,1.58037975366127,2.39239836797628,0.016738663208605,0.672250780778384,"YAL016C-B"
"YBR076C-A",5.0469241477981,-0.691078485589799,1.07020563941392,-0.645743640416862,0.518445393053146,0.999436863219939,"YBR076C-A"
"YDR182W-A",0.703518919686911,-0.774836853755285,1.91800971970708,-0.403979628358515,0.686227699664563,0.999436863219939,"YDR182W-A"
"YDR183C-A",0.554343522034376,0.622062653273041,3.64124533576736,0.170837885369223,0.864351238736497,0.999436863219939,"YDR183C-A"
"YDR246W-A",0.110392172877287,-0.318169088588358,5.07082826772609,-0.0627449938727732,0.949969568026615,0.999436863219939,"YDR246W-A"
"YDR406W-A",0.793796028008874,0.696288892611903,2.36724185191864,0.294135088921128,0.768654679099275,0.999436863219939,"YDR406W-A"
"YEL050W-A",1.06963861719464,3.11707519177291,1.68703927504005,1.84766012142717,0.0646515263788174,0.999436863219939,"YEL050W-A"
"YER078W-A",0.480859456403328,-2.74596579769104,5.05980770753631,-0.542701611683991,0.587335264383159,0.999436863219939,"YER078W-A"
"YFL041W-A",0.485322220846029,1.14011063214223,5.07085675729454,0.224835897898743,0.822106938466113,0.999436863219939,"YFL041W-A"
"YGL041C-B",0.392176863978414,-3.04360788603737,5.05892114588468,-0.601631810077388,0.54741924966577,0.999436863219939,"YGL041C-B"
"YGR240C-A",2.98594965037307,3.50435926065359,1.87425057873786,1.8697389241376,0.0615200814333345,0.999436863219939,"YGR240C-A"
"YHR175W-A",19.8546103773475,-0.535774239725259,0.891459605548738,-0.601007871125538,0.547834743756307,0.999436863219939,"YHR175W-A"
"YKL183C-A",1.58331452244974,-0.54410332853639,1.16155543760178,-0.468426483078396,0.639479633094361,0.999436863219939,"YKL183C-A"
"YLR162W-A",6.77300123178966,0.782555250776415,0.791237076763147,0.989027528863728,0.322649672953397,0.999436863219939,"YLR162W-A"
"YLR222C-A",0.596219671246253,1.14370949454732,2.92507029178289,0.391002396680939,0.69579546431224,0.999436863219939,"YLR222C-A"
"YLR285C-A",6.58811973814978,1.72343921257512,0.997282224951209,1.72813589719744,0.0839638630259345,0.999436863219939,"YLR285C-A"
"YLR342W-A",16.6701330375819,0.582386688955113,0.579117121793579,1.00564577878721,0.314585994227586,0.999436863219939,"YLR342W-A"
"YML054C-A",0.176424952867451,-0.316691606354157,5.06852002330448,-0.0624820667370446,0.95017894270379,0.999436863219939,"YML054C-A"
"YMR030W-A",0.651344965402059,-1.24505500429039,2.18726065118978,-0.569230285203153,0.569199870584714,0.999436863219939,"YMR030W-A"
"YMR230W-A",1.06906732086389,-1.74504948066503,1.4517333492698,-1.20204545934194,0.229345915785625,0.999436863219939,"YMR230W-A"
"YNL130C-A",0.290898751156529,0.0760952130417729,5.07085675729447,0.0150063818963747,0.988027088939353,0.999436863219939,"YNL130C-A"
"YOL164W-A",0.50608025957682,1.92326503692938,5.06513714683997,0.379706408962541,0.704163362210901,0.999436863219939,"YOL164W-A"
"YOR011W-A",0.657183873269613,0.461190863389121,5.07085675729312,0.0909492982080033,0.927532878173276,0.999436863219939,"YOR011W-A"
"YOR072W-A",0.174164490732224,-0.84792583258421,5.07011693678754,-0.167239896664289,0.867181293454055,0.999436863219939,"YOR072W-A"
"YOR329W-A",0.255902488907245,-0.467377286505016,3.01580545716207,-0.15497594030645,0.876840284976162,0.999436863219939,"YOR329W-A"
"YOR376W-A",0.553469741614002,-1.69415057172049,4.26788591820407,-0.396953106102093,0.691402041489697,0.999436863219939,"YOR376W-A"
"YPL038W-A",0.436454400949078,-0.512933316675612,2.16014557914598,-0.237453124283597,0.812305280713636,0.999436863219939,"YPL038W-A"
"YAL037C-B",5.19843730774537,0.0733702141122946,0.296368705297516,0.247563972851453,0.80447178859079,0.999436863219939,"YAL037C-B"
"YAR035C-A",0.278461609764433,1.21191884521638,5.07064387792724,0.239006894270749,0.81110023679728,0.999436863219939,"YAR035C-A"
"YBL100W-C",0.138837131969446,1.07580712890675,5.0702375535799,0.212180813529567,0.831965974545205,0.999436863219939,"YBL100W-C"
"YBR126W-A",5.54477307478477,1.07986866117498,0.477241479061042,2.26273010321648,0.0236523319448261,0.755166744797931,"YBR126W-A"
"YBR298C-A",0.282894498355801,0.365664197524402,5.07083025031928,0.0721113071180756,0.942513327874887,0.999436863219939,"YBR298C-A"
"YDR510C-A",22.013334674824,0.597864518148237,0.430340998457017,1.38928087328856,0.164747357681691,0.999436863219939,"YDR510C-A"
"YDR524C-A",0.195519331023033,0.732765480635487,3.92804704700621,0.186547022443117,0.852015807384824,0.999436863219939,"YDR524C-A"
"YER158W-A",2.46107732286537,0.200773855653712,1.25403515233976,0.160102254932097,0.872800524911067,0.999436863219939,"YER158W-A"
"YER175W-A",0.599349868477044,-2.61253106920348,3.84129543094192,-0.680117193840221,0.496430258386734,0.999436863219939,"YER175W-A"
"YFR032C-B",0.6655021286125,3.46479550373764,1.57545952852232,2.19922850508728,0.0278616784358702,0.803888887284849,"YFR032C-B"
"YGL188C-A",0.774394882034505,-0.688937660225066,2.59575496724615,-0.265409358324744,0.790694127702159,0.999436863219939,"YGL188C-A"
"YGR146C-A",0.79555993236561,-1.00192710773569,2.94981364772163,-0.339657763977583,0.734114272079324,0.999436863219939,"YGR146C-A"
"YGR174W-A",0.750067957578131,3.07407880333417,2.66525232172835,1.15339128617312,0.248749816466976,0.999436863219939,"YGR174W-A"
"YGR204C-A",0.41292069835403,0.461200200431609,5.07085675729194,0.090951139522606,0.927531415080623,0.999436863219939,"YGR204C-A"
"YHR022C-A",0.101676132037174,0.461231547808065,5.07085675729686,0.0909573213923588,0.927526503022194,0.999436863219939,"YHR022C-A"
"YHR032C-A",0.627144013916035,-1.58144727828413,2.16400438437009,-0.730796707116869,0.464903335176554,0.999436863219939,"YHR032C-A"
"YJL077W-B",4.77717714993901,4.39026320958906,1.58029540876311,2.77812818112614,0.00546730457618381,0.397513047356194,"YJL077W-B"
"YLL066W-B",0.397217691293914,0.10396653909971,1.79767053259465,0.0578340342207487,0.953880828151075,0.999436863219939,"YLL066W-B"
"YLR120W-A",0.925040786147168,-1.84546154216593,2.42098759208263,-0.762276332270828,0.445895096550513,0.999436863219939,"YLR120W-A"
"YLR466C-B",0.389839310453939,-1.57325751733185,4.37623854641358,-0.359499945134655,0.719221118844632,0.999436863219939,"YLR466C-B"
"YMR001C-A",3.54271332133384,0.500468142304566,1.37211646970521,0.36474173538059,0.715304201349704,0.999436863219939,"YMR001C-A"
"YMR105W-A",0.0668765066146933,0.350266355574515,5.07085675729693,0.0690743936062647,0.944930403275575,0.999436863219939,"YMR105W-A"
"YMR242W-A",0.289015132217997,0.415584003312412,3.00766775043856,0.138174837713313,0.890102240920862,0.999436863219939,"YMR242W-A"
"YNL024C-A",8.97364820856422,1.23813519599777,1.34308245358444,0.921860897440374,0.356601137729145,0.999436863219939,"YNL024C-A"
"YNL097C-B",0.78458178165428,0.664930451006642,1.80350680733414,0.368687519394235,0.712360652493069,0.999436863219939,"YNL097C-B"
"YNL103W-A",2.32068178120901,-0.415265749291368,1.27051625438533,-0.326848041383202,0.743782821416167,0.999436863219939,"YNL103W-A"
"YNR075C-A",1.09682127784935,-0.204930502231534,3.64649060497045,-0.0561993775473321,0.95518297702615,0.999436863219939,"YNR075C-A"
"YOL085W-A",0.701448590386942,1.53851452243588,4.44095966001924,0.346437400971396,0.729014021378984,0.999436863219939,"YOL085W-A"
"YOR032W-A",0.0309878823937336,0.748480467788447,5.07085675729695,0.147604340570533,0.88265502934786,0.999436863219939,"YOR032W-A"
"YOR161C-C",0.426663778808202,0.0173151262246502,5.07085675729372,0.00341463524871705,0.997275520548727,0.999436863219939,"YOR161C-C"
"YAL016C-A",0.266289739200861,1.50406685892364,3.49449450858238,0.430410422803553,0.666897114831196,0.999436863219939,"YAL016C-A"
"YAL026C-A",0.835773793106148,-0.706010216161441,1.42662221813192,-0.494882392260735,0.620683140388917,0.999436863219939,"YAL026C-A"
"YAL031W-A",0.231096530308654,0.191035788906444,3.84025350605195,0.049745619294504,0.960325102498166,0.999436863219939,"YAL031W-A"
"YAL037C-A",27.9842660184035,0.222671435207736,0.204864867963284,1.08691859869132,0.277072785970725,0.999436863219939,"YAL037C-A"
"YAR019W-A",0.21259038885275,0.461216778115576,5.07085675729514,0.0909544087302506,0.927528817397117,0.999436863219939,"YAR019W-A"
"YBR109W-A",2.37541793087271,2.39714356149823,2.56463949192342,0.934690263113912,0.34994794626544,0.999436863219939,"YBR109W-A"
"YBR126W-B",3.19257557698935,0.0307646636476656,0.536672302739748,0.0573248581874078,0.9542864189385,0.999436863219939,"YBR126W-B"
"YDR524C-B",169.933747271234,0.128308922770632,0.317284182099608,0.404397477118323,0.68592045511877,0.999436863219939,"YDR524C-B"
"YDR524W-C",173.827266684926,0.1080657750896,0.302180124508749,0.357620393681685,0.720627414399572,0.999436863219939,"YDR524W-C"
"YEL034C-A",1.87837472100566,0.0866028694063532,1.06764862372989,0.0811155163613673,0.935350086078944,0.999436863219939,"YEL034C-A"
"YER006C-A",0.929713465884137,1.44059754131536,1.42439285067895,1.01137655993477,0.311836235620056,0.999436863219939,"YER006C-A"
"YER067C-A",5.35617002257569,2.35012032118444,1.40345810856023,1.67452117512461,0.0940282163685072,0.999436863219939,"YER067C-A"
"YER076W-A",0.70476686224518,3.64588628143779,4.85373488211601,0.751150684985157,0.452561975223888,0.999436863219939,"YER076W-A"
"YER087C-A",1.34540986355889,-2.01003078398363,1.88277922145698,-1.06758708672607,0.28570681112999,0.999436863219939,"YER087C-A"
"YER088C-A",2.98059301584858,-0.983246423697133,1.92427212102639,-0.510970570613826,0.60937166415528,0.999436863219939,"YER088C-A"
"YER107W-A",1.32731245057357,-3.05587135296998,2.00039507388414,-1.52763391235334,0.126603456966261,0.999436863219939,"YER107W-A"
"YER133W-A",1.62449241622159,-1.27377165503979,1.69346661815312,-0.752168151049206,0.451949944029326,0.999436863219939,"YER133W-A"
"YER145C-A",1.21215819259235,-0.895811629435917,4.21501876475508,-0.212528503295517,0.831694743235793,0.999436863219939,"YER145C-A"
"YER147C-A",3.09987258711029,0.882127976171675,1.21480214744647,0.726149503461051,0.46774712431568,0.999436863219939,"YER147C-A"
"YER148W-A",0.465228756762691,0.0791721257854011,1.40687248354656,0.0562752678095016,0.955122521033455,0.999436863219939,"YER148W-A"
"YER165C-A",0.443369403236119,-0.292907774184003,2.81768383461896,-0.103953385608863,0.917206340967624,0.999436863219939,"YER165C-A"
"YER188C-A",0.586868009045608,-1.51049579747435,2.52146068466494,-0.599055859431364,0.549135635394529,0.999436863219939,"YER188C-A"
"YFL021C-A",1.5468864108721,0.461218354248539,3.62768954113725,0.127138320139697,0.898830922455015,0.999436863219939,"YFL021C-A"
"YFR036W-A",0.456329350241731,2.00091578211816,1.17063043189673,1.70926342558527,0.0874021649145433,0.999436863219939,"YFR036W-A"
"YFR052C-A",54.0371066431536,-1.10144248550251,0.969048707586101,-1.13662241833664,0.255696164148338,0.999436863219939,"YFR052C-A"
"YGL006W-A",0.452448694492701,0.264114775028077,1.60616013536412,0.164438631748386,0.869385853733941,0.999436863219939,"YGL006W-A"
"YHL006W-A",0.927818001795245,0.125402828470857,1.8594543092838,0.0674406614052045,0.946230899734436,0.999436863219939,"YHL006W-A"
"YHL034W-A",3.41662091055716,0.0834276271576886,0.547580595222021,0.15235679986772,0.878905527942532,0.999436863219939,"YHL034W-A"
"YHL046W-A",0.210708200362133,1.36767897067442,5.06846998569548,0.269840597761131,0.787282888421239,0.999436863219939,"YHL046W-A"
"YHR063W-A",2.43911160381671,-0.485395972027674,0.864600067328546,-0.561410981064873,0.574517399844175,0.999436863219939,"YHR063W-A"
"YHR070C-A",0.62647868822135,-1.01622783821805,2.12851784656604,-0.477434492671763,0.63305275733115,0.999436863219939,"YHR070C-A"
"YHR071C-A",0.490094656590696,1.27872096833926,2.01523067766205,0.634528335893915,0.525736080438552,0.999436863219939,"YHR071C-A"
"YHR182C-A",0.565298605106672,0.262177181116643,1.22927140002569,0.213278516941958,0.831109729062793,0.999436863219939,"YHR182C-A"
"YHR218W-A",0.288662318149023,0.474318522095119,4.43263775737735,0.107005929213525,0.914784275933551,0.999436863219939,"YHR218W-A"
"YIL020C-A",2.61686772041195,0.592814540107045,1.00021114099996,0.59268939907466,0.553389037270582,0.999436863219939,"YIL020C-A"
"YIL030W-A",0.530840366521188,0.187960686669087,3.17280125983036,0.0592412418164309,0.952759961087447,0.999436863219939,"YIL030W-A"
"YIL068W-A",0.367693976111136,-1.30850955310849,2.77724342113169,-0.471154074270985,0.637530712212508,0.999436863219939,"YIL068W-A"
"YIL071W-A",0.690963719515523,1.9450294650296,2.97348147057727,0.654125302032567,0.513031081547738,0.999436863219939,"YIL071W-A"
"YIR023C-A",0.256551001426615,0.578769454895351,3.4658445177989,0.16699233099554,0.867376083174926,0.999436863219939,"YIR023C-A"
"YIR030W-A",0.046830986028357,0.461237244671026,5.07085675729694,0.0909584448441197,0.927525610337767,0.999436863219939,"YIR030W-A"
"YJL047C-A",0.56575013852672,0.663038197890634,3.13230086115586,0.211677685918703,0.832358497677508,0.999436863219939,"YJL047C-A"
"YJL133C-A",79.8558563207065,0.895429887656813,0.604054528481067,1.48236598756809,0.138242938920925,0.999436863219939,"YJL133C-A"
"YLR264C-A",51.89702231912,0.166417140613335,0.445184031929071,0.37381650885414,0.708540836214932,0.999436863219939,"YLR264C-A"
"YOL013W-A",5.52675649836879,-0.086485081034592,1.09400378563593,-0.0790537310474838,0.936989885553236,0.999436863219939,"YOL013W-A"
"YOL038C-A",0.720466931009953,1.11877994573991,2.90519473352666,0.385096369902132,0.700166017411229,0.999436863219939,"YOL038C-A"
"YAL063C-A",0.223523229246266,-2.34993408075036,5.06130947906089,-0.464293695232876,0.642437340450769,0.999436863219939,"YAL063C-A"
"YBR196C-B",0.649513057872591,1.70854441589078,3.10336324455738,0.550546062852033,0.581944892033878,0.999436863219939,"YBR196C-B"
"YBR221W-A",2.87228103173397,0.716027721641065,0.896285075962575,0.798883905181707,0.424357732287788,0.999436863219939,"YBR221W-A"
"YCR024C-B",184.603165486365,0.379499764414224,0.488699131014793,0.776550929456709,0.437423762047878,0.999436863219939,"YCR024C-B"
"YDR003W-A",8.1295307628534,1.19708324144965,1.08500771913035,1.1032946773956,0.269899217296425,0.999436863219939,"YDR003W-A"
"YDR118W-A",0.422884476338928,0.543261240297906,3.31620123523203,0.163820347971101,0.869872572719945,0.999436863219939,"YDR118W-A"
"YGL041W-A",2.92955142967456,-1.75781537787352,1.72910605965887,-1.01660356116056,0.30934205942528,0.999436863219939,"YGL041W-A"
"YGR035W-A",1.02155202943207,-0.371399325587795,2.96167922085532,-0.125401604256296,0.900205618128812,0.999436863219939,"YGR035W-A"
"YHR007C-A",3.70235275805354,-1.10987521602216,0.793797788893844,-1.3981838089632,0.162057877553401,0.999436863219939,"YHR007C-A"
"YHR032W-A",0.713159558399558,-1.1980847641119,2.17622201963583,-0.550534253077906,0.581952989805529,0.999436863219939,"YHR032W-A"
"YHR050W-A",2.30343831997854,-0.656211019168292,1.37368538845572,-0.477701098579783,0.632862962298663,0.999436863219939,"YHR050W-A"
"YIL002W-A",16.2245776620786,-0.781833371046414,0.598727598981676,-1.30582483983729,0.191612130770925,0.999436863219939,"YIL002W-A"
"YIL046W-A",0.0243007032544871,0.461239994685746,5.07085675729695,0.0909589871616907,0.92752517941725,0.999436863219939,"YIL046W-A"
"YIR018C-A",1.60231972095381,2.39177283326324,1.85854928411816,1.28690309893938,0.198128065033502,0.999436863219939,"YIR018C-A"
"YLR361C-A",10.6985378983594,0.89229225341556,1.5930170527248,0.56012724527294,0.575392647861614,0.999436863219939,"YLR361C-A"
"YMR175W-A",3.78198113407766,0.461278908401082,1.93912649275084,0.237879741278102,0.811974368668334,0.999436863219939,"YMR175W-A"
"YMR247W-A",0.935604731351464,0.461185890335176,5.07085675729265,0.090948317495248,0.927533657439247,0.999436863219939,"YMR247W-A"
"YNL042W-B",0.104830364235974,-0.694145503441039,5.0704046969181,-0.136901400368092,0.891108731926028,0.999436863219939,"YNL042W-B"
"YNL146C-A",0.0511826490936683,0.630964840201341,5.07085675729695,0.124429631993328,0.900975112717332,0.999436863219939,"YNL146C-A"
"YNL277W-A",0.0278274555617498,0.630964458506021,5.07085675729695,0.124429556720975,0.90097517231284,0.999436863219939,"YNL277W-A"
"YOL097W-A",0.868846062432151,1.839417116595,1.84298729430336,0.998062831078977,0.318248892222027,0.999436863219939,"YOL097W-A"
"YOL155W-A",0.459802155733586,0.23926222384039,5.07085675729408,0.0471837867429854,0.962366749434047,0.999436863219939,"YOL155W-A"
"YOR034C-A",0.990637837009823,-1.08643277146982,2.25629251854719,-0.481512375961502,0.630152385985803,0.999436863219939,"YOR034C-A"
"YOR192C-C",2.34406276010503,-0.128044165351929,1.05299824856387,-0.121599599549725,0.90321613064941,0.999436863219939,"YOR192C-C"
"YOR293C-A",0.521519754439516,-0.296224722593789,1.03758207399945,-0.285495220105303,0.775264765901619,0.999436863219939,"YOR293C-A"
"YPL119C-A",3.76897446982141,-1.23706246223826,2.89670429263083,-0.427058593928739,0.669336650583137,0.999436863219939,"YPL119C-A"
"YHR199C-A",3.16327465878755,-0.155597196472417,2.1828922874341,-0.0712802905430187,0.943174681191596,0.999436863219939,"YHR199C-A"
"YCL012C",4.90211426614508,3.31979875951404,2.08914680073506,1.58906916371122,0.112044778684672,0.999436863219939,"YCL012C"
"YBR230W-A",8.94573486574261,-0.045613182595513,1.54721076627547,-0.0294809108039724,0.976481043295796,0.999436863219939,"YBR230W-A"
"YCR095W-A",0.689044668103765,0.239255121545228,5.070856757291,0.0471823861325251,0.962367865716259,0.999436863219939,"YCR095W-A"
"YGR161W-C",5.88816589241658,-0.746082470376218,1.96085586819007,-0.380488174821781,0.703583072817704,0.999436863219939,"YGR161W-C"
"YBR201C-A",1.05341707982393,-0.551697219363351,2.99000987897823,-0.184513510554648,0.853610629229309,0.999436863219939,"YBR201C-A"
"YGL194C-A",9.32906343899443,-2.54418574283417,1.90304934088821,-1.33689951604025,0.181255438834477,0.999436863219939,"YGL194C-A"
"YDR461C-A",4.13063460526742,-2.7245906680053,2.11178994996864,-1.29018071520123,0.196987920282918,0.999436863219939,"YDR461C-A"
"YDR374W-A",5.11468054788068,-2.55854874497968,1.7330312531891,-1.47634310706831,0.13985180742366,0.999436863219939,"YDR374W-A"
"YDR119W-A",0.244747553162444,0.461218314256422,5.07085675729437,0.090954711665433,0.927528576687537,0.999436863219939,"YDR119W-A"
"YKL023C-A",4.01243472586145,0.569813914545916,1.19162175693401,0.478183543754708,0.632519574129465,0.999436863219939,"YKL023C-A"
"YKL065W-A",0.514135717852848,-1.73230587741333,4.61573674357778,-0.375304306473634,0.707434163745924,0.999436863219939,"YKL065W-A"
"YLR146W-A",2.6839908143621,0.276155201795692,1.43681927210216,0.192198982264248,0.847586343076744,0.999436863219939,"YLR146W-A"
"YIL102C-A",1.56690799725516,-0.335859782646958,2.83805858343365,-0.11834138470835,0.905797167511222,0.999436863219939,"YIL102C-A"
"YPR145C-A",0.909961833310391,3.26736865695397,3.59633166958105,0.908528177362072,0.363599233602476,0.999436863219939,"YPR145C-A"
"YDR014W-A",0.482288818230094,0.239258487540694,5.07085675729267,0.0471830499247693,0.962367336675881,0.999436863219939,"YDR014W-A"
"YPR010C-A",4.37830480844335,0.877503321115003,1.67412930139432,0.524155046079275,0.600170704852565,0.999436863219939,"YPR010C-A"
